Weight_dn9.1,Weight_dn9.2,Weight_dn9.3,Weight_un9.1,Weight_un9.2,Weight_un9.3,Weight_dn12,Weight_un12,Weight_dn15,Weight_un15,Weight_dn18,Weight_un18,Weight_dn21,Weight_un21,Weight_dn24,Weight_un24,Weight_dn27,Weight_un27
1.13,0.92,0.59,1.45,0.58,0.87,0.76,0.85,0.92,0.89,0.55,0.68,0.73,1.38,2.14,0.88,,1.47
1.48,1.62,1.3,1.91,1.59,1.79,1.36,1.53,1.92,1.47,1.49,1.29,1.48,2.25,2.18,1.47,1.4,2.28
1.33,1.52,1.47,1.88,1.97,1.97,1.45,1.49,2.16,1.53,1.9,1.45,1.57,2.39,2.07,1.38,1.4,2.4
1.17,1.32,1.4,1.67,1.91,1.85,1.35,1.24,2.07,1.17,1.87,1.36,1.37,2.23,1.81,1.11,1.4,2.22
1.15,1.24,1.19,1.43,1.66,1.55,1.14,1.14,1.78,1.1,1.46,1.11,1.23,1.86,1.67,0.98,1.4,2.01
1.18,1.26,1.09,1.41,1.44,1.43,1.08,1.16,1.62,1.12,1.46,1.01,1.24,1.75,1.68,0.99,1.4,2
1.19,1.28,1.12,1.44,1.47,1.46,1.09,1.19,1.67,1.15,1.49,1.03,1.27,1.79,1.71,1.01,1.4,2.05
1.2,1.29,1.13,1.47,1.48,1.47,1.11,1.2,1.68,1.16,1.51,1.07,1.28,1.83,1.72,1.06,1.4,2.11
1.23,1.3,1.14,1.49,1.5,1.5,1.13,1.21,1.69,1.17,1.53,1.1,1.3,1.95,1.82,1.22,1.4,2.16
1.26,1.34,1.15,1.52,1.53,1.55,1.15,1.24,1.72,1.21,1.57,1.15,1.34,2.04,1.83,1.29,1.4,2.23
1.27,1.35,1.17,1.54,1.56,1.57,1.17,1.27,1.75,1.23,1.6,1.17,1.36,2.05,1.81,1.22,1.41,2.24
1.26,1.34,1.18,1.53,1.57,1.56,1.17,1.26,1.76,1.21,1.6,1.17,1.34,2.03,1.79,1.19,1.41,2.23
1.25,1.33,1.17,1.52,1.56,1.54,1.16,1.25,1.74,1.2,1.58,1.16,1.33,2.02,1.78,1.17,1.41,2.22
1.25,1.33,1.17,1.51,1.54,1.53,1.16,1.24,1.73,1.2,1.58,1.16,1.33,2.02,1.78,1.17,1.41,2.22
1.25,1.33,1.17,1.51,1.54,1.52,1.16,1.24,1.73,1.2,1.58,1.16,1.33,2.02,1.77,1.17,1.41,2.22
1.25,1.33,1.17,1.51,1.54,1.52,1.16,1.24,1.73,1.2,1.58,1.16,1.33,2.03,1.77,1.17,1.41,2.23
1.26,1.33,1.17,1.51,1.54,1.52,1.15,1.24,1.73,1.2,1.59,1.16,1.33,2.01,1.77,1.17,1.41,2.23
1.26,1.33,1.17,1.51,1.54,1.52,1.16,1.24,1.73,1.21,1.59,1.17,1.33,2.01,1.78,1.23,1.41,2.23
1.26,1.34,1.17,1.51,1.54,1.52,1.16,1.24,1.73,1.21,1.59,1.17,1.34,2.02,1.78,1.3,1.41,2.24
1.26,1.34,1.17,1.51,1.54,1.52,1.16,1.24,1.73,1.21,1.59,1.17,1.34,2.03,1.78,1.26,1.4,2.24
1.27,1.34,1.17,1.51,1.54,1.53,1.16,1.24,1.73,1.21,1.59,1.18,1.34,2.04,1.78,1.24,1.4,2.25
1.27,1.34,1.17,1.51,1.54,1.52,1.16,1.24,1.73,1.21,1.6,1.18,1.34,2.05,1.78,1.23,1.4,2.25
1.27,1.34,1.17,1.51,1.54,1.53,1.16,1.24,1.73,1.21,1.6,1.18,1.34,2.05,1.77,1.22,1.4,2.25
1.27,1.34,1.17,1.51,1.54,1.53,1.16,1.24,1.73,1.21,1.61,1.18,1.34,2.06,1.77,1.21,1.4,2.26
1.27,1.34,1.17,1.51,1.54,1.53,1.16,1.24,1.74,1.21,1.61,1.19,1.34,2.07,1.79,1.23,1.4,2.26
1.27,1.34,1.17,1.51,1.54,1.53,1.16,1.23,1.74,1.22,1.61,1.19,1.34,2.08,1.83,1.31,1.4,2.27
1.28,1.34,1.17,1.51,1.54,1.53,1.16,1.24,1.74,1.22,1.61,1.19,1.34,2.09,1.81,1.34,1.4,2.27
1.28,1.34,1.18,1.51,1.54,1.53,1.16,1.24,1.74,1.22,1.61,1.2,1.34,2.09,1.8,1.28,1.4,2.27
1.28,1.34,1.18,1.51,1.54,1.53,1.16,1.24,1.74,1.22,1.61,1.2,1.34,2.1,1.79,1.26,0.6,2.28
1.28,1.34,1.17,1.51,1.54,1.53,1.16,1.24,1.74,1.22,1.62,1.2,1.34,2.1,1.78,1.25,1.26,2.28
1.28,1.34,1.17,1.51,1.54,1.53,1.16,1.24,1.74,1.22,1.62,1.2,1.34,2.1,1.78,1.24,1.42,2.28
1.28,1.34,1.18,1.51,1.54,1.53,1.16,1.24,1.74,1.22,1.62,1.2,1.34,2.11,1.78,1.26,1.39,2.28
1.28,1.34,1.18,1.51,1.55,1.53,1.16,1.24,1.74,1.23,1.62,1.21,1.34,2.11,1.78,1.34,1.27,2.29
1.29,1.35,1.18,1.51,1.55,1.53,1.16,1.24,1.74,1.23,1.62,1.21,1.35,2.12,1.78,1.36,1.14,2.29
1.29,1.35,1.18,1.51,1.55,1.53,1.16,1.24,1.74,1.23,1.62,1.21,1.35,2.12,1.77,1.32,1.14,2.29
1.29,1.35,1.18,1.51,1.55,1.53,1.16,1.24,1.74,1.23,1.63,1.21,1.35,2.13,1.78,1.28,1.16,2.29
1.29,1.35,1.18,1.51,1.55,1.53,1.16,1.24,1.74,1.23,1.63,1.21,1.35,2.13,1.79,1.27,1.18,2.3
1.29,1.35,1.18,1.51,1.55,1.53,1.16,1.24,1.74,1.23,1.63,1.21,1.35,2.14,1.81,1.26,1.18,2.3
1.29,1.35,1.18,1.51,1.55,1.53,1.16,1.24,1.74,1.23,1.63,1.22,1.35,2.14,1.81,1.31,1.19,2.3
1.29,1.35,1.18,1.51,1.55,1.53,1.17,1.24,1.74,1.23,1.63,1.22,1.35,2.14,1.8,1.37,1.19,2.3
1.29,1.35,1.18,1.51,1.55,1.53,1.17,1.24,1.74,1.23,1.63,1.22,1.35,2.15,1.79,1.36,1.2,2.3
1.29,1.35,1.18,1.51,1.55,1.53,1.17,1.24,1.74,1.23,1.63,1.22,1.35,2.15,1.79,1.32,1.21,2.31
1.3,1.35,1.18,1.51,1.55,1.53,1.17,1.24,1.75,1.23,1.64,1.22,1.35,2.15,1.77,1.3,1.21,2.31
1.3,1.35,1.18,1.51,1.55,1.53,1.17,1.24,1.75,1.24,1.64,1.22,1.35,2.16,1.77,1.29,1.22,2.31
1.3,1.35,1.18,1.51,1.55,1.53,1.17,1.24,1.75,1.24,1.64,1.23,1.35,2.16,1.77,1.3,1.21,2.32
1.3,1.35,1.18,1.51,1.55,1.53,1.17,1.24,1.75,1.24,1.64,1.23,1.35,2.17,1.78,1.38,1.21,2.32
1.3,1.35,1.18,1.51,1.55,1.53,1.17,1.24,1.75,1.24,1.64,1.23,1.35,2.17,1.79,1.39,1.21,2.32
1.3,1.35,1.18,1.51,1.55,1.53,1.17,1.24,1.75,1.24,1.64,1.23,1.35,2.17,1.8,1.36,1.22,2.32
1.3,1.35,1.18,1.51,1.55,1.53,1.17,1.24,1.75,1.24,1.64,1.23,1.35,2.18,1.81,1.33,1.22,2.32
1.3,1.35,1.18,1.51,1.55,1.53,1.17,1.24,1.75,1.24,1.64,1.23,1.35,2.18,1.8,1.31,1.22,2.32
1.3,1.35,1.18,1.51,1.55,1.53,1.17,1.24,1.75,1.24,1.71,1.24,1.35,2.18,1.79,1.3,1.22,2.33
1.31,1.35,1.18,1.51,1.55,1.53,1.17,1.24,1.75,1.24,2.17,1.24,1.36,2.19,1.77,1.29,1.22,2.33
1.31,1.35,1.18,1.51,1.55,1.53,1.17,1.24,1.75,1.3,2.98,1.24,1.41,2.19,1.77,1.41,1.23,2.33
1.31,1.35,1.18,1.51,1.55,1.53,1.18,1.24,1.75,1.73,3.32,1.29,2.46,2.19,1.77,1.41,1.23,2.33
1.31,1.35,1.18,1.51,1.55,1.53,1.18,1.24,1.77,2.93,3.3,1.74,2.72,2.19,1.77,1.36,1.23,2.33
1.31,1.36,1.18,1.51,1.55,1.54,1.18,1.24,2.03,2.95,2.97,2.74,2.69,2.21,1.77,1.34,1.23,2.34
1.31,1.36,1.18,1.51,1.55,1.53,1.18,1.24,2.79,2.75,2.98,3.31,2.53,2.44,1.78,1.32,1.23,2.34
1.31,1.36,1.18,1.51,1.55,1.54,1.18,1.24,3.3,2.58,3.01,3.34,2.41,3.4,1.79,1.31,1.23,2.34
1.31,1.36,1.18,1.51,1.55,1.53,1.18,1.24,3.18,2.59,3.04,2.91,2.42,4.35,1.8,1.3,1.22,2.34
1.31,1.36,1.18,1.51,1.55,1.53,1.19,1.24,2.98,2.63,3.11,2.91,2.45,4.44,1.78,1.34,1.22,2.34
1.31,1.36,1.18,1.51,1.55,1.53,1.19,1.24,2.95,2.67,3.18,2.95,2.47,4.14,1.78,1.41,1.22,2.36
1.31,1.36,1.19,1.51,1.55,1.54,1.19,1.24,2.98,2.75,3.19,2.99,2.5,4.03,1.89,1.39,1.22,2.59
1.32,1.36,1.19,1.51,1.55,1.54,1.19,1.24,3.01,2.89,3.18,3.05,2.58,4.07,2.41,1.61,1.22,3.32
1.32,1.36,1.19,1.51,1.55,1.53,1.19,1.24,3.05,2.88,3.14,3.16,2.57,4.11,2.78,2.34,1.22,3.9
1.32,1.36,1.19,1.51,1.55,1.53,1.19,1.25,3.12,2.88,3.11,3.2,2.56,4.15,2.77,2.99,1.22,4.01
1.32,1.36,1.19,1.51,1.55,1.54,1.22,1.37,3.14,2.87,3.11,3.18,2.56,4.24,2.68,3.13,1.22,3.94
1.32,1.36,1.19,1.51,1.55,1.54,1.55,1.94,3.13,2.82,3.12,3.18,2.56,4.32,2.51,3.05,1.22,3.71
1.32,1.36,1.19,1.51,1.55,1.54,2.51,2.56,3.13,2.82,3.14,3.11,2.56,4.3,2.42,2.83,1.21,3.68
1.32,1.36,1.19,1.51,1.55,1.54,2.49,2.7,3.1,2.84,3.15,3.09,2.57,4.29,2.43,2.71,1.21,3.72
1.32,1.36,1.19,1.51,1.55,1.54,2.34,2.59,3.08,2.87,3.15,3.11,2.57,4.29,2.45,2.7,1.21,3.76
1.32,1.36,1.19,1.51,1.55,1.54,2.22,2.24,3.08,2.89,3.16,3.13,2.58,4.28,2.52,2.75,1.21,3.84
1.34,1.36,1.19,1.51,1.55,1.53,2.22,2.27,3.09,2.91,3.16,3.15,2.58,4.26,2.6,2.94,1.21,3.91
1.57,1.36,1.19,1.51,1.55,1.53,2.24,2.3,3.1,2.92,3.17,3.16,2.59,4.26,2.59,3.04,1.21,3.91
2.15,1.36,1.19,1.51,1.56,1.54,2.26,2.33,3.11,2.93,3.17,3.17,2.59,4.27,2.55,3,1.21,3.89
2.52,1.36,1.19,1.51,2.26,1.53,2.29,2.41,3.11,2.93,3.18,3.18,2.59,4.28,2.53,2.94,1.21,3.89
2.56,1.36,1.19,1.77,3.15,1.54,2.34,2.48,3.12,2.94,3.18,3.19,2.6,4.29,2.52,2.91,1.21,3.85
2.5,1.36,1.19,2.59,3.44,1.54,2.35,2.47,3.12,2.95,3.18,3.19,2.6,4.31,2.49,2.89,1.21,3.84
2.35,1.36,1.19,3.24,3.37,1.54,2.34,2.45,3.12,2.95,3.18,3.2,2.61,4.31,2.48,2.88,1.21,3.85
2.3,1.36,1.19,3.28,3.12,1.54,2.33,2.39,3.12,2.96,3.18,3.2,2.61,4.32,2.48,2.93,1.21,3.87
2.35,1.36,1.19,3.12,2.96,1.53,2.32,2.36,3.12,2.97,3.19,3.2,2.62,4.32,2.48,3.04,1.21,3.89
2.36,1.36,1.19,2.85,2.97,1.53,2.31,2.37,3.13,2.98,3.19,3.21,2.63,4.32,2.48,3.03,1.21,3.89
2.41,1.36,1.19,2.8,3,1.56,2.3,2.39,3.13,2.99,3.19,3.21,2.63,4.33,2.48,2.98,1.2,3.9
2.47,1.41,1.19,2.83,3.03,2.69,2.3,2.4,3.13,2.99,3.19,3.21,2.64,4.33,2.49,2.94,1.2,3.91
2.47,1.78,1.19,2.85,3.18,3.35,2.31,2.41,3.13,3,3.2,3.22,2.64,4.33,2.53,2.92,1.2,3.91
2.46,2.45,1.19,2.98,3.19,3.42,2.32,2.41,3.13,3,3.2,3.22,2.64,4.34,2.55,2.9,1.2,3.92
2.46,2.7,1.19,3.03,3.17,3.26,2.32,2.42,3.13,3.01,3.2,3.23,2.65,4.34,2.51,2.96,1.2,3.92
2.46,2.5,1.19,3.02,3.16,3,2.32,2.42,3.13,3.01,3.2,3.23,2.65,4.34,2.5,3.06,1.2,3.92
2.42,2.38,1.19,3,3.13,2.95,2.32,2.42,3.13,3.02,3.2,3.23,2.66,4.35,2.49,2.99,1.29,3.93
2.42,2.39,1.19,2.98,3.08,2.98,2.33,2.42,3.14,3.02,3.21,3.24,2.66,4.35,2.49,2.96,1.65,3.93
2.43,2.41,1.19,2.93,3.07,3,2.33,2.43,3.14,3.03,3.21,3.24,2.66,4.35,2.49,2.93,2.03,3.94
2.44,2.43,1.19,2.9,3.08,3.13,2.32,2.43,3.14,3.03,3.21,3.24,2.67,4.36,2.49,2.93,2.09,3.94
2.45,2.47,1.19,2.91,3.1,3.18,2.32,2.43,3.14,3.04,3.21,3.25,2.67,4.36,2.51,3.02,2.04,3.94
2.45,2.53,1.19,2.94,3.12,3.16,2.33,2.44,3.14,3.04,3.21,3.26,2.67,4.36,2.54,3.08,1.95,3.95
2.46,2.54,1.22,2.95,3.12,3.15,2.33,2.44,3.14,3.05,3.21,3.26,2.67,4.37,2.51,3.03,1.91,3.95
2.46,2.53,1.52,2.95,3.12,3.14,2.33,2.44,3.14,3.05,3.22,3.26,2.67,4.37,2.5,2.99,1.91,3.95
2.46,2.52,2.18,2.95,3.12,3.09,2.33,2.44,3.14,3.05,3.22,3.27,2.68,4.37,2.49,2.94,1.92,3.95
2.47,2.51,2.53,2.95,3.12,3.06,2.33,2.45,3.14,3.06,3.22,3.27,2.68,4.37,2.49,2.99,1.92,3.95
2.47,2.49,2.53,2.96,3.12,3.06,2.33,2.45,3.14,3.06,3.22,3.27,2.68,4.37,2.48,3.09,1.94,3.96
2.47,2.48,2.36,2.96,3.13,3.07,2.33,2.45,3.14,3.07,3.22,3.28,2.68,4.38,2.49,3.08,1.95,3.96
2.47,2.49,2.22,2.96,3.13,3.1,2.33,2.45,3.14,3.07,3.22,3.28,2.68,4.38,2.51,3.02,1.94,3.96
2.47,2.5,2.24,2.96,3.13,3.1,2.33,2.45,3.15,3.07,3.22,3.28,2.69,4.38,2.53,2.99,1.93,3.96
2.48,2.5,2.26,2.96,3.13,3.1,2.33,2.45,3.15,3.08,3.22,3.29,2.69,4.39,2.52,2.96,1.92,3.97
2.48,2.51,2.31,2.96,3.13,3.1,2.34,2.45,3.15,3.08,3.23,3.29,2.69,4.39,2.5,2.95,1.92,3.97
2.49,2.51,2.37,2.96,3.13,3.1,2.34,2.45,3.15,3.08,3.23,3.3,2.69,4.39,2.49,3.04,1.92,3.97
2.5,2.51,2.38,2.96,3.13,3.1,2.34,2.45,3.15,3.09,3.23,3.3,2.69,4.39,2.49,3.06,1.91,3.98
2.5,2.52,2.37,2.96,3.13,3.1,2.34,2.45,3.15,3.09,3.23,3.3,2.69,4.39,2.48,3.01,1.91,3.98
2.5,2.52,2.35,2.96,3.13,3.1,2.35,2.45,3.15,3.1,3.75,3.3,2.7,4.4,2.49,2.98,1.91,3.98
2.49,2.52,2.31,2.96,3.13,3.11,2.35,2.45,3.15,3.1,4.41,3.3,2.7,4.4,2.52,2.96,1.9,3.98
2.48,2.52,2.29,2.96,3.13,3.11,2.35,2.45,3.15,3.1,4.65,3.3,2.7,4.4,2.53,3,1.9,3.98
2.47,2.52,2.31,2.97,3.14,3.11,2.35,2.45,3.15,3.1,4.64,3.3,2.76,4.4,2.52,3.1,1.9,3.98
2.47,2.52,2.32,2.97,3.14,3.11,2.36,2.45,3.15,3.11,4.52,3.3,3.06,4.41,2.49,3.09,1.9,3.99
2.48,2.52,2.33,2.97,3.14,3.11,2.36,2.45,3.15,3.11,4.38,3.3,3.57,4.41,2.49,3.04,1.89,3.99
2.48,2.52,2.33,2.97,3.14,3.11,2.35,2.45,3.15,3.11,4.37,3.31,3.81,4.41,2.48,2.97,1.89,3.99
2.48,2.53,2.33,2.97,3.14,3.11,2.35,2.45,3.16,3.11,4.39,3.31,3.74,4.41,2.48,2.98,1.89,3.99
2.48,2.53,2.33,2.97,3.14,3.11,2.35,2.45,3.26,3.12,4.43,3.31,3.6,4.41,2.5,3.08,1.89,3.99
2.48,2.53,2.33,2.97,3.14,3.11,2.35,2.45,3.7,3.12,4.47,3.38,3.58,4.41,2.52,3.12,1.88,3.99
2.49,2.53,2.33,2.97,3.14,3.11,2.35,2.45,4.41,3.12,4.55,3.84,3.6,4.42,2.52,3.06,1.88,3.99
2.49,2.53,2.33,2.97,3.14,3.11,2.35,2.45,4.41,3.13,4.57,4.53,3.62,4.42,2.51,3.02,1.88,3.99
2.49,2.53,2.34,2.98,3.14,3.11,2.35,2.45,4.27,3.26,4.56,4.94,3.64,4.42,2.49,2.99,1.88,4
2.49,2.53,2.34,2.98,3.14,3.11,2.35,2.45,4.17,3.84,4.55,4.77,3.66,4.42,2.48,2.98,1.88,4
2.49,2.53,2.34,2.98,3.14,3.11,2.35,2.45,4.18,4.52,4.51,4.57,3.72,4.43,2.48,3.05,1.87,4
2.49,2.53,2.34,2.98,3.14,3.11,2.35,2.45,4.2,4.76,4.48,4.56,3.74,4.43,2.5,3.09,1.87,4
2.5,2.53,2.34,2.98,3.14,3.12,2.35,2.45,4.23,4.55,4.48,4.6,3.73,4.43,2.53,3.04,1.87,4
2.5,2.53,2.34,2.98,3.14,3.12,2.35,2.49,4.25,4.41,4.51,4.63,3.72,4.43,2.53,3.01,1.87,4
2.5,2.53,2.35,2.98,3.14,3.12,2.35,2.83,4.31,4.43,4.52,4.66,3.69,4.43,2.52,2.98,1.86,4
2.5,2.54,2.35,2.98,3.14,3.12,2.35,3.45,4.38,4.47,4.52,4.75,3.67,4.52,2.69,3.01,1.86,4.01
2.5,2.54,2.35,2.98,3.14,3.12,2.35,3.81,4.37,4.5,4.53,4.9,3.67,5,3.11,3.12,1.86,4.01
2.51,2.54,2.35,2.99,3.14,3.12,2.35,3.83,4.36,4.54,4.54,4.88,3.68,5.95,3.33,3.12,1.86,4.01
2.51,2.54,2.35,2.99,3.14,3.12,2.35,3.7,4.31,4.62,4.55,4.86,3.69,5.93,3.26,3.06,1.86,4.01
2.52,2.54,2.35,2.99,3.14,3.12,2.42,3.51,4.3,4.71,4.56,4.79,3.7,5.79,3.15,3,1.86,4.01
2.51,2.54,2.35,2.99,3.15,3.12,2.81,3.51,4.31,4.72,4.56,4.77,3.71,5.57,3.09,3.02,1.85,4.01
2.51,2.54,2.35,2.99,3.15,3.12,3.38,3.54,4.33,4.69,4.56,4.78,3.71,5.55,3.09,3.4,1.85,4.01
2.51,2.54,2.35,2.99,3.15,3.12,3.61,3.56,4.34,4.62,4.56,4.81,3.71,5.59,3.09,4.18,1.85,4.01
2.51,2.54,2.35,2.99,3.15,3.12,3.61,3.62,4.35,4.6,4.56,4.83,3.72,5.62,3.09,4.75,1.85,4.01
2.51,2.54,2.35,2.99,3.15,3.12,3.48,3.71,4.37,4.62,4.56,4.84,3.72,5.65,3.11,4.81,1.85,4.01
2.51,2.54,2.35,2.99,3.15,3.12,3.37,3.73,4.38,4.65,4.56,4.87,3.72,5.81,3.19,4.74,1.85,4.02
2.51,2.54,2.35,2.99,3.15,3.12,3.38,3.72,4.39,4.67,4.57,4.89,3.72,5.85,3.19,4.59,1.84,4.02
2.51,2.54,2.35,2.99,3.15,3.12,3.4,3.69,4.39,4.68,4.57,4.91,3.72,5.83,3.17,4.45,1.84,4.02
2.51,2.54,2.35,2.99,3.15,3.12,3.42,3.61,4.39,4.69,4.57,4.92,3.72,5.82,3.16,4.38,1.84,4.02
2.52,2.55,2.35,2.99,3.15,3.12,3.46,3.62,4.39,4.72,4.57,4.91,3.73,5.8,3.14,4.37,1.84,4.02
2.52,2.55,2.35,2.99,3.15,3.12,3.52,3.64,4.39,4.73,4.57,4.91,3.73,5.74,3.13,4.47,1.84,4.02
2.52,2.55,2.35,2.99,3.15,3.12,3.53,3.66,4.4,4.74,4.57,4.91,3.73,5.73,3.13,4.69,1.83,4.02
2.52,2.55,2.36,2.99,3.15,3.12,3.52,3.67,4.4,4.74,4.57,4.92,3.73,5.74,3.12,4.75,1.83,4.02
2.52,2.55,2.36,2.99,3.15,3.13,3.51,3.67,4.4,4.74,4.57,4.92,3.73,5.76,3.12,4.68,1.83,4.15
2.52,2.55,2.36,2.99,3.15,3.13,3.45,3.68,4.41,4.74,4.58,4.93,3.73,5.79,3.13,4.62,1.83,4.63
2.52,2.55,2.36,2.99,3.15,3.13,3.45,3.7,4.41,4.75,4.58,4.93,3.73,5.8,3.18,4.58,1.83,5.17
2.52,2.55,2.36,2.99,3.15,3.13,3.46,3.71,4.41,4.75,4.58,4.93,3.73,5.8,3.15,4.55,1.83,5.36
2.52,2.55,2.36,2.99,3.15,3.13,3.47,3.71,4.41,4.75,4.58,4.94,3.73,5.81,3.14,4.68,1.97,5.35
2.6,2.55,2.36,2.99,3.15,3.13,3.48,3.71,4.41,4.76,4.58,4.94,3.73,5.81,3.13,4.75,2.22,5.19
2.97,2.55,2.36,2.99,3.15,3.13,3.49,3.71,4.41,4.76,4.58,4.94,3.73,5.82,3.12,4.69,2.36,5.05
3.47,2.55,2.36,2.99,3.15,3.13,3.49,3.71,4.41,4.77,4.58,4.94,3.73,5.83,3.11,4.64,2.36,5.07
3.67,2.55,2.36,2.99,3.15,3.13,3.5,3.72,4.42,4.77,4.58,4.95,3.73,5.83,3.1,4.59,2.33,5.1
3.68,2.55,2.36,2.99,3.15,3.13,3.51,3.72,4.42,4.77,4.58,4.95,3.73,5.84,3.11,4.57,2.26,5.16
3.63,2.55,2.36,3,3.15,3.13,3.52,3.72,4.42,4.78,4.58,4.95,3.73,5.85,3.15,4.65,2.24,5.22
3.51,2.55,2.36,3.18,3.15,3.13,3.51,3.72,4.42,4.78,4.58,4.95,3.73,5.85,3.13,4.76,2.24,5.32
3.48,2.55,2.36,3.87,3.15,3.13,3.51,3.72,4.42,4.78,4.59,4.96,3.73,5.85,3.12,4.67,2.25,5.36
3.51,2.55,2.36,4.53,3.15,3.13,3.51,3.72,4.43,4.79,4.59,4.96,3.73,5.85,3.11,4.62,2.26,5.34
3.53,2.55,2.36,4.7,3.15,3.13,3.51,3.73,4.43,4.79,4.59,4.96,3.73,5.85,3.1,4.59,2.28,5.34
3.54,2.55,2.36,4.62,3.15,3.13,3.51,3.73,4.43,4.79,4.59,4.96,3.73,5.85,3.09,4.64,2.3,5.33
3.58,2.55,2.36,4.39,3.15,3.13,3.51,3.73,4.43,4.8,4.59,4.96,3.73,5.85,3.1,4.76,2.29,5.29
3.64,2.55,2.36,4.27,3.15,3.13,3.51,3.73,4.43,4.8,4.66,4.97,3.73,5.86,3.12,4.75,2.28,5.28
3.66,2.55,2.36,4.31,3.15,3.13,3.52,3.73,4.43,4.8,4.97,4.97,3.73,5.86,3.14,4.69,2.28,5.3
3.65,2.55,2.36,4.34,3.16,3.13,3.52,3.74,4.44,4.8,5.46,4.97,3.73,5.86,3.11,4.64,2.27,5.32
3.65,2.56,2.36,4.37,3.16,3.13,3.52,3.74,4.44,4.81,5.76,4.97,3.73,5.86,3.1,4.63,2.25,5.33
3.62,2.56,2.36,4.46,3.16,3.13,3.52,3.74,4.44,4.81,5.8,4.97,3.73,5.86,3.09,4.75,2.25,5.35
3.6,2.56,2.36,4.54,3.16,3.13,3.52,3.74,4.44,4.81,5.67,4.98,3.73,5.86,3.08,4.77,2.25,5.35
3.6,2.56,2.36,4.53,3.16,3.13,3.52,3.74,4.44,4.81,5.61,4.98,3.73,5.86,3.08,4.7,2.25,5.36
3.61,2.56,2.36,4.51,3.16,3.13,3.52,3.74,4.44,4.82,5.61,4.98,3.73,5.86,3.1,4.65,2.25,5.36
3.62,2.64,2.38,4.48,3.16,3.13,3.52,3.75,4.45,4.82,5.62,4.98,3.73,5.86,3.12,4.61,2.25,5.37
3.63,3.04,2.59,4.39,3.16,3.21,3.52,3.75,4.54,4.82,5.63,4.98,3.76,5.86,3.12,4.63,2.25,5.38
3.63,3.6,3.14,4.41,3.16,3.72,3.52,3.75,4.83,4.83,5.65,4.99,3.96,5.87,3.09,4.75,2.25,5.39
3.64,3.8,3.55,4.43,3.16,4.57,3.52,3.75,5.23,4.83,5.65,4.99,4.32,5.87,3.08,4.78,2.25,5.39
3.64,3.66,3.62,4.44,3.16,4.97,3.52,3.75,5.45,4.83,5.67,4.99,4.6,5.87,3.07,4.66,2.25,5.4
3.65,3.55,3.54,4.45,3.16,4.96,3.52,3.75,5.48,4.84,5.71,4.99,4.58,5.87,3.07,4.62,2.25,5.4
3.66,3.55,3.38,4.46,3.16,4.77,3.52,3.75,5.46,4.84,5.77,4.99,4.51,5.87,3.08,4.63,2.25,5.4
3.66,3.57,3.34,4.48,3.16,4.58,3.52,3.75,5.36,4.84,5.76,5,4.44,5.87,3.1,4.75,2.24,5.41
3.66,3.58,3.36,4.49,3.16,4.59,3.52,3.75,5.32,4.84,5.76,5,4.44,5.87,3.11,4.78,2.24,5.41
3.66,3.61,3.39,4.5,3.16,4.61,3.52,3.76,5.34,4.85,5.75,5,4.45,5.87,3.09,4.72,2.24,5.42
3.66,3.67,3.43,4.49,3.27,4.64,3.52,3.76,5.36,4.85,5.72,5,4.46,5.87,3.08,4.67,2.24,5.42
3.66,3.72,3.5,4.49,3.88,4.7,3.52,3.76,5.38,4.9,5.71,5,4.47,5.87,3.06,4.62,2.24,5.43
3.66,3.71,3.53,4.49,4.7,4.78,3.53,3.76,5.4,5.17,5.71,5.01,4.48,5.87,3.05,4.77,2.24,5.43
3.68,3.69,3.52,4.49,5,4.8,3.53,3.95,5.43,5.7,5.71,5.01,4.51,5.88,3.06,4.78,2.24,5.44
3.69,3.65,3.5,4.5,4.96,4.79,3.53,4.43,5.48,6.3,5.72,5.12,4.55,5.88,3.09,4.72,2.24,5.44
3.7,3.64,3.46,4.5,4.73,4.77,3.53,4.96,5.51,6.3,5.73,5.58,4.57,5.88,3.13,4.66,2.24,5.45
3.69,3.65,3.43,4.5,4.57,4.69,3.53,5.24,5.51,6.2,5.73,6.09,4.56,5.88,3.29,4.63,2.23,5.45
3.67,3.66,3.45,4.5,4.6,4.68,3.53,5.27,5.5,6.04,5.74,6.24,4.55,5.88,3.61,4.67,2.23,5.45
3.66,3.67,3.46,4.5,4.62,4.69,3.53,5.21,5.47,6.02,5.74,6.31,4.55,5.88,3.83,4.78,2.23,5.46
3.65,3.68,3.47,4.5,4.66,4.7,3.53,5.04,5.45,6.05,5.74,6.18,4.54,5.88,3.79,4.78,2.23,5.47
3.65,3.68,3.47,4.51,4.74,4.72,3.54,5,5.45,6.08,5.74,6.08,4.52,5.88,3.74,4.71,2.23,5.47
3.66,3.69,3.48,4.51,4.82,4.73,3.54,5.05,5.46,6.11,5.75,6.09,4.51,5.88,3.69,4.63,2.23,5.47
3.66,3.7,3.49,4.51,4.83,4.74,3.54,5.08,5.47,6.16,5.75,6.12,4.51,5.88,3.66,4.7,2.23,5.48
3.67,3.71,3.5,4.51,4.81,4.74,3.54,5.1,5.48,6.23,5.75,6.16,4.52,5.88,3.65,4.8,2.23,5.48
3.67,3.7,3.5,4.51,4.78,4.74,3.54,5.12,5.49,6.31,5.75,6.18,4.52,5.89,3.64,4.77,2.23,5.49
3.68,3.7,3.5,4.51,4.71,4.75,3.54,5.18,5.5,6.35,5.75,6.21,4.53,6,3.63,4.71,2.22,5.49
3.69,3.71,3.5,4.51,4.7,4.75,3.54,5.27,5.5,6.34,5.75,6.34,4.53,6.39,3.62,4.66,2.22,5.49
3.7,3.71,3.5,4.51,4.72,4.75,3.54,5.32,5.51,6.34,5.75,6.43,4.53,7.14,3.63,4.63,2.22,5.5
3.71,3.71,3.5,4.51,4.73,4.75,3.54,5.32,5.51,6.31,5.75,6.45,4.53,6.61,3.73,4.71,2.22,5.5
3.73,3.71,3.5,4.51,4.74,4.76,3.54,5.31,5.51,6.26,5.75,6.45,4.53,6.48,3.73,4.77,2.22,5.5
3.83,3.71,3.5,4.51,4.75,4.76,3.55,5.26,5.52,6.25,5.76,6.45,4.54,6.39,3.71,4.71,2.22,5.5
3.86,3.71,3.5,4.52,4.75,4.76,3.55,5.24,5.52,6.27,5.76,6.41,4.53,6.34,3.69,4.66,2.22,5.5
3.87,3.71,3.5,4.52,4.76,4.76,3.55,5.24,5.52,6.29,5.76,6.36,4.53,6.37,3.68,4.64,2.22,5.5
3.88,3.71,3.5,4.52,4.76,4.76,3.55,5.25,5.53,6.31,5.76,6.36,4.54,6.41,3.67,4.72,2.22,5.51
3.89,3.71,3.5,4.52,4.77,4.77,3.62,5.27,5.53,6.32,5.76,6.37,4.54,6.46,3.66,4.81,2.22,5.51
3.89,3.71,3.51,4.52,4.78,4.77,3.95,5.28,5.53,6.33,5.76,6.41,4.54,6.49,3.65,4.77,2.22,5.51
3.89,3.71,3.51,4.52,4.78,4.77,4.67,5.3,5.53,6.34,5.76,6.43,4.54,6.55,3.66,4.71,2.22,5.51
3.89,3.71,3.51,4.52,4.78,4.77,4.7,5.31,5.53,6.35,5.77,6.44,4.54,6.61,3.7,4.66,2.22,5.52
3.89,3.72,3.51,4.52,4.78,4.77,4.67,5.33,5.53,6.37,5.77,6.46,4.54,6.7,3.71,4.74,2.22,5.52
3.9,3.71,3.51,4.52,4.78,4.77,4.56,5.34,5.54,6.39,5.77,6.48,4.54,6.73,3.69,4.81,2.49,5.52
3.9,3.72,3.51,4.52,4.78,4.77,4.5,5.35,5.54,6.4,5.77,6.51,4.54,6.73,3.67,4.79,2.65,5.52
3.89,3.72,3.51,4.52,4.78,4.77,4.51,5.37,5.54,6.4,5.77,6.54,4.54,6.73,3.66,5,2.69,5.52
3.89,3.72,3.51,4.52,4.78,4.77,4.52,5.38,5.54,6.4,5.77,6.55,4.54,6.72,3.65,5.58,2.68,5.52
3.89,3.72,3.51,4.52,4.78,4.77,4.53,5.39,5.54,6.41,5.82,6.55,4.54,6.68,3.64,6.16,2.65,5.53
3.89,3.72,3.51,4.52,4.78,4.77,4.54,5.39,5.54,6.41,6.01,6.55,4.54,6.68,3.63,6.38,2.61,5.53
3.9,3.72,3.51,4.52,4.78,4.77,4.59,5.39,5.54,6.41,6.29,6.55,4.54,6.69,3.68,6.32,2.61,5.53
3.9,3.72,3.51,4.52,4.78,4.77,4.65,5.39,5.54,6.41,6.53,6.56,4.54,6.71,3.69,6.18,2.61,5.53
3.9,3.72,3.51,4.52,4.78,4.77,4.69,5.4,5.55,6.42,6.64,6.57,4.54,6.73,3.67,6.13,2.62,5.54
3.9,3.72,3.51,4.52,4.79,4.77,4.68,5.41,5.55,6.43,6.7,6.57,4.54,6.75,3.66,6.08,2.62,5.71
3.9,3.72,3.51,4.52,4.79,4.77,4.67,5.41,5.55,6.43,6.72,6.58,4.54,6.76,3.65,6.07,2.62,6.27
3.9,3.72,3.51,4.52,4.79,4.77,4.66,5.41,5.55,6.43,6.75,6.58,4.54,6.77,3.64,6.17,2.63,6.65
3.9,3.72,3.51,4.52,4.79,4.77,4.62,5.42,5.55,6.44,6.76,6.59,4.54,6.78,3.63,6.32,2.65,6.35
3.9,3.72,3.51,4.52,4.79,4.78,4.61,5.42,5.55,6.44,6.77,6.6,4.54,6.79,3.62,6.33,2.66,6.32
3.91,3.73,3.51,4.52,4.79,4.78,4.62,5.42,5.55,6.44,6.77,6.6,4.54,6.82,3.68,6.26,2.65,6.24
3.9,3.73,3.51,4.58,4.79,4.78,4.63,5.43,5.55,6.45,6.76,6.61,4.54,6.84,3.68,6.2,2.64,6.22
3.9,3.73,3.52,4.88,4.79,4.78,4.63,5.44,5.56,6.45,6.77,6.61,4.54,6.85,3.66,6.14,2.64,6.25
3.8,3.73,3.52,5.51,4.79,4.78,4.64,5.44,5.56,6.46,6.77,6.62,4.54,6.85,3.64,6.24,2.64,6.28
3.71,3.73,3.52,6.02,4.79,4.78,4.64,5.44,5.56,6.46,6.77,6.62,4.54,6.85,3.63,6.33,2.64,6.32
3.68,3.73,3.51,6.17,4.8,4.78,4.65,5.45,5.56,6.46,6.77,6.62,4.54,6.86,3.62,6.31,2.64,6.35
3.68,3.73,3.51,6.15,4.8,4.78,4.66,5.45,5.56,6.46,6.77,6.63,4.54,6.86,3.61,6.24,2.64,6.37
3.68,3.73,3.52,6.04,4.79,4.78,4.67,5.45,5.56,6.47,6.78,6.64,4.61,6.87,3.61,6.18,2.63,6.39
3.68,3.73,3.52,5.88,4.79,4.78,4.68,5.46,5.56,6.47,6.78,6.64,4.8,6.88,3.64,6.16,2.63,6.53
3.7,3.73,3.52,5.89,4.8,4.78,4.68,5.46,5.56,6.47,6.78,6.65,5.01,6.88,3.67,6.22,2.63,6.57
3.74,3.73,3.52,5.92,4.8,4.78,4.68,5.46,5.56,6.48,6.78,6.65,5.15,6.89,3.65,6.33,2.63,6.56
4.37,3.73,3.52,5.94,4.8,4.78,4.68,5.47,5.56,6.48,6.78,6.65,5.22,6.89,3.63,6.26,2.63,6.56
4.68,3.73,3.52,5.95,4.8,4.78,4.68,5.47,5.57,6.48,6.79,6.66,5.23,6.9,3.62,6.2,2.63,6.56
4.79,3.73,3.52,5.98,4.8,4.78,4.68,5.47,5.59,6.49,6.79,6.66,5.24,6.9,3.61,6.16,2.63,6.56
4.79,3.73,3.52,6.03,4.8,4.78,4.68,5.48,5.68,6.49,6.79,6.66,5.25,6.91,3.6,6.22,2.63,6.54
4.78,3.73,3.52,6.1,4.8,4.78,4.68,5.48,6.06,6.49,6.79,6.67,5.26,6.91,3.6,6.32,2.63,6.53
4.74,3.73,3.52,6.13,4.8,4.78,4.68,5.48,6.19,6.49,6.79,6.67,5.26,6.92,3.63,6.33,2.63,6.55
4.73,3.73,3.52,6.11,4.8,4.79,4.68,5.5,6.27,6.49,6.79,6.68,5.26,6.92,3.65,6.27,2.63,6.56
4.72,3.74,3.56,6.09,4.8,4.79,4.68,5.6,6.32,6.5,6.79,6.68,5.25,6.93,3.63,6.2,2.63,6.57
4.71,3.73,3.78,6.04,4.8,4.79,4.68,5.9,6.35,6.5,6.8,6.68,5.25,6.93,3.62,6.21,2.62,6.59
4.74,3.74,4.21,6.02,4.8,4.79,4.68,6.72,6.39,6.52,6.8,6.69,5.25,6.94,3.61,6.31,2.62,6.6
4.75,3.74,4.56,6.02,4.8,4.79,4.69,6.95,6.42,6.59,6.8,6.69,5.25,6.94,3.6,6.34,2.62,6.61
4.76,3.74,4.66,6.03,4.8,4.79,4.69,7.07,6.44,6.81,6.8,6.69,5.25,6.94,3.59,6.28,2.62,6.62
4.77,3.74,4.64,6.04,4.8,4.79,4.69,7.16,6.45,7.21,6.8,6.7,5.24,6.95,3.6,6.22,2.62,6.63
4.78,3.74,4.46,6.06,4.8,4.79,4.69,7.23,6.46,7.37,6.8,6.7,5.24,6.95,3.63,6.17,2.62,6.63
4.8,3.74,4.45,6.08,4.8,4.79,4.69,7.29,6.47,6.97,6.8,6.71,5.24,6.96,3.65,6.2,2.62,6.64
4.81,3.74,4.46,6.08,4.8,4.79,4.69,7.34,6.48,6.96,6.8,6.71,5.24,6.96,3.62,6.3,2.62,6.65
4.83,3.74,4.48,6.09,4.8,4.79,4.69,7.37,6.48,7.1,6.8,6.71,5.24,6.99,3.61,6.35,2.62,6.65
4.84,3.74,4.49,6.09,4.8,4.79,4.69,7.39,6.49,7.19,6.8,6.71,5.24,7.16,3.6,6.22,2.62,6.66
4.84,3.74,4.5,6.09,4.8,4.79,4.69,7.4,6.49,7.34,6.8,6.72,5.24,7.52,3.59,6.18,2.62,6.67
4.84,3.74,4.53,6.09,4.8,4.79,4.69,7.41,6.5,7.39,6.8,6.72,5.24,7.9,3.58,6.21,2.62,6.67
4.85,3.74,4.57,6.1,4.81,4.79,4.69,7.43,6.5,7.42,6.81,6.72,5.24,8.18,3.6,6.31,2.62,6.67
4.85,3.74,4.62,6.1,4.81,4.78,4.69,7.44,6.51,7.44,6.81,6.72,5.24,8.32,3.63,6.35,2.62,6.68
4.85,3.75,4.61,6.11,4.81,4.78,4.7,7.45,6.51,7.45,6.81,6.73,5.24,8.39,3.64,6.29,2.62,6.69
4.86,3.8,4.61,6.11,4.81,4.78,4.7,7.46,6.52,7.47,6.81,6.73,5.24,8.49,3.61,6.22,2.62,6.69
4.86,4.06,4.57,6.12,4.81,4.79,4.7,7.47,6.52,7.48,6.8,6.73,5.24,8.53,3.6,6.18,2.61,6.7
4.86,4.8,4.55,6.12,4.81,4.84,4.7,7.48,6.52,7.5,6.08,6.74,5.24,8.56,3.59,6.31,2.61,6.7
4.87,4.85,4.55,6.12,4.81,5.13,4.7,7.49,6.52,7.53,3,6.75,5.24,8.58,3.58,6.36,2.61,6.7
4.87,4.82,4.55,6.12,4.81,5.76,4.7,7.5,6.53,7.54,0.8,6.84,5.24,8.58,3.58,6.31,2.61,6.71
4.88,4.71,4.56,6.12,4.81,6.29,4.7,7.51,6.53,7.55,0.76,7.12,5.24,8.59,3.6,6.24,2.61,6.71
4.88,4.64,4.57,6.13,4.81,6.42,4.7,7.51,6.53,7.56,0.74,7.52,5.24,8.6,3.63,6.19,2.61,6.71
4.88,4.64,4.58,6.13,4.81,6.32,4.7,7.52,6.54,7.57,0.72,8.07,5.24,8.6,3.63,6.18,2.61,6.72
4.89,4.65,4.59,6.13,4.81,6.15,4.7,7.53,6.54,7.58,0.7,8.17,5.24,8.62,3.62,6.27,2.61,6.73
4.89,4.67,4.6,6.13,4.81,6.13,4.7,7.53,6.54,7.58,0.69,8.23,5.24,8.62,3.59,6.36,2.61,6.73
4.89,4.69,4.6,6.13,4.81,6.14,4.7,7.54,6.55,7.59,0.68,8.28,5.24,8.63,3.59,6.33,2.61,6.73
4.89,4.71,4.61,6.13,4.81,6.17,4.7,7.55,6.55,7.6,0.67,8.32,5.24,8.63,3.64,6.2,2.61,6.74
4.9,4.75,4.61,6.13,4.81,6.19,4.7,7.55,6.55,7.61,0.66,8.36,5.24,8.64,3.82,6.18,2.62,6.74
4.9,4.8,4.61,6.13,4.81,6.2,4.7,7.56,6.55,7.62,0.65,8.4,5.24,8.64,4.02,6.25,2.64,6.74
4.9,4.8,4.61,6.14,4.81,6.23,4.7,7.56,6.56,7.63,0.64,8.42,5.24,8.65,4.17,6.35,2.73,6.74
4.91,4.79,4.61,6.13,4.81,6.36,4.71,7.57,6.56,7.63,0.64,8.42,5.24,8.65,4.24,6.35,2.84,6.75
4.91,4.79,4.62,6.13,4.81,6.39,4.71,7.57,6.57,7.64,0.64,8.43,5.24,8.66,4.26,6.28,2.92,6.75
4.91,4.77,4.62,6.14,4.81,6.38,4.71,7.58,6.57,7.64,0.63,8.44,5.23,8.67,4.26,6.22,2.97,6.76
4.91,4.74,4.62,6.14,4.81,6.37,4.71,7.58,6.57,7.65,0.63,8.45,5.23,8.67,4.27,6.18,2.99,6.76
4.91,4.73,4.62,6.14,4.81,6.33,4.71,7.59,6.57,7.65,0.62,8.45,5.23,8.68,4.27,6.33,3,6.76
4.92,4.74,4.62,6.14,4.81,6.26,4.71,7.6,6.58,7.66,0.62,8.46,5.23,8.68,4.27,6.36,3.01,6.76
4.92,4.75,4.62,6.14,4.81,6.25,4.71,7.6,6.58,7.67,0.62,8.47,5.23,8.69,4.27,6.3,3.01,6.77
4.92,4.76,4.62,6.14,4.81,6.26,4.71,7.6,6.58,7.67,0.61,8.47,5.23,8.69,4.27,6.23,3.02,6.77
4.92,4.76,4.62,6.14,4.81,6.29,4.71,7.61,6.59,7.68,0.61,8.48,5.23,8.69,4.27,6.18,3.02,6.77
4.93,4.77,4.62,6.14,4.81,6.31,4.71,7.61,6.59,7.68,0.61,8.49,5.23,8.7,4.27,6.2,3.02,6.78
4.93,4.77,4.62,6.14,4.81,6.31,4.71,7.61,6.59,7.69,0.61,8.49,5.23,8.71,4.27,6.3,3.02,6.79
4.93,4.78,4.62,6.14,4.82,6.32,4.72,7.62,6.6,7.69,0.6,8.5,5.23,8.71,4.27,6.37,3.03,6.93
4.93,4.79,4.62,6.15,4.9,6.34,4.75,7.62,6.6,7.69,0.6,8.5,5.23,8.71,4.27,6.32,3.03,7.29
4.93,4.79,4.62,6.15,5.27,6.35,4.89,7.63,6.6,7.7,0.6,8.5,5.22,8.72,4.27,6.19,3.03,7.67
4.93,4.79,4.62,6.15,5.94,6.37,5.16,7.63,6.6,7.71,0.6,8.51,4.5,8.72,4.27,6.2,3.03,7.94
4.94,4.79,4.62,6.15,6.38,6.37,5.41,7.64,6.61,7.71,0.59,8.51,2.1,8.72,4.27,6.3,3.03,8.07
4.94,4.79,4.62,6.15,6.47,6.37,5.57,7.64,6.61,7.71,0.59,8.52,0.79,8.73,4.26,6.37,3.03,8.12
4.94,4.79,4.62,6.15,6.44,6.36,5.65,7.64,6.61,7.72,0.59,8.52,0.63,8.73,4.26,6.33,3.02,8.16
4.94,4.79,4.62,6.15,6.17,6.37,5.7,7.65,6.62,7.72,0.59,8.53,0.58,8.73,4.26,6.26,3.02,8.21
4.94,4.79,4.62,6.15,6.16,6.37,5.76,7.65,6.62,7.73,0.59,8.53,0.56,8.74,4.25,6.2,3.02,8.23
4.94,4.79,4.62,6.15,6.18,6.37,5.76,7.65,6.62,7.73,0.59,8.54,0.54,8.74,4.25,6.18,3.02,8.24
4.95,4.79,4.62,6.15,6.2,6.37,5.76,7.66,6.62,7.73,0.59,8.54,0.51,8.74,4.25,6.36,3.02,8.26
4.95,4.8,4.62,6.15,6.22,6.37,5.77,7.66,6.62,7.74,0.58,8.54,0.85,8.74,4.25,6.36,3.02,8.28
4.95,4.8,4.61,6.15,6.24,6.37,5.77,7.67,6.63,7.74,0.58,8.55,1.62,8.75,4.24,6.32,3.02,8.29
4.95,4.8,4.61,6.15,6.27,6.37,5.78,7.67,6.59,7.74,0.58,8.55,1.93,8.75,4.24,6.45,3.02,8.3
4.95,4.8,4.61,6.15,6.34,6.38,5.78,7.68,2.45,7.75,0.59,8.55,1.79,8.75,4.24,6.79,3.02,8.31
4.95,4.8,4.62,6.16,6.4,6.38,5.78,7.68,0.97,7.75,0.75,8.56,1.61,8.75,4.24,7.15,3.02,8.31
4.96,4.8,4.62,6.38,6.4,6.37,5.79,7.69,0.78,7.75,1.42,8.56,1.57,8.76,4.24,7.42,3.02,8.31
4.96,4.8,4.62,6.7,6.39,6.37,5.8,7.69,0.72,7.76,2.14,8.56,1.59,8.76,4.23,7.57,3.02,8.32
4.96,4.8,4.62,7.02,6.36,6.36,5.8,7.69,0.68,7.76,2.26,8.56,1.6,8.76,4.23,7.62,3.02,8.32
4.96,4.8,4.62,7.23,6.31,6.36,5.8,6.83,0.65,7.76,2.2,8.57,1.61,8.76,4.23,7.65,3.02,8.32
4.96,4.8,4.62,7.33,6.3,6.35,5.8,2.78,0.62,7.38,1.99,8.57,1.62,8.77,4.23,7.65,3.02,8.32
4.96,4.8,4.62,7.4,6.3,6.35,5.8,1.43,0.6,4.1,1.87,8.57,1.63,8.77,4.23,7.65,3.02,8.33
4.96,4.8,4.62,7.45,6.32,6.35,5.8,1.46,0.59,0.62,1.89,8.57,1.64,8.77,4.23,7.66,3.02,8.33
4.97,4.8,4.62,7.48,6.33,6.35,5.81,1.32,0.56,0.69,1.91,8.57,1.64,8.77,4.23,7.66,3.02,8.33
4.97,4.8,4.63,7.49,6.35,6.36,5.81,1.06,0.55,0.74,1.92,8.58,1.63,8.77,4.22,7.66,3.02,8.34
4.97,4.8,4.63,7.49,6.36,6.36,5.81,0.98,0.54,0.78,1.94,8.58,1.63,8.78,4.22,7.66,3.02,8.34
4.97,4.8,4.63,7.5,6.36,6.36,5.81,1,0.53,0.84,1.96,8.58,1.63,8.78,4.22,7.66,3.02,8.34
4.97,4.8,4.63,7.51,6.37,6.36,5.81,1.02,0.52,0.86,1.97,8.58,1.62,8.78,4.22,7.66,3.02,8.34
4.99,4.8,4.63,7.51,6.37,6.37,5.81,1.03,0.51,0.88,1.96,8.58,1.62,8.78,4.22,7.67,3.01,8.34
5.02,4.8,4.63,7.52,6.37,6.37,5.81,1.08,0.7,0.89,1.95,8.59,1.62,8.79,4.22,7.67,3.01,8.35
5.06,4.8,4.63,7.51,6.38,6.37,5.81,1.09,1.54,0.91,1.95,8.59,1.62,8.79,4.22,7.67,3.01,8.35
5.1,4.8,4.63,7.51,6.38,6.37,5.81,1.09,2.32,0.92,1.95,8.59,1.62,8.79,4.22,7.67,3.01,8.35
5.15,4.8,4.64,7.51,6.39,6.37,5.82,1.08,2.42,0.93,1.95,8.59,1.62,8.79,4.22,7.67,3.01,8.35
5.18,4.8,4.64,7.51,6.39,6.38,5.82,1.07,2.09,0.94,1.95,8.59,1.62,8.79,4.21,7.67,3.01,8.36
5.19,4.8,4.64,7.51,6.4,6.38,5.82,1.06,1.96,0.95,1.95,7.74,1.62,8.8,4.21,7.67,3.01,8.36
5.18,4.8,4.64,7.52,6.4,6.38,5.82,1.06,1.98,0.97,1.95,3.43,1.62,8.8,4.21,7.67,3.01,8.36
5.18,4.8,4.64,7.52,6.4,6.38,5.83,1.06,2,0.97,1.95,0.51,1.62,8.8,4.21,7.67,3.01,8.36
5.17,4.8,4.64,7.53,6.4,6.38,5.83,1.06,2.01,0.85,1.95,0.54,1.62,8.8,4.21,7.67,3.01,8.36
5.17,4.8,4.64,7.53,6.4,6.39,5.83,1.06,2.02,1.04,1.95,0.58,1.62,8.8,4.21,7.67,3.01,8.37
5.17,4.8,4.64,7.53,6.4,6.39,5.83,1.06,2.03,1.41,1.95,0.59,1.61,8.8,4.21,7.67,3.01,8.37
5.17,4.8,4.64,7.54,6.4,6.39,5.83,1.06,2.04,1.37,1.95,0.6,1.61,8.81,4.21,7.67,3.01,8.37
5.17,4.8,4.66,7.55,6.4,6.39,5.83,1.06,2.05,1.09,1.95,0.61,1.61,8.81,4.21,7.67,3.01,8.37
5.16,4.8,4.72,7.56,6.4,6.39,5.84,1.06,2.04,0.82,1.95,0.62,1.61,8.81,4.21,7.67,3.01,8.37
5.16,4.8,4.92,7.56,6.4,6.39,5.84,1.06,2.03,0.86,1.95,0.62,1.61,8.82,4.21,7.67,3.01,8.38
5.17,4.8,5.19,7.56,6.41,6.39,5.84,1.06,2.03,0.88,1.95,0.63,1.61,8.66,4.21,7.67,3.01,8.38
5.17,4.8,5.41,7.57,6.41,6.39,5.84,1.06,2.03,0.9,1.95,0.63,1.61,6.21,4.21,7.67,3.01,8.38
5.18,4.8,5.52,7.57,6.41,6.39,5.84,1.06,2.03,0.93,1.95,0.64,1.61,1.98,4.21,7.67,3.01,8.38
5.2,4.8,5.57,7.58,6.41,6.39,5.84,1.06,2.03,0.97,1.95,0.64,1.61,0.65,4.21,7.67,3.01,8.38
5.27,4.8,5.6,7.58,6.41,6.39,5.85,1.06,2.03,0.98,1.95,0.64,1.61,1.54,4.21,7.67,3.01,8.38
5.41,4.8,5.62,7.58,6.41,6.39,5.85,1.06,2.02,0.97,1.95,0.65,1.61,2.61,4.21,7.67,3.01,8.38
5.55,4.8,5.62,7.59,6.41,6.39,5.85,1.05,2.02,0.95,1.95,0.65,1.61,2.51,4.21,7.67,3,8.39
5.65,4.8,5.62,7.59,6.41,6.39,5.85,1.05,2.02,0.94,1.95,0.65,1.61,2.19,4.2,7.67,2.73,8.39
5.7,4.8,5.62,7.6,6.41,6.39,5.85,1.05,2.02,0.94,1.95,0.65,1.6,2.02,4.2,7.66,1.5,8.39
5.74,4.8,5.62,7.6,6.41,6.39,5.85,1.05,2.02,0.94,1.95,0.64,1.6,2.04,4.2,7.66,0.64,8.39
5.78,4.8,5.61,7.6,6.41,6.4,5.85,1.05,2.02,0.94,1.95,0.52,1.6,2.08,4.2,7.66,0.51,8.39
5.8,4.8,5.6,7.61,6.41,6.39,5.85,1.05,2.02,0.94,1.95,1.36,1.6,2.1,4.2,7.66,0.52,8.4
5.81,4.8,5.6,7.61,6.41,6.39,5.86,1.05,2.02,0.94,1.95,1.73,1.6,2.12,4.2,7.66,0.9,8.4
5.83,4.8,5.6,7.61,6.41,6.4,5.86,1.05,2.02,0.94,1.95,1.69,1.6,2.19,4.2,7.66,1.38,8.4
5.84,4.8,5.61,7.62,6.41,6.4,5.86,1.05,2.02,0.94,1.95,1.44,1.6,2.2,4.2,7.66,1.47,8.4
5.86,4.8,5.61,7.62,6.41,6.4,5.86,1.05,2.02,0.94,1.95,1.18,1.6,2.19,4.2,7.66,1.43,8.4
5.86,4.8,5.61,7.62,6.41,6.4,5.86,1.05,2.02,0.94,1.95,1.16,1.6,2.17,4.17,7.66,1.33,8.4
5.88,4.8,5.61,7.63,6.41,6.4,5.86,1.05,2.02,0.94,2,1.2,1.6,2.17,3.26,7.66,1.23,8.4
5.88,4.8,5.62,7.63,6.42,6.4,5.86,1.05,2.01,0.94,2.4,1.23,1.6,2.17,0.91,7.66,1.23,8.41
5.9,4.81,5.62,7.63,6.42,6.4,5.86,1.05,2.01,0.94,3.51,1.3,1.6,2.16,0.66,7.67,1.24,8.41
5.91,4.81,5.63,7.63,6.42,6.4,5.86,1.04,2.01,0.94,3.49,1.35,1.6,2.16,1.23,7.67,1.24,8.32
5.92,4.83,5.63,7.63,6.42,6.4,5.87,1.04,2.01,0.94,3.32,1.35,1.6,2.17,1.21,7.67,1.24,6.34
5.92,4.89,5.63,7.64,6.42,6.4,5.87,1.04,2.01,0.94,3.17,1.33,1.6,2.17,1.03,7.67,1.25,2.01
5.93,5.1,5.64,7.64,6.42,6.4,5.87,1.04,2.01,0.94,3.17,1.32,1.6,2.17,0.93,7.67,1.25,0.84
5.94,5.37,5.64,7.63,6.42,6.4,5.87,1.04,2.01,0.94,3.2,1.31,1.6,2.17,0.93,7.66,1.25,1.92
5.94,5.57,5.64,7.63,6.42,6.4,5.87,1.04,2.01,0.94,3.22,1.31,1.6,2.17,0.94,7.67,1.25,2.45
5.95,5.72,5.64,7.63,6.42,6.4,5.8,1.04,2.01,0.94,3.25,1.31,1.6,2.17,0.95,7.67,1.25,2.44
5.96,5.76,5.65,7.63,6.42,6.4,4.4,1.04,2.01,0.94,3.31,1.31,1.6,2.17,0.99,7.67,1.24,2.05
5.97,5.78,5.65,7.63,6.42,6.4,1.56,1.04,2.01,0.94,3.32,1.31,1.6,2.17,1.03,7.67,1.24,1.98
5.97,5.78,5.65,7.63,6.42,6.4,0.61,1.04,2.01,0.94,3.31,1.31,1.6,2.17,1.03,7.67,1.24,2.01
5.97,5.78,5.65,7.63,6.42,6.4,0.51,1.04,2.01,0.94,3.31,1.31,1.59,2.17,0.99,7.67,1.24,2.03
5.98,5.78,5.66,7.63,6.42,6.4,0.94,1.04,2.01,0.94,3.3,1.31,1.59,2.17,0.98,7.67,1.24,2.05
5.98,5.78,5.66,7.63,6.42,6.4,1.55,1.04,2.01,0.93,3.28,1.31,1.59,2.17,0.98,7.67,1.24,2.06
5.98,5.78,5.66,7.63,6.42,6.4,1.66,1.04,2.01,0.93,3.27,1.32,1.59,2.18,0.98,7.49,1.24,2.06
5.98,5.79,5.66,7.63,6.42,6.4,1.6,1.09,2.01,0.93,3.27,1.32,1.59,2.17,0.97,1,1.23,2.07
5.99,5.79,5.66,7.63,6.42,6.43,1.31,1.51,2.01,0.99,3.27,1.32,1.59,2.17,0.97,0.51,1.23,2.09
5.99,5.79,5.66,7.64,6.42,6.53,1.32,2.32,2.01,1.47,3.29,1.32,1.59,2.17,0.97,0.52,1.23,2.11
6,5.79,5.67,7.64,6.42,6.8,1.34,2.68,2.01,2.55,3.29,1.32,1.59,2.17,0.97,0.53,1.23,2.11
6,5.79,5.67,7.64,6.42,7.11,1.35,2.47,2,3.16,3.29,1.32,1.59,2.17,0.97,0.54,1.23,2.1
6,5.79,5.67,7.64,6.42,7.49,1.36,2.26,2,3.18,3.29,1.32,1.59,2.17,0.98,0.55,1.23,2.1
6,5.79,5.67,7.64,6.42,7.58,1.37,2.26,2,2.95,3.29,1.32,1.59,2.17,0.99,0.55,1.23,2.1
6.01,5.79,5.67,7.65,6.42,7.64,1.38,2.29,2.01,2.66,3.3,1.32,1.6,2.18,1,0.56,1.23,2.1
6.01,5.79,5.67,7.65,6.42,7.69,1.39,2.31,2.13,2.7,3.3,1.32,1.79,2.18,0.99,0.57,1.23,2.1
6.01,5.79,5.67,7.65,6.42,7.71,1.38,2.37,2.74,2.73,3.3,1.32,2.42,2.18,0.98,0.58,1.23,2.1
6.02,5.79,5.67,7.66,6.42,7.71,1.37,2.47,3.46,2.8,3.3,1.32,2.91,2.18,0.97,0.58,1.23,2.11
6.02,5.79,5.67,7.66,6.42,7.71,1.37,2.47,3.65,2.91,3.3,1.32,2.97,2.17,0.97,0.58,1.23,2.11
6.03,5.79,5.67,7.66,6.42,7.72,1.37,2.46,3.58,2.95,3.3,1.32,2.87,2.17,0.96,0.59,1.23,2.11
6.03,5.79,5.67,7.66,6.42,7.73,1.37,2.41,3.36,2.93,3.3,1.32,2.64,2.17,0.98,0.59,1.23,2.11
6.04,5.8,5.67,7.67,6.42,7.73,1.37,2.36,3.27,2.92,3.3,1.32,2.66,2.17,0.99,0.59,1.23,2.11
6.04,5.8,5.67,7.67,6.43,7.74,1.37,2.36,3.31,2.89,3.3,1.32,2.68,2.17,0.99,0.59,1.23,2.11
6.04,5.8,5.67,7.67,6.43,7.74,1.37,2.38,3.34,2.81,3.31,1.32,2.71,2.18,0.98,0.6,1.22,2.11
6.05,5.8,5.67,7.68,6.43,7.74,1.37,2.39,3.39,2.82,3.31,1.32,2.76,2.18,0.98,0.6,1.22,2.11
6.05,5.8,5.67,7.68,6.43,7.74,1.37,2.41,3.44,2.84,3.31,1.32,2.8,2.17,0.97,0.6,1.22,2.11
6.05,5.8,5.67,7.68,6.43,7.74,1.37,2.41,3.44,2.86,3.31,1.32,2.8,2.18,0.96,0.6,1.22,2.11
6.06,5.8,5.68,7.68,6.43,7.74,1.37,2.42,3.43,2.87,3.31,1.32,2.78,2.17,0.96,0.6,1.22,2.11
6.06,5.8,5.67,7.68,6.43,7.75,1.37,2.42,3.42,2.87,3.31,1.32,2.78,2.17,0.98,0.6,1.22,2.12
6.06,5.8,5.67,7.69,6.43,7.75,1.37,2.43,3.41,2.87,3.31,1.32,2.73,2.18,0.99,0.6,1.22,2.12
6.06,5.8,5.68,7.69,6.43,7.75,1.37,2.43,3.36,2.88,3.31,1.32,2.72,2.18,0.99,0.6,1.22,2.12
6.06,5.8,5.67,7.69,6.43,7.75,1.36,2.44,3.37,2.88,3.31,1.32,2.73,2.18,0.98,0.6,1.22,2.12
6.07,5.81,5.68,7.69,6.43,7.75,1.36,2.44,3.37,2.89,3.31,1.32,2.74,2.18,0.97,0.6,1.22,2.12
6.07,5.81,5.68,7.7,6.43,7.76,1.36,2.44,3.38,2.89,3.31,1.32,2.75,2.18,0.97,0.59,1.22,2.12
6.08,5.81,5.68,7.7,6.43,7.76,1.36,2.44,3.39,2.89,3.31,1.32,2.75,2.18,0.96,0.54,1.22,2.12
6.08,5.81,5.68,7.7,6.43,7.76,1.36,2.44,3.39,2.89,3.31,1.51,2.75,2.17,0.96,1.15,1.22,2.12
6.08,5.81,5.68,7.7,6.43,7.76,1.36,2.44,3.39,2.89,3.31,2.31,2.75,2.17,0.97,1.84,1.22,2.12
6.08,5.81,5.68,7.7,6.43,7.77,1.36,2.44,3.39,2.89,3.31,3.27,2.75,2.17,0.99,1.86,1.22,2.12
6.08,5.81,5.67,7.7,6.43,7.77,1.36,2.44,3.39,2.9,3.31,3.52,2.75,2.18,0.99,1.75,1.22,2.12
6.09,5.81,5.68,7.7,6.43,7.78,1.36,2.44,3.4,2.9,3.31,3.43,2.76,2.18,0.98,1.48,1.22,2.12
6.09,5.81,5.68,7.7,6.43,7.78,1.36,2.44,3.4,2.9,3.31,3.15,2.76,2.17,0.97,1.35,1.22,2.12
6.1,5.81,5.68,7.7,6.43,7.78,1.36,2.44,3.4,2.9,3.31,3,2.76,2.17,0.97,1.37,1.22,2.12
6.11,5.82,5.68,7.7,6.43,7.79,1.36,2.44,3.4,2.9,3.31,3.02,2.76,2.18,0.96,1.44,1.23,2.12
6.11,5.82,5.68,7.7,6.44,7.79,1.36,2.44,3.4,2.9,3.32,3.09,2.76,2.26,0.96,1.6,1.69,2.12
6.11,5.82,5.68,7.71,6.47,7.79,1.36,2.44,3.4,2.91,3.32,3.19,2.76,2.87,0.97,1.64,1.9,2.13
6.13,5.82,5.68,7.71,6.6,7.8,1.36,2.44,3.4,2.91,3.32,3.28,2.76,3.96,0.99,1.59,1.9,2.13
6.14,5.82,5.68,7.71,6.9,7.8,1.36,2.44,3.4,2.91,3.32,3.29,2.76,4.38,0.99,1.55,1.86,2.12
6.14,5.82,5.68,7.71,7.43,7.81,1.36,2.44,3.4,2.91,3.41,3.26,2.76,4.15,0.98,1.52,1.77,2.12
6.16,5.82,5.68,7.71,7.56,7.81,1.36,2.44,3.4,2.91,3.88,3.25,2.76,3.92,0.97,1.5,1.75,2.13
6.17,5.82,5.68,7.71,7.63,7.81,1.36,2.45,3.4,2.91,4.5,3.21,2.76,3.92,0.97,1.49,1.76,2.16
6.18,5.83,5.68,7.71,7.69,7.82,1.36,2.45,3.4,2.91,4.74,3.16,2.76,3.95,0.96,1.48,1.77,2.58
6.19,5.83,5.68,7.71,7.73,7.82,1.36,2.45,3.4,2.91,4.72,3.16,2.76,3.98,0.96,1.49,1.77,3.92
6.2,5.83,5.68,7.71,7.74,7.82,1.36,2.45,3.4,2.91,4.46,3.19,2.76,4.02,0.97,1.56,1.79,3.95
6.2,5.83,5.68,7.71,7.74,7.82,1.36,2.45,3.4,2.92,4.45,3.21,2.76,4.1,0.98,1.62,1.8,3.81
6.19,5.83,5.69,7.71,7.74,7.83,1.35,2.45,3.4,2.92,4.47,3.22,2.76,4.13,0.98,1.6,1.79,3.6
6.19,5.83,5.69,7.71,7.75,7.83,1.35,2.45,3.4,2.92,4.48,3.22,2.76,4.11,0.97,1.56,1.79,3.58
6.19,5.83,5.69,7.71,7.76,7.84,1.35,2.45,3.41,2.92,4.5,3.23,2.76,4.1,0.97,1.53,1.78,3.61
6.19,5.83,5.69,7.71,7.76,7.84,1.35,2.45,3.41,2.92,4.55,3.23,2.76,4.1,0.96,1.52,1.78,3.65
6.19,5.83,5.69,7.43,7.75,7.84,1.35,2.45,3.41,2.92,4.62,3.23,2.76,4.1,0.96,1.51,1.78,3.68
6.2,5.84,5.69,4.54,7.75,7.84,1.35,2.45,3.41,2.92,4.64,3.23,2.76,4.09,0.96,1.57,1.78,3.81
6.2,5.84,5.69,0.91,7.75,7.85,1.35,2.45,3.41,2.93,4.61,3.23,2.76,4.09,0.98,1.63,1.78,3.8
6.2,5.84,5.69,,7.75,7.85,1.35,2.45,3.41,2.93,4.56,3.24,2.76,4.08,0.99,1.6,1.77,3.79
6.2,5.84,5.69,,7.76,7.85,1.35,2.45,3.41,2.93,4.54,3.24,2.76,4.08,0.98,1.56,1.77,3.78
6.21,5.84,5.69,,7.76,7.85,1.35,2.45,3.41,2.93,4.54,3.24,2.76,4.08,0.97,1.54,1.77,3.78
6.21,5.84,5.69,,7.77,7.85,1.36,2.45,3.41,2.93,4.55,3.24,2.76,4.09,0.96,1.53,1.77,3.77
6.21,5.84,5.69,,7.77,7.85,1.36,2.45,3.41,2.93,4.57,3.24,2.76,4.09,0.96,1.51,1.77,3.75
6.22,5.84,5.7,,7.77,7.86,1.36,2.45,3.41,2.93,4.57,3.24,2.76,4.09,0.96,1.53,1.77,3.75
6.21,5.84,5.7,,7.78,7.86,1.36,2.45,3.41,2.93,4.58,3.25,2.76,4.1,0.97,1.63,1.77,3.75
6.22,5.85,5.7,,7.79,7.86,1.36,2.45,3.41,2.93,4.58,3.25,2.76,4.1,0.98,1.59,1.77,3.78
6.22,5.85,5.7,,7.79,7.86,1.36,2.97,3.41,2.94,4.6,3.25,2.76,4.1,0.99,1.56,1.77,3.78
6.23,5.84,5.26,,7.8,7.86,1.36,3.62,3.41,3.14,4.6,3.26,2.76,4.1,0.99,1.54,1.77,3.79
6.22,5.84,2.75,,7.8,7.86,1.36,3.92,3.41,3.85,4.61,3.26,2.76,4.11,0.97,1.53,1.77,3.79
6.23,5.85,,,7.8,7.86,1.36,3.92,3.41,4.51,4.61,3.26,2.76,4.11,0.96,1.53,1.77,3.79
6.23,5.85,,,7.81,7.86,1.36,3.74,3.52,4.7,4.61,3.26,2.76,4.11,0.96,1.57,1.77,3.79
6.23,5.85,,,7.82,7.86,1.37,3.55,3.98,4.42,4.61,3.27,2.76,4.11,0.98,1.63,1.76,3.8
6.23,5.85,,,7.82,7.86,1.52,3.54,4.53,4.28,4.61,3.27,2.77,4.11,1.23,1.58,1.76,3.8
6.23,5.85,,,7.82,7.87,2.63,3.57,4.7,4.3,4.61,3.27,2.87,4.11,1.83,1.55,1.76,3.8
6.24,5.84,,,7.83,7.87,2.71,3.6,4.69,4.33,4.61,3.28,3.31,4.11,2.15,1.54,1.76,3.81
6.24,5.84,,,7.83,7.87,2.6,3.71,4.55,4.36,4.61,3.28,3.76,4.11,2.15,1.53,1.76,3.81
6.24,5.84,,,7.83,7.87,2.41,3.81,4.44,4.4,4.61,3.28,3.87,4.12,1.92,1.56,1.76,3.81
6.24,5.84,,,7.84,7.87,2.37,3.83,4.44,4.5,4.61,3.29,3.74,4.12,1.89,1.63,1.76,3.81
6.24,5.84,,,7.84,7.87,2.39,3.81,4.49,4.58,4.61,3.29,3.64,4.12,1.9,1.63,1.76,3.81
6.25,5.84,,,7.85,7.87,2.41,3.76,4.51,4.56,4.61,3.29,3.64,4.12,1.9,1.59,1.76,3.81
6.25,5.84,,,7.85,7.87,2.44,3.68,4.56,4.51,4.62,3.29,3.65,4.12,1.92,1.56,1.76,3.82
6.25,5.84,,,7.85,7.87,2.51,3.67,4.63,4.45,4.62,3.29,3.67,4.12,2,1.53,1.76,3.82
6.25,5.84,,,7.85,7.87,2.53,3.69,4.64,4.44,4.62,3.29,3.68,4.12,2.03,1.53,1.76,3.82
6.25,5.84,,,7.86,7.87,2.52,3.73,4.63,4.46,4.62,3.29,3.72,4.12,2.01,1.59,1.76,3.82
6.25,5.84,,,7.86,7.87,2.5,3.75,4.62,4.48,4.62,3.29,3.77,4.12,1.99,1.65,1.76,3.82
6.26,5.84,,,7.86,7.88,2.46,3.77,4.58,4.5,4.62,3.29,3.77,4.12,1.96,1.62,1.76,3.82
6.26,5.84,,,7.87,7.88,2.45,3.8,4.55,4.51,4.62,3.29,3.76,4.13,1.95,1.58,1.76,3.83
6.26,5.84,,,7.87,7.88,2.46,3.81,4.57,4.52,4.62,3.29,3.75,4.13,1.95,1.56,1.76,3.83
6.26,5.84,,,7.87,7.88,2.47,3.8,4.58,4.55,4.66,3.29,3.72,4.13,1.95,1.54,1.76,3.83
6.27,5.84,,,7.87,,2.48,3.8,4.59,4.56,4.9,3.29,3.71,4.13,1.95,1.54,1.76,3.83
6.27,5.84,,,7.87,,2.48,3.8,4.6,4.56,5.38,3.29,3.71,4.13,1.95,1.61,1.76,3.83
6.27,5.84,,,7.88,,2.48,3.8,4.6,4.56,5.85,3.29,3.72,4.13,1.95,1.65,1.75,3.84
6.27,5.84,,,7.88,,2.49,3.8,4.61,4.56,5.84,3.29,3.73,4.13,1.96,1.62,1.75,3.84
6.28,5.84,,,7.88,,2.49,3.81,4.61,4.56,5.76,3.29,3.73,4.13,2,1.58,1.75,3.84
6.28,5.84,,,7.88,,2.49,3.81,4.62,4.56,5.67,3.29,3.74,4.13,1.98,1.59,1.75,3.84
6.28,5.84,,,7.88,,2.49,3.81,4.63,4.56,5.66,3.29,3.74,4.13,1.97,1.96,1.75,3.84
6.29,5.84,,,7.88,,2.49,3.81,4.62,4.57,5.67,3.29,3.74,4.13,1.96,2.79,1.75,3.84
6.28,5.85,,,7.88,,2.49,3.81,4.62,4.57,5.68,3.29,3.74,4.14,1.96,3.29,1.75,3.84
6.29,5.85,,,7.88,,2.49,3.81,4.62,4.57,5.7,3.29,3.74,4.14,1.96,3.2,1.75,3.84
6.29,5.85,,,7.88,,2.49,3.81,4.63,4.57,5.7,3.29,3.74,4.14,1.95,2.96,1.75,3.85
6.29,5.85,,,7.88,,2.49,3.82,4.63,4.57,5.75,3.29,3.74,4.14,1.96,2.85,1.75,3.85
6.29,5.85,,,7.88,,2.5,3.82,4.63,4.57,5.8,3.29,3.74,4.14,1.97,2.85,1.75,3.85
6.3,5.85,,,7.89,,2.5,3.82,4.63,4.57,5.83,3.29,3.75,4.14,1.99,2.85,1.75,3.85
6.3,5.85,,,7.89,,2.5,3.82,4.63,4.58,5.82,3.29,3.74,4.14,1.97,2.91,1.75,3.85
6.3,5.85,,,7.89,,2.5,3.82,4.63,4.58,5.81,3.29,3.75,4.14,1.96,3.11,1.75,3.85
6.3,5.85,,,7.89,,2.51,3.82,4.63,4.58,5.81,3.29,3.75,4.14,1.96,3.19,1.76,3.85
6.3,5.85,,,7.89,,2.51,3.82,4.63,4.58,5.8,3.29,3.74,4.14,1.96,3.08,1.84,3.85
6.3,5.86,,,7.89,,2.51,3.82,4.63,4.58,5.77,3.38,3.75,4.14,1.95,3.04,2.08,3.85
6.31,5.86,,,7.89,,2.5,3.82,4.63,4.58,5.77,4.64,3.75,4.14,1.96,3.02,2.3,3.85
6.31,5.86,,,7.89,,2.5,3.82,4.63,4.58,5.77,5.03,3.75,4.14,1.98,3,2.28,3.85
6.31,5.86,,,7.89,,2.51,3.82,4.63,4.59,5.77,5.05,3.75,4.14,1.99,3.02,2.22,3.85
6.31,5.86,,,7.89,,2.5,3.82,4.63,4.59,5.78,4.86,3.74,4.14,1.97,3.13,2.18,3.85
6.32,5.86,,,6.22,,2.5,3.82,4.63,4.59,5.79,4.66,3.75,4.14,1.96,3.18,2.18,3.86
6.32,5.85,,,2.13,,2.5,3.82,4.64,4.59,5.79,4.65,3.75,4.14,1.96,3.13,2.19,3.86
6.32,5.2,,,,,2.5,3.82,4.63,4.59,5.8,4.69,3.75,4.14,1.96,3.08,2.19,3.86
6.32,0.73,,,,,2.5,3.82,4.63,4.59,5.8,4.72,3.75,4.14,1.96,3.03,2.2,3.86
6.33,,,,,,2.5,3.82,4.64,4.59,5.8,4.76,3.75,4.14,1.98,3.07,2.21,3.86
6.33,,,,,,2.5,3.82,4.64,4.59,5.8,4.97,3.75,4.15,1.99,3.18,2.24,3.86
6.33,,,,,,2.5,3.82,4.63,4.59,5.8,4.99,3.75,4.15,1.98,3.18,2.23,3.87
6.33,,,,,,2.5,3.82,4.64,4.6,5.8,4.98,3.75,4.15,1.96,3.12,2.22,4.04
6.34,,,,,,2.5,3.82,4.64,4.6,5.81,4.94,3.75,4.15,1.96,3.08,2.22,4.6
6.34,,,,,,2.5,3.82,4.64,4.6,5.81,4.86,3.75,4.15,1.96,3.05,2.22,5.15
6.34,,,,,,2.5,3.82,4.64,4.6,5.81,4.84,3.75,4.15,1.97,3.05,2.21,5.3
6.34,,,,,,2.5,3.82,4.64,4.6,5.81,4.86,3.75,4.15,1.98,3.2,2.21,5.28
6.34,,,,,,2.5,3.82,4.64,4.6,5.81,4.89,3.75,4.15,1.99,3.16,2.21,5
6.35,,,,,,2.5,3.83,4.64,4.6,5.81,4.92,3.75,4.15,1.97,3.11,2.21,5
6.35,,,,,,2.5,3.83,4.64,4.6,5.81,4.93,3.75,4.15,1.97,3.07,2.21,5.03
6.35,,,,,,2.5,3.83,4.64,4.6,5.81,4.96,3.75,4.15,1.96,3.05,2.21,5.06
6.35,,,,,,2.5,3.88,4.64,4.6,5.81,4.99,3.75,4.15,1.96,3.09,2.21,5.08
6.36,,,,,,2.5,4.14,4.64,4.6,5.81,5,3.75,4.16,1.98,3.2,2.21,5.13
6.35,,,,,,2.5,4.68,4.64,4.61,5.81,4.99,3.75,4.18,1.99,3.19,2.21,5.22
6.36,,,,,,2.5,5.22,4.63,4.62,5.82,4.99,3.75,4.42,1.98,3.13,2.21,5.25
6.36,,,,,,2.5,5.45,4.63,4.7,5.82,4.99,3.75,5.09,1.97,3.07,2.21,5.23
6.36,,,,,,2.5,5.47,4.63,5.04,5.82,4.99,3.75,5.65,1.96,3.06,2.21,5.22
6.36,,,,,,2.5,5.38,4.63,5.58,5.82,5,3.75,5.78,1.96,3.15,2.21,5.18
6.37,,,,,,2.5,5.17,4.63,6,5.82,5,3.75,5.73,1.96,3.22,2.21,5.16
6.37,,,,,,2.51,5.19,4.63,6.09,5.82,5.01,3.75,5.53,1.98,3.17,2.21,5.16
6.37,,,,,,2.51,5.21,4.63,6.07,5.82,5.01,3.75,5.4,1.99,3.12,2.21,5.18
6.38,,,,,,2.51,5.24,4.63,5.93,5.89,5.01,3.75,5.43,1.98,3.09,2.21,5.19
6.38,,,,,,2.52,5.26,4.63,5.79,6.11,5.02,3.75,5.46,1.97,3.06,2.21,5.21
6.38,,,,,,2.67,5.29,4.63,5.81,6.39,5.02,3.75,5.48,1.96,3.2,2.21,5.22
6.38,,,,,,3.66,5.36,4.63,5.84,6.61,5.02,3.75,5.55,1.96,3.21,2.21,5.23
6.39,,,,,,3.77,5.44,4.63,5.86,6.76,5.02,3.75,5.65,1.96,3.15,2.21,5.23
6.38,,,,,,3.72,5.5,4.63,5.88,6.8,5.03,3.75,5.66,1.97,3.11,2.21,5.23
6.39,,,,,,3.57,5.49,4.64,5.91,6.82,5.03,3.75,5.64,1.98,3.08,2.21,5.23
6.39,,,,,,3.5,5.47,4.74,5.97,6.84,5.03,4.18,5.6,1.98,3.07,2.21,5.24
6.39,,,,,,3.51,5.4,5.37,6.05,6.86,5.03,4.47,5.55,1.97,3.14,2.21,5.24
6.39,,,,,,3.53,5.37,5.56,6.07,6.88,5.04,4.58,5.55,1.96,3.22,2.21,5.24
6.39,,,,,,3.54,5.38,5.59,6.06,6.89,5.04,4.57,5.56,1.96,3.18,2.21,5.24
6.4,,,,,,3.57,5.4,5.56,6.02,6.89,5.04,4.53,5.57,1.96,3.1,2.21,5.25
6.4,,,,,,3.68,5.42,5.46,5.97,6.88,5.04,4.44,5.59,1.97,3.07,2.21,5.25
6.4,,,,,,3.67,5.44,5.41,5.96,6.88,5.05,4.41,5.6,1.99,3.1,2.21,5.25
6.4,,,,,,3.66,5.46,5.42,5.97,6.88,5.05,4.42,5.61,1.99,3.2,2.21,5.25
6.41,,,,,,3.63,5.48,5.44,5.98,6.88,5.05,4.44,5.61,1.97,3.21,2.21,5.26
6.4,,,,,,3.59,5.49,5.46,6,6.88,5.05,4.45,5.62,1.96,3.15,2.21,5.26
6.41,,,,,,3.59,5.51,5.49,6.01,6.88,5.05,4.46,5.62,1.96,3.11,2.21,5.26
6.41,,,,,,3.6,5.53,5.52,6.03,6.88,5.06,4.47,5.63,1.96,3.08,2.21,5.26
6.41,,,,,,3.61,5.53,5.56,6.04,6.88,5.06,4.5,5.63,1.98,3.18,2.21,5.26
6.41,,,,,,3.62,5.53,5.6,6.05,6.88,5.06,4.54,5.63,1.99,3.29,2.21,5.26
6.42,,,,,,3.62,5.53,5.6,6.06,6.89,5.06,4.55,5.63,1.98,3.66,2.21,5.27
6.42,,,,,,3.63,5.54,5.59,6.06,6.88,5.06,4.54,5.64,1.97,4.39,2.21,5.27
6.42,,,,,,3.64,5.54,5.59,6.07,6.88,5.07,4.53,5.64,1.96,4.85,2.21,5.27
6.42,,,,,,3.64,5.54,5.57,6.08,6.88,5.07,4.49,5.65,1.99,4.85,2.21,5.27
6.42,,,,,,3.65,5.54,5.53,6.07,6.89,5.07,4.48,5.65,2.24,4.76,2.21,5.27
6.43,,,,,,3.65,5.55,5.54,6.08,6.89,5.07,4.48,5.66,2.69,4.6,2.21,5.28
6.43,,,,,,3.65,5.55,5.55,6.08,6.89,5.07,4.48,5.66,2.92,4.48,2.21,5.28
6.43,,,,,,3.65,5.56,5.55,6.08,6.89,5.07,4.49,5.65,2.92,4.41,2.2,5.28
6.44,,,,,,3.65,5.56,5.56,6.09,6.89,5.08,4.49,5.65,2.86,4.42,2.21,5.29
6.43,,,,,,3.65,5.56,5.57,6.09,6.89,5.08,4.5,5.65,2.75,4.59,2.35,5.29
6.44,,,,,,3.65,5.56,5.58,6.09,6.89,5.08,4.5,5.65,2.71,4.78,2.54,5.29
6.44,,,,,,3.65,5.57,5.58,6.09,6.89,5.08,4.51,5.66,2.71,4.77,2.67,5.29
6.45,,,,,,3.65,5.57,5.58,6.09,6.89,5.08,4.51,5.66,2.72,4.69,2.68,5.3
6.44,,,,,,3.65,5.57,5.58,6.1,6.89,5.08,4.51,5.66,2.76,4.64,2.67,5.3
6.44,,,,,,3.65,5.57,5.59,6.1,6.89,5.09,4.51,5.66,2.83,4.6,2.63,5.3
6.45,,,,,,3.65,5.57,5.59,6.1,6.89,5.09,4.51,5.66,2.85,4.57,2.61,5.3
6.45,,,,,,3.65,5.57,5.59,6.1,6.89,5.09,4.51,5.66,2.83,4.76,2.61,5.31
6.45,,,,,,3.65,5.57,5.59,6.1,6.89,5.09,4.51,5.66,2.81,4.76,2.61,5.31
6.45,,,,,,3.66,5.57,5.59,6.11,6.89,5.09,4.52,5.66,2.8,4.7,2.62,5.32
6.45,,,,,,3.65,5.58,5.59,6.11,6.89,5.09,4.52,5.66,2.79,4.65,2.62,5.32
6.45,,,,,,3.65,5.58,5.59,6.11,6.89,5.09,4.52,5.67,2.78,4.61,2.62,5.32
6.46,,,,,,3.66,5.58,5.6,6.11,6.89,5.1,4.52,5.67,2.77,4.63,2.63,5.32
6.46,,,,,,3.66,5.58,5.6,6.11,6.89,5.1,4.52,5.67,2.77,4.75,2.65,5.32
6.47,,,,,,3.66,5.58,5.6,6.11,6.89,5.1,4.52,5.67,2.79,4.78,2.66,5.32
6.47,,,,,,3.66,5.58,5.6,6.12,6.89,5.1,4.52,5.67,2.83,4.67,2.65,5.32
6.47,,,,,,3.66,5.58,5.6,6.12,6.89,5.1,4.52,5.67,2.84,4.62,2.65,5.5
6.47,,,,,,3.66,5.58,5.6,6.12,6.89,5.11,4.52,5.67,2.82,4.64,2.65,6.07
6.47,,,,,,3.66,5.58,5.6,6.12,6.89,5.24,4.52,5.67,2.81,4.76,2.64,6.71
6.48,,,,,,3.66,5.59,5.6,6.12,6.89,5.72,4.52,5.67,2.79,4.79,2.64,7
6.48,,,,,,3.66,5.59,5.6,6.12,6.89,6.4,4.52,5.67,2.79,4.73,2.64,7
6.48,,,,,,3.66,5.59,5.61,6.12,6.89,6.82,4.52,5.67,2.78,4.67,2.64,6.95
6.48,,,,,,3.66,5.59,5.61,6.12,6.89,6.9,4.52,5.67,2.78,4.63,2.64,6.82
6.48,,,,,,3.66,5.59,5.61,6.13,6.89,6.87,4.52,5.67,2.8,4.65,2.64,6.77
6.48,,,,,,3.66,5.59,5.61,6.13,6.89,6.72,4.52,5.68,2.83,4.8,2.64,6.78
6.48,,,,,,3.66,5.59,5.61,6.12,6.89,6.61,4.52,5.68,2.83,4.74,2.64,6.81
6.49,,,,,,3.66,5.6,5.61,6.12,6.89,6.63,4.52,5.68,2.81,4.68,2.64,6.82
6.49,,,,,,3.66,5.62,5.61,6.12,6.89,6.65,4.52,5.68,2.8,4.64,2.64,6.83
6.49,,,,,,3.66,5.7,5.61,6.12,6.89,6.67,4.52,5.68,2.79,4.64,2.64,6.84
6.49,,,,,,3.66,5.95,5.61,6.12,6.89,6.68,4.52,5.68,2.78,4.75,2.64,6.88
6.5,,,,,,3.66,6.36,5.61,6.12,6.89,6.71,4.52,5.68,2.78,4.81,2.64,6.95
6.5,,,,,,3.66,6.75,5.61,6.12,6.89,6.77,4.52,5.68,2.8,4.76,2.64,6.98
6.5,,,,,,3.66,7,5.61,6.12,6.68,6.85,4.52,5.68,2.83,4.65,2.64,6.97
6.5,,,,,,3.66,7.13,5.61,6.12,4.49,6.89,4.52,5.68,2.83,4.64,2.64,6.95
6.51,,,,,,3.66,7.22,5.63,6.13,0.98,6.87,4.52,5.68,2.81,4.74,2.64,6.95
6.51,,,,,,3.66,7.35,5.69,6.13,0.93,6.86,4.52,5.68,2.8,4.81,2.64,6.94
6.52,,,,,,3.66,7.41,5.85,6.13,0.89,6.81,4.52,5.68,2.79,4.76,2.64,6.92
6.52,,,,,,3.66,7.45,6.05,6.13,0.87,6.78,4.52,5.68,2.78,4.7,2.64,6.92
6.52,,,,,,3.66,7.49,6.3,6.13,0.86,6.78,4.52,5.68,2.79,4.66,2.64,6.92
6.52,,,,,,3.67,7.53,6.36,6.13,0.84,6.79,4.52,5.68,2.81,4.65,2.64,6.92
6.52,,,,,,3.79,7.55,6.4,6.13,0.83,6.8,4.52,5.68,2.83,4.76,2.64,6.92
6.52,,,,,,4.17,7.55,6.45,6.13,0.82,6.81,4.52,5.68,2.83,4.77,2.64,6.93
6.52,,,,,,4.8,7.56,6.48,6.13,0.81,6.83,4.52,5.68,2.81,4.71,2.64,6.94
6.52,,,,,,4.81,7.58,6.51,6.13,0.8,6.84,4.52,5.69,2.8,4.66,2.64,6.95
6.52,,,,,,4.76,7.59,6.54,6.15,0.8,6.85,4.52,5.69,2.79,4.65,2.63,6.95
6.53,,,,,,4.65,7.6,6.56,6.19,0.79,6.85,4.52,5.69,2.78,4.75,2.63,6.95
6.52,,,,,,4.61,7.6,6.56,6.35,0.78,6.86,4.52,5.77,2.8,4.82,2.63,6.95
6.52,,,,,,4.62,7.61,6.57,6.71,0.78,6.87,4.53,6.12,2.82,4.77,2.63,6.96
6.52,,,,,,4.63,7.61,6.58,7.36,0.78,6.89,4.57,6.63,2.83,4.71,2.63,6.96
6.52,,,,,,4.64,7.61,6.59,7.49,0.77,6.9,4.7,7.04,2.81,4.66,2.63,6.96
6.53,,,,,,4.67,7.62,6.59,7.56,0.77,6.9,4.9,7.14,2.8,4.76,2.63,6.96
6.53,,,,,,4.71,7.62,6.6,7.62,0.76,6.89,5.04,7.13,2.79,4.82,2.63,6.96
6.53,,,,,,4.77,7.63,6.6,7.67,0.76,6.89,5.12,7.01,2.79,4.76,2.63,6.97
6.53,,,,,,4.8,7.63,6.6,7.71,0.76,6.89,5.17,6.89,2.8,4.7,2.63,6.97
6.53,,,,,,4.79,7.63,6.6,7.74,0.75,6.9,5.19,6.91,2.83,4.66,2.63,6.97
6.53,,,,,,4.78,7.63,6.6,7.77,0.75,6.9,5.21,6.93,2.83,4.75,2.63,6.97
6.53,,,,,,4.75,7.64,6.61,7.83,0.75,6.9,5.22,6.95,2.82,5.24,2.63,6.97
6.53,,,,,,4.72,7.64,6.61,7.85,0.75,6.9,5.24,6.97,2.8,5.9,2.63,6.97
6.52,,,,,,4.72,7.64,6.61,7.86,0.74,6.9,5.25,6.99,2.8,6.36,2.63,6.97
6.53,,,,,,4.73,7.65,6.61,7.86,0.74,6.9,5.26,7.03,2.79,6.28,2.63,6.98
6.53,,,,,,4.74,7.65,6.61,7.87,0.74,6.91,5.27,7.11,2.79,6.21,2.63,6.98
6.53,,,,,,4.74,7.66,6.62,7.87,0.74,6.91,5.28,7.17,2.8,6.16,2.63,6.98
6.52,,,,,,4.75,7.66,6.62,7.88,0.73,6.91,5.28,7.16,2.83,6.1,2.63,6.98
6.53,,,,,,4.75,7.66,6.62,7.88,0.73,6.91,5.28,7.15,2.82,6.05,2.63,6.98
6.52,,,,,,4.76,7.67,6.63,7.88,0.73,6.91,5.28,7.1,2.8,6.07,2.63,6.98
6.52,,,,,,4.77,7.67,6.63,7.89,0.73,6.91,5.28,7.06,2.8,6.2,2.63,6.98
6.52,,,,,,4.78,7.67,6.63,7.9,0.73,6.92,5.28,7.06,2.79,6.3,2.63,6.98
6.52,,,,,,4.78,7.68,6.63,7.9,0.73,6.92,5.28,7.07,2.79,6.23,2.63,6.99
6.52,,,,,,4.78,7.68,6.64,7.9,0.73,6.92,5.28,7.09,2.8,6.17,2.63,6.99
6.53,,,,,,4.78,7.69,6.64,7.9,0.72,6.92,5.28,7.1,2.82,6.14,2.63,7
6.53,,,,,,4.78,7.7,6.64,7.89,0.72,6.93,5.28,7.11,2.82,6.19,2.63,7.07
6.53,,,,,,4.78,7.7,6.65,7.89,0.72,6.93,5.28,7.13,2.81,6.3,2.63,7.33
6.53,,,,,,4.78,7.71,6.65,7.89,0.72,6.93,5.28,7.14,2.8,6.34,2.63,7.69
6.53,,,,,,4.78,7.71,6.65,7.89,0.72,6.93,5.29,7.15,2.79,6.28,2.63,7.97
6.53,,,,,,4.78,7.72,6.66,7.89,0.72,6.94,5.29,7.16,2.79,6.21,2.63,8.12
6.53,,,,,,4.78,7.72,6.66,7.89,0.73,6.99,5.29,7.17,2.79,6.15,2.63,8.18
6.52,,,,,,4.79,7.73,6.66,7.89,0.89,7.58,5.29,7.19,2.82,6.25,2.63,8.24
6.52,,,,,,4.79,7.73,6.66,7.9,2.27,7.93,5.29,7.19,2.84,6.34,2.63,8.26
6.53,,,,,,4.79,7.74,6.67,7.9,2.38,8.17,5.29,7.19,2.83,6.31,2.63,8.27
6.53,,,,,,4.79,7.74,6.67,7.9,2.32,8.29,5.29,7.19,2.8,6.24,2.62,8.29
6.52,,,,,,4.79,7.75,6.67,7.9,2.12,8.35,5.29,7.19,2.79,6.18,2.62,8.3
6.53,,,,,,4.79,7.75,6.67,7.91,1.99,8.4,5.29,7.19,2.79,6.17,2.63,8.31
6.53,,,,,,4.79,7.75,6.68,7.91,2,8.44,5.29,7.19,2.78,6.24,2.63,8.32
6.53,,,,,,4.79,7.76,6.68,7.92,2.03,8.47,5.29,7.2,2.8,6.33,2.62,8.33
6.53,,,,,,4.79,7.76,6.68,7.92,2.04,8.5,5.28,7.2,2.83,6.26,2.62,8.35
6.53,,,,,,4.79,7.77,6.68,7.92,2.05,8.55,5.28,7.2,2.83,6.19,2.64,8.36
6.53,,,,,,4.79,7.77,6.43,7.93,2.06,8.57,5.28,7.2,2.82,6.16,2.69,8.36
6.53,,,,,,4.79,7.78,4.26,7.93,2.07,8.59,5.28,7.2,2.8,6.21,2.79,8.37
6.53,,,,,,4.8,7.78,1.61,7.93,2.08,8.59,5.28,7.21,2.79,6.32,2.89,8.38
6.54,,,,,,4.8,7.78,0.89,7.94,2.08,8.59,5.28,7.21,2.79,6.34,2.95,8.38
6.54,,,,,,4.8,7.79,0.84,7.94,2.07,8.59,5.28,7.21,2.8,6.27,2.97,8.39
6.54,,,,,,4.8,7.79,0.81,7.95,2.07,8.6,5.28,7.21,2.82,6.21,2.98,8.4
6.55,,,,,,4.8,7.79,0.78,7.95,2.07,8.6,5.28,7.21,2.83,6.21,2.99,8.4
6.54,,,,,,4.8,7.8,0.76,7.95,2.07,8.6,5.28,7.22,2.82,6.32,2.99,8.41
6.55,,,,,,4.8,7.62,0.74,7.95,2.07,8.61,5.28,7.22,2.81,6.34,3,8.41
6.54,,,,,,4.8,4.97,0.73,7.96,2.07,8.61,5.28,7.22,2.8,6.28,3,8.42
6.55,,,,,,4.8,0.82,0.71,7.96,2.07,8.62,5.28,7.22,2.8,6.22,3,8.42
6.55,,,,,,4.8,1.05,0.7,7.96,2.07,8.62,5.28,7.23,2.95,6.17,3.01,8.43
6.55,,,,,,4.8,1.44,0.68,7.96,2.07,8.62,5.28,7.23,3.28,6.21,3.01,8.43
6.55,,,,,,4.8,1.42,0.67,7.97,2.07,8.63,5.28,7.23,3.57,6.32,3.01,8.43
6.55,,,,,,4.8,1.22,0.66,7.97,2.07,8.63,5.28,7.23,3.65,6.29,3.01,8.44
6.55,,,,,,4.8,0.95,0.65,7.97,2.07,8.63,5.28,7.23,3.63,6.23,3.01,8.44
6.55,,,,,,4.8,0.97,0.65,7.98,2.07,8.63,5.28,7.24,3.6,6.18,3.02,8.45
6.55,,,,,,4.8,0.99,0.64,7.98,2.07,8.64,5.28,7.24,3.56,6.18,3.02,8.45
6.55,,,,,,4.8,1.01,0.64,7.98,2.07,8.64,5.28,7.24,3.53,6.28,3.02,8.45
6.55,,,,,,4.8,1.04,0.63,7.98,2.07,8.64,5.28,7.24,3.52,6.35,3.02,8.46
6.55,,,,,,4.8,1.07,0.62,7.98,2.07,8.64,5.28,7.24,3.51,6.31,3.02,8.46
6.55,,,,,,4.8,1.08,0.61,7.72,2.07,8.65,5.28,7.25,3.5,6.24,3.02,8.46
6.55,,,,,,4.81,1.06,0.61,4.77,2.07,8.65,5.28,7.25,3.5,6.19,3.02,8.46
6.54,,,,,,4.86,1.04,0.61,0.79,2.07,8.65,5.28,7.25,3.52,6.28,3.03,8.47
6.53,,,,,,5.28,1.04,0.75,0.51,2.07,8.65,5.28,7.25,3.57,6.35,3.03,8.47
6.51,,,,,,5.5,1.04,1.44,0.54,2.07,8.66,5.28,7.25,3.62,6.31,3.03,8.47
6.5,,,,,,5.64,1.04,2.33,0.59,2.07,8.66,5.28,7.25,3.61,6.24,3.03,8.47
6.5,,,,,,5.7,1.04,2.55,0.61,2.07,8.66,5.28,7.25,3.57,6.19,3.03,8.48
6.47,,,,,,5.75,1.04,2.49,0.62,2.07,8.66,5.28,7.26,3.57,6.19,3.03,8.48
6.42,,,,,,5.78,1.04,2.1,0.64,2.07,8.66,5.28,7.26,3.56,6.27,3.03,8.48
6.37,,,,,,5.81,1.04,2.1,0.65,2.07,8.66,5.28,7.26,3.55,6.36,3.03,8.48
6.35,,,,,,5.84,1.04,2.12,0.67,2.07,8.66,5.28,7.26,3.54,6.26,3.03,8.48
6.36,,,,,,5.85,1.04,2.14,0.68,2.07,8.66,5.28,7.26,3.55,6.2,3.03,8.49
6.36,,,,,,5.85,1.04,2.14,0.69,2.07,8.66,5.28,7.26,3.58,6.18,3.03,8.49
6.38,,,,,,5.85,1.04,2.15,0.71,2.07,8.66,5.28,7.26,3.61,6.25,3.03,8.49
6.38,,,,,,5.85,1.04,2.15,0.71,2.07,8.66,5.28,7.27,3.58,6.35,3.03,8.49
6.39,,,,,,5.86,1.04,2.16,0.72,2.07,8.66,5.28,7.27,3.57,6.35,3.03,8.49
6.39,,,,,,5.86,1.03,2.16,0.73,2.07,8.66,5.28,7.27,3.56,6.28,3.03,8.5
6.4,,,,,,5.86,1.03,2.16,0.74,2.07,8.66,5.28,7.27,3.55,6.21,3.03,8.5
6.41,,,,,,5.87,1.03,2.16,0.75,2.07,8.66,5.25,7.27,3.55,6.18,3.03,8.5
6.41,,,,,,5.87,1.03,2.16,0.75,2.07,8.67,4.33,7.27,3.55,6.34,3.03,8.5
6.41,,,,,,5.87,1.03,2.16,0.76,2.07,8.67,1.92,7.28,3.58,6.36,3.03,8.5
6.4,,,,,,5.87,1.03,2.15,0.76,2.07,8.67,0.87,7.28,3.61,6.29,3.03,8.51
6.4,,,,,,5.87,1.03,2.15,0.77,2.07,8.67,0.75,7.28,3.6,6.23,3.03,8.51
6.4,,,,,,5.87,1.03,2.15,0.78,2.07,8.67,0.68,7.29,3.57,6.18,3.03,8.51
6.4,,,,,,5.87,1.03,2.15,0.78,2.07,8.67,0.66,7.34,3.56,6.21,3.03,8.51
6.41,,,,,,5.87,1.03,2.15,0.79,2.19,8.67,0.64,7.52,3.55,6.32,3.03,8.51
6.41,,,,,,5.87,1.03,2.15,0.79,2.79,8.67,0.63,7.86,3.55,6.36,3.03,8.51
6.41,,,,,,5.87,1.03,2.15,0.79,3.48,8.67,0.62,8.18,3.55,6.24,3.04,8.51
6.41,,,,,,5.87,1.03,2.15,0.8,3.64,8.67,0.61,8.39,3.58,6.19,3.04,8.51
6.41,,,,,,5.87,1.03,2.15,0.8,3.35,7.99,0.6,8.49,3.6,6.21,3.03,8.52
6.42,,,,,,5.87,1.03,2.15,0.79,3.27,3.9,0.59,8.54,3.6,6.3,3.03,8.52
6.42,,,,,,5.87,1.03,2.14,0.56,3.29,0.52,0.58,8.58,3.58,6.36,3.03,8.52
6.43,,,,,,5.87,1.03,2.14,1.38,3.31,0.53,0.57,8.64,3.56,6.32,3.04,8.52
6.43,,,,,,5.87,1.03,2.14,1.57,3.33,0.54,0.56,8.67,3.55,6.25,3.03,8.11
6.43,,,,,,5.87,1.03,2.14,1.48,3.39,0.55,0.56,8.69,3.54,6.19,3.03,4.79
6.43,,,,,,5.87,1.03,2.14,1.18,3.44,0.56,0.55,8.71,3.55,6.19,3.03,1.19
6.43,,,,,,5.88,1.03,2.14,1,3.44,0.56,0.55,8.73,3.58,6.37,3.04,0.82
6.4,,,,,,5.88,1.03,2.14,1.01,3.43,0.57,0.54,8.75,3.6,6.33,3.04,1.83
2.61,,,,,,5.88,1.02,2.14,1.06,3.41,0.57,0.54,8.76,3.59,6.26,3.04,2.54
1.31,,,,,,5.88,1.02,2.14,1.08,3.38,0.58,0.53,8.78,3.58,6.2,3.03,2.59
1.18,,,,,,5.89,1.02,2.14,1.11,3.36,0.58,0.53,8.8,3.56,6.19,2.58,2.49
1.13,,,,,,5.89,1.02,2.14,1.15,3.36,0.58,0.52,8.82,3.55,6.3,1.27,2.22
1.1,,,,,,5.89,1.02,2.14,1.16,3.37,0.59,0.52,8.83,3.54,6.59,0.62,2.08
1.08,,,,,,5.89,1.02,2.14,1.15,3.38,0.59,0.52,8.83,3.55,6.97,0.55,2.1
1.06,,,,,,5.89,1.02,2.14,1.14,3.39,0.59,0.51,8.84,3.58,7.52,0.53,2.15
1.05,,,,,,5.89,1.02,2.13,1.13,3.39,0.59,0.51,8.85,3.6,7.62,0.53,2.17
1.04,,,,,,5.9,1.02,2.13,1.13,3.4,0.58,0.51,8.86,3.59,7.65,0.52,2.21
1.02,,,,,,5.9,1.02,2.13,1.13,3.4,1.57,0.51,8.87,3.58,7.66,0.52,2.26
1.02,,,,,,5.9,1.02,2.13,1.13,3.4,1.87,0.54,8.88,3.57,7.66,0.51,2.25
1,,,,,,5.9,1.02,2.13,1.13,3.4,1.8,1.58,8.89,3.55,7.67,0.51,2.23
0.98,,,,,,5.9,1.02,2.48,1.13,3.4,1.5,2,8.9,3.54,7.67,0.51,2.22
0.96,,,,,,5.9,1.02,3.25,1.13,3.4,1.27,2,8.9,3.54,7.67,0.51,2.21
0.95,,,,,,5.9,1.02,3.71,1.13,3.4,1.27,1.9,8.9,3.57,7.67,0.51,2.21
0.94,,,,,,5.9,1.08,3.73,1.13,3.4,1.31,1.7,8.91,3.6,7.67,0.61,2.21
,,,,,,5.91,1.51,3.58,1.13,3.4,1.33,1.65,8.91,3.59,7.67,1.03,2.22
,,,,,,5.91,2.32,3.39,1.13,3.4,1.39,1.67,8.91,3.58,7.68,1.37,2.22
,,,,,,5.91,2.69,3.37,1.13,3.41,1.43,1.68,8.91,3.56,7.68,1.39,2.22
,,,,,,5.91,2.67,3.4,1.13,3.41,1.44,1.7,8.92,3.55,7.68,1.36,2.22
,,,,,,5.91,2.46,3.42,1.13,3.41,1.42,1.71,8.92,3.54,7.68,1.26,2.22
,,,,,,5.91,2.25,3.51,1.13,3.41,1.41,1.72,8.92,3.54,7.68,1.19,2.22
,,,,,,5.91,2.24,3.54,1.13,3.42,1.4,1.73,8.92,3.57,7.68,1.21,2.22
,,,,,,5.91,2.27,3.53,1.13,3.42,1.4,1.72,8.92,3.59,7.68,1.21,2.22
,,,,,,5.91,2.36,3.51,1.13,3.42,1.4,1.72,8.93,3.59,7.68,1.21,2.22
,,,,,,5.91,2.46,3.51,1.13,3.4,1.4,1.71,8.93,3.57,7.68,1.21,2.22
,,,,,,5.91,2.49,3.5,1.13,3.4,1.4,1.71,8.93,3.56,7.68,1.21,2.22
,,,,,,5.91,2.47,3.47,1.14,3.4,1.41,1.71,8.93,3.55,7.68,1.21,2.22
,,,,,,5.92,2.45,3.46,1.13,3.41,1.41,1.71,8.94,3.54,7.68,1.21,2.23
,,,,,,5.92,2.42,3.47,1.13,3.41,1.41,1.71,8.94,3.55,7.68,1.21,2.23
,,,,,,5.92,2.36,3.48,1.13,3.41,1.41,1.71,8.94,3.57,7.68,1.22,2.23
,,,,,,5.92,2.36,3.48,1.13,3.41,1.41,1.71,8.94,3.59,7.68,1.22,2.23
,,,,,,5.92,2.39,3.48,1.13,3.41,1.41,1.71,8.94,3.59,7.68,1.21,2.23
,,,,,,5.92,2.4,3.49,1.13,3.41,1.41,1.71,8.94,3.57,7.68,1.21,2.23
,,,,,,5.92,2.41,3.49,1.13,3.41,1.41,1.7,8.95,3.56,7.68,1.21,2.23
,,,,,,5.92,2.41,3.49,1.13,3.41,1.41,1.7,8.95,3.55,7.68,1.21,2.23
,,,,,,5.93,2.41,3.49,1.13,3.41,1.41,1.7,8.95,3.6,7.68,1.21,2.23
,,,,,,5.93,2.41,3.49,1.13,3.41,1.41,1.7,8.95,3.76,7.67,1.21,2.23
,,,,,,5.93,2.41,3.49,1.13,3.42,1.41,1.7,8.95,3.95,7.67,1.21,2.23
,,,,,,5.93,2.42,3.49,1.13,3.62,1.41,1.7,8.95,4.08,7.68,1.21,2.23
,,,,,,5.93,2.42,3.49,1.13,4.2,1.41,1.7,8.66,4.15,7.68,1.21,2.23
,,,,,,5.93,2.42,3.49,1.13,4.72,1.41,1.7,5.68,4.17,7.68,1.21,2.23
,,,,,,5.93,2.42,3.49,1.13,4.78,1.41,1.7,1.77,4.18,7.67,1.21,2.23
,,,,,,5.93,2.43,3.49,1.13,4.62,1.41,1.7,0.82,4.18,7.67,1.21,2.23
,,,,,,5.63,2.43,3.49,1.13,4.54,1.41,1.7,0.69,4.19,7.67,1.21,2.23
,,,,,,3.36,2.43,3.49,1.13,4.54,1.41,1.7,0.56,4.19,7.67,1.2,2.23
,,,,,,1.06,2.43,3.49,1.13,4.56,1.41,1.7,0.52,4.19,7.67,1.2,2.23
,,,,,,0.64,2.43,3.49,1.13,4.58,1.41,1.7,1.57,4.19,7.67,1.2,2.24
,,,,,,0.58,2.44,3.49,1.13,4.59,1.41,1.7,2.91,4.19,7.67,1.2,2.24
,,,,,,0.54,2.44,3.49,1.13,4.64,1.41,1.69,2.8,4.19,7.67,1.2,2.24
,,,,,,0.78,2.44,3.5,1.13,4.7,1.41,1.69,2.47,4.18,7.67,1.2,2.24
,,,,,,1.74,2.44,3.5,1.13,4.69,1.41,1.69,2.26,4.18,7.67,1.2,2.24
,,,,,,1.72,2.44,3.5,1.13,4.68,1.41,1.69,2.27,4.18,7.67,1.2,2.24
,,,,,,1.59,2.44,3.5,1.13,4.65,1.41,1.69,2.31,4.18,7.67,1.2,2.24
,,,,,,1.43,2.44,3.5,1.13,4.62,1.41,1.69,2.33,4.18,7.67,1.2,2.24
,,,,,,1.41,2.44,3.5,1.12,4.62,1.41,1.69,2.35,4.18,7.67,1.2,2.24
,,,,,,1.43,2.44,3.5,1.12,4.63,1.41,1.69,2.4,4.18,7.67,1.2,2.24
,,,,,,1.44,2.45,3.5,1.12,4.64,1.41,1.69,2.43,4.17,7.67,1.2,2.24
,,,,,,1.45,2.45,3.5,1.12,4.65,1.41,1.69,2.42,4.17,7.67,1.2,2.24
,,,,,,1.48,2.44,3.5,1.12,4.66,1.41,1.69,2.4,4.17,7.67,1.2,2.24
,,,,,,1.48,2.44,3.5,1.12,4.66,1.41,1.69,2.39,4.17,7.67,1.2,2.24
,,,,,,1.48,2.45,3.5,1.12,4.66,1.41,1.69,2.39,4.17,7.67,1.2,2.24
,,,,,,1.47,2.45,3.53,1.12,4.67,1.41,1.69,2.39,4.16,7.67,1.2,2.24
,,,,,,1.47,2.45,3.78,1.12,4.67,1.41,1.69,2.39,4.16,7.66,1.2,2.24
,,,,,,1.47,2.45,4.69,1.15,4.67,1.41,1.69,2.39,4.16,7.66,1.2,2.24
,,,,,,1.47,2.45,4.74,1.46,4.67,1.41,1.69,2.39,4.16,7.66,1.2,2.24
,,,,,,1.47,2.45,4.68,2.44,4.68,1.41,1.69,2.39,4.16,7.66,1.2,2.24
,,,,,,1.47,2.45,4.51,3.24,4.68,1.41,1.68,2.39,4.16,7.66,1.2,2.25
,,,,,,1.47,2.45,4.46,3.2,4.68,2.06,1.68,2.39,4.16,7.66,1.2,2.31
,,,,,,1.46,2.45,4.47,2.89,4.68,3.11,1.68,2.39,4.16,7.66,1.2,2.78
,,,,,,1.46,2.45,4.5,2.82,4.68,3.59,1.68,2.39,4.15,7.66,1.2,3.62
,,,,,,1.46,2.45,4.52,2.85,4.68,3.58,1.68,2.39,4.15,7.66,1.2,4
,,,,,,1.46,2.45,4.61,2.88,4.68,3.36,1.68,2.39,4.15,7.66,1.2,4.02
,,,,,,1.46,2.45,4.66,2.93,4.68,3.12,1.68,2.39,4.15,7.66,1.2,3.87
,,,,,,1.46,2.45,4.66,3.02,4.68,3.11,1.69,2.39,4.15,7.66,1.2,3.66
,,,,,,1.46,2.45,4.65,3.1,4.68,3.15,1.85,2.39,4.15,7.66,1.2,3.7
,,,,,,1.46,2.45,4.63,3.07,4.68,3.18,2.44,2.39,4.15,7.66,1.2,3.73
,,,,,,1.46,2.45,4.58,3.06,4.68,3.36,2.97,2.39,4.15,7.66,1.2,3.76
,,,,,,1.46,2.45,4.57,3.02,4.69,3.41,3.05,2.39,4.14,7.66,1.2,3.83
,,,,,,1.46,2.45,4.58,2.97,4.69,3.39,2.78,2.39,4.14,7.66,1.2,3.89
,,,,,,1.46,2.45,4.59,2.97,4.69,3.37,2.73,2.39,4.14,7.66,1.2,3.88
,,,,,,1.46,2.45,4.61,2.98,4.69,3.34,2.74,2.39,4.14,7.66,1.2,3.86
,,,,,,1.46,2.45,4.62,3,4.69,3.28,2.76,2.39,4.14,7.66,1.2,3.86
,,,,,,1.46,2.45,4.62,3.02,4.69,3.26,2.78,2.39,4.14,7.66,1.2,3.86
,,,,,,1.46,2.63,4.63,3.02,4.69,3.28,2.82,2.38,4.14,7.66,1.2,3.84
,,,,,,1.45,3.2,4.64,3.03,4.69,3.32,2.86,2.38,4.14,7.61,1.2,3.83
,,,,,,1.45,3.78,4.64,3.03,4.69,3.33,2.87,2.38,4.13,6.12,1.2,3.83
,,,,,,1.45,3.95,4.64,3.03,4.69,3.33,2.84,2.38,4.13,1.98,1.22,3.84
,,,,,,1.45,3.91,4.64,3.03,4.69,3.34,2.84,2.38,4.13,0.51,1.41,3.85
,,,,,,1.45,3.7,4.64,3.04,4.69,3.34,2.84,2.38,4.13,0.51,1.75,3.86
,,,,,,1.45,3.56,4.64,3.04,4.69,3.34,2.83,2.38,4.13,0.51,1.85,3.86
,,,,,,1.45,3.57,4.64,3.04,4.69,3.35,2.82,2.38,4.13,0.52,1.79,3.86
,,,,,,1.45,3.62,4.64,3.04,4.69,3.35,2.81,2.38,4.13,0.52,1.73,3.87
,,,,,,1.45,3.66,4.64,3.05,4.69,3.35,2.81,2.38,4.13,0.52,1.72,3.87
,,,,,,1.45,3.74,4.64,3.05,4.69,3.35,2.82,2.38,4.13,0.52,1.73,3.88
,,,,,,1.45,3.83,4.64,3.05,4.71,3.35,2.82,2.38,4.13,0.53,1.73,3.88
,,,,,,1.45,3.84,4.64,3.05,4.89,3.36,2.82,2.38,4.13,0.53,1.74,3.88
,,,,,,1.45,3.83,4.64,3.05,5.32,3.36,2.82,2.38,4.12,0.53,1.75,3.88
,,,,,,1.45,3.79,4.64,3.05,5.74,3.36,2.83,2.38,4.12,0.54,1.77,3.88
,,,,,,1.45,3.71,4.64,3.05,5.9,3.36,2.83,2.38,4.12,0.54,1.76,3.89
,,,,,,1.45,3.7,4.65,3.06,5.9,3.36,2.83,2.38,4.12,0.54,1.75,3.89
,,,,,,1.45,3.74,4.65,3.06,5.84,3.37,2.83,2.38,4.12,0.54,1.75,3.89
,,,,,,1.45,3.76,4.65,3.06,5.72,3.37,2.83,2.38,4.12,0.54,1.75,3.89
,,,,,,1.45,3.77,4.65,3.06,5.73,3.38,2.83,2.38,4.12,0.54,1.75,3.9
,,,,,,1.44,3.79,4.65,3.06,5.74,3.38,2.83,2.38,4.12,0.55,1.75,3.9
,,,,,,1.44,3.8,4.65,3.06,5.75,3.38,2.83,2.38,4.12,0.55,1.75,3.9
,,,,,,1.44,3.82,4.65,3.07,5.76,3.38,2.83,2.38,4.12,0.55,1.75,3.9
,,,,,,1.44,3.82,4.65,3.07,5.77,3.39,2.83,2.37,4.12,0.55,1.75,3.9
,,,,,,1.44,3.82,4.65,3.07,5.79,3.39,2.83,2.38,4.12,0.55,1.75,3.9
,,,,,,1.44,3.82,4.65,3.07,5.83,3.39,2.83,2.38,4.12,0.55,1.75,3.9
,,,,,,1.44,3.82,4.65,3.07,5.88,3.4,2.83,2.38,4.11,0.55,1.74,3.9
,,,,,,1.44,3.82,4.65,3.07,5.87,3.4,2.83,2.37,4.11,0.55,1.74,3.91
,,,,,,1.44,3.82,4.65,3.07,5.87,3.4,2.83,2.37,4.11,0.55,1.74,3.91
,,,,,,1.44,3.82,4.65,3.07,5.86,3.4,2.83,2.37,4.11,0.55,1.74,3.91
,,,,,,1.44,3.83,4.65,3.07,5.83,3.4,2.83,2.37,4.11,0.55,1.74,3.91
,,,,,,1.44,3.83,4.65,3.07,5.81,3.4,2.83,2.37,4.11,0.55,1.74,3.91
,,,,,,1.44,3.83,4.65,3.07,5.81,3.4,2.83,2.39,4.11,0.55,1.74,3.91
,,,,,,1.44,3.83,4.65,3.07,5.82,3.4,2.83,3.46,4.03,0.55,1.74,3.91
,,,,,,1.44,3.83,4.65,3.08,5.82,3.4,2.83,4.37,2.8,0.55,1.74,3.91
,,,,,,1.44,3.84,4.65,3.08,5.84,3.4,2.83,4.56,0.6,0.55,1.74,3.91
,,,,,,1.45,3.84,4.65,3.08,5.84,3.4,2.83,4.47,0.93,0.55,1.74,3.92
,,,,,,1.66,3.84,4.68,3.08,5.85,3.4,2.83,4.19,1.29,0.55,1.74,3.92
,,,,,,2.28,3.84,4.83,3.08,5.85,3.4,2.83,4.05,1.28,0.71,1.74,3.92
,,,,,,2.73,3.84,5.45,3.08,5.85,3.4,2.83,4.07,1.19,1.7,1.74,3.92
,,,,,,2.78,3.84,5.57,3.08,5.85,3.4,2.83,4.1,1.01,1.86,1.74,3.92
,,,,,,2.65,3.84,5.57,3.08,5.86,3.41,2.83,4.2,0.96,1.81,1.74,3.92
,,,,,,2.49,3.84,5.53,3.08,5.86,3.56,2.83,4.29,0.97,1.61,1.73,3.92
,,,,,,2.46,3.84,5.44,3.08,5.86,4.16,2.83,4.31,0.99,1.4,1.73,3.92
,,,,,,2.5,3.84,5.42,3.08,5.86,5.18,2.83,4.28,1.05,1.36,1.73,3.92
,,,,,,2.53,3.84,5.44,3.08,5.87,5.18,2.83,4.27,1.08,1.38,1.73,3.92
,,,,,,2.59,3.84,5.46,3.08,5.87,5,2.83,4.26,1.06,1.52,1.73,3.92
,,,,,,2.61,3.84,5.48,3.09,5.87,4.82,2.83,4.21,1.04,1.65,1.73,3.92
,,,,,,2.6,3.84,5.51,3.09,5.88,4.81,2.83,4.18,1.02,1.64,1.73,3.93
,,,,,,2.59,3.84,5.53,3.09,5.88,4.84,2.83,4.19,1.01,1.59,1.73,3.93
,,,,,,2.58,3.84,5.56,3.09,5.88,4.88,2.83,4.22,1.01,1.55,1.73,3.93
,,,,,,2.56,3.84,5.6,3.09,5.88,4.9,2.83,4.22,1.01,1.53,1.73,3.93
,,,,,,2.54,3.84,5.61,3.09,5.88,5.07,2.83,4.23,1.01,1.52,1.73,3.93
,,,,,,2.55,3.84,5.6,3.09,5.88,5.12,2.83,4.23,1.01,1.51,1.73,3.93
,,,,,,2.56,3.84,5.59,3.09,5.88,5.11,2.83,4.23,1.01,1.5,1.73,3.93
,,,,,,2.56,3.84,5.59,3.11,5.88,5.1,2.83,4.24,1,1.55,1.73,3.93
,,,,,,2.56,3.84,5.56,3.4,5.88,5.05,2.83,4.24,1,1.63,1.73,3.93
,,,,,,2.56,3.84,5.55,4.12,5.88,5,2.83,4.24,1.01,1.63,1.73,3.93
,,,,,,2.57,3.84,5.56,4.66,5.88,4.99,2.83,4.24,1.03,1.59,1.73,3.93
,,,,,,2.57,3.84,5.56,4.78,5.88,5.01,2.83,4.24,1.02,1.56,1.73,3.93
,,,,,,2.57,3.84,5.57,4.71,5.88,5.03,2.83,4.24,1.01,1.54,1.73,3.93
,,,,,,2.57,3.84,5.58,4.39,5.88,5.06,2.83,4.24,1.01,1.53,1.73,3.93
,,,,,,2.57,3.85,5.59,4.41,5.88,5.07,2.83,4.25,1,1.53,1.73,3.93
,,,,,,2.57,3.85,5.59,4.44,5.88,5.08,3.13,4.25,1,1.64,1.73,3.93
,,,,,,2.57,3.88,5.6,4.46,5.88,5.09,3.63,4.25,1,1.63,1.73,3.93
,,,,,,2.57,4.05,5.6,4.49,5.88,5.1,3.89,4.25,1.01,1.6,1.73,3.94
,,,,,,2.57,4.54,5.6,4.57,5.88,5.11,3.9,4.25,1.03,1.57,1.73,3.94
,,,,,,2.57,5.11,5.61,4.65,5.88,5.12,3.84,4.25,1.02,1.55,1.73,3.94
,,,,,,2.57,5.5,5.61,4.66,5.88,5.13,3.71,4.25,1.01,1.54,1.78,3.94
,,,,,,2.57,5.46,5.61,4.63,5.88,5.12,3.66,4.25,1,1.55,1.98,3.94
,,,,,,2.57,5.29,5.61,4.59,5.89,5.12,3.67,4.26,1,1.63,2.21,3.94
,,,,,,2.58,5.21,5.61,4.54,5.89,5.13,3.7,4.25,1,1.62,2.27,3.94
,,,,,,2.58,5.22,5.61,4.54,5.88,5.13,3.72,4.26,1,1.59,2.26,3.94
,,,,,,2.58,5.25,5.62,4.56,5.89,5.13,3.76,4.26,1.01,1.57,2.22,3.94
,,,,,,2.58,5.28,5.62,4.57,5.9,5.13,3.81,4.26,1.02,1.56,2.17,3.94
,,,,,,2.58,5.3,5.62,4.59,5.97,5.13,3.81,4.26,1.01,1.55,2.16,4.02
,,,,,,2.58,5.36,5.62,4.6,6.17,5.14,3.8,4.26,1.01,1.6,2.17,5.08
,,,,,,2.58,5.43,5.63,4.61,6.59,5.14,3.79,4.26,1,1.66,2.17,5.37
,,,,,,2.59,5.51,5.62,4.62,6.67,5.14,3.77,4.26,1,1.64,2.18,5.38
,,,,,,2.59,5.55,5.63,4.62,6.72,5.15,3.74,4.26,1,1.61,2.2,5.31
,,,,,,2.59,5.54,5.63,4.63,6.75,5.15,3.74,4.26,1,1.56,2.21,5.12
,,,,,,2.59,5.54,5.63,4.63,6.77,5.15,3.75,4.26,1.02,1.55,2.21,5.07
,,,,,,2.59,5.51,5.63,4.64,6.79,5.15,3.76,4.26,1.02,1.59,2.2,5.09
,,,,,,2.59,5.44,5.63,4.64,6.81,5.15,3.76,4.26,1.01,1.66,2.2,5.12
,,,,,,2.59,5.43,5.63,4.65,6.82,5.15,3.77,4.27,1,1.66,2.2,5.17
,,,,,,2.59,5.45,5.63,4.65,6.83,5.16,3.77,4.27,1,1.62,2.2,5.23
,,,,,,2.59,5.47,5.63,4.65,6.85,5.16,3.77,4.27,1,1.59,2.19,5.31
,,,,,,2.59,5.48,5.63,4.65,6.86,5.16,3.77,4.27,0.99,1.58,2.19,5.33
,,,,,,2.59,5.5,5.63,4.65,6.87,5.16,3.77,4.27,1,1.57,2.19,5.31
,,,,,,2.59,5.51,5.63,4.65,6.87,5.16,3.77,4.27,1.02,1.63,2.19,5.3
,,,,,,2.59,5.52,5.63,4.65,6.88,5.17,3.77,4.27,1.03,1.67,2.19,5.3
,,,,,,2.59,5.53,5.64,4.65,6.88,5.17,3.77,4.27,1.02,1.65,2.19,5.27
,,,,,,2.59,5.55,5.64,4.65,6.89,5.17,3.77,4.27,1.01,1.61,2.19,5.25
,,,,,,2.59,5.56,5.64,4.65,6.89,5.17,3.77,4.27,1,1.59,2.19,5.26
,,,,,,2.59,5.57,5.64,4.66,6.9,5.17,3.77,4.27,0.99,1.57,2.19,5.27
,,,,,,2.58,5.57,5.64,4.66,6.9,5.19,3.77,4.27,0.99,1.57,2.19,5.29
,,,,,,2.58,5.57,5.64,4.66,6.91,5.41,3.77,4.27,1,1.61,2.19,5.3
,,,,,,2.59,5.58,5.64,4.66,6.91,5.99,3.77,4.27,1.01,1.67,2.19,5.3
,,,,,,2.58,5.58,5.64,4.66,6.91,6.62,3.77,4.27,1.02,1.63,2.19,5.31
,,,,,,2.58,5.59,5.64,4.67,6.91,6.92,3.77,4.27,1.02,1.6,2.19,5.31
,,,,,,2.58,5.59,5.64,4.67,6.92,6.95,3.77,4.27,1.01,1.59,2.19,5.32
,,,,,,2.58,5.59,5.64,4.67,6.92,6.89,3.77,4.27,1,1.57,2.19,5.32
,,,,,,2.58,5.6,5.64,4.67,6.92,6.74,3.77,4.27,0.99,1.59,2.19,5.32
,,,,,,2.59,5.6,5.64,4.67,6.92,6.69,3.77,4.28,0.99,1.65,2.19,5.33
,,,,,,2.58,5.6,5.64,4.67,6.93,6.71,3.77,4.28,1,1.68,2.19,5.33
,,,,,,2.58,5.61,5.64,4.67,6.93,6.73,3.77,4.27,1.01,1.61,2.19,5.33
,,,,,,2.58,5.61,5.64,4.67,6.93,6.75,3.77,4.27,1.02,1.59,2.19,5.33
,,,,,,2.58,5.61,5.64,4.67,6.93,6.76,3.78,4.28,1.02,1.58,2.19,5.34
,,,,,,2.58,5.61,5.64,4.67,6.93,6.78,3.78,4.28,1.01,1.57,2.19,5.34
,,,,,,2.58,5.61,5.64,4.67,6.93,6.83,3.77,4.32,1,1.62,2.19,5.34
,,,,,,2.58,5.61,5.64,4.68,6.94,6.9,3.77,4.7,0.99,1.68,2.19,5.34
,,,,,,2.58,5.61,5.64,4.68,6.94,6.95,3.77,5.38,0.99,1.66,2.19,5.35
,,,,,,2.58,5.61,5.64,4.68,6.94,6.93,3.77,5.8,1.03,1.63,2.19,5.35
,,,,,,2.58,5.61,5.64,4.68,6.94,6.93,3.78,5.85,1.36,1.6,2.19,5.35
,,,,,,2.58,5.61,5.64,4.68,6.95,6.91,3.78,5.78,1.92,1.57,2.19,5.35
,,,,,,2.58,5.61,5.65,4.68,6.95,6.87,3.77,5.55,2.13,1.62,2.19,5.35
,,,,,,2.58,5.61,5.65,4.68,6.95,6.85,3.78,5.46,2.11,2.01,2.19,5.35
,,,,,,2.58,5.62,5.65,4.68,6.95,6.86,3.78,5.49,1.9,2.82,2.19,5.36
,,,,,,2.58,5.62,5.65,4.68,6.95,6.86,3.78,5.54,1.88,3.29,2.19,5.36
,,,,,,2.58,5.62,5.65,4.68,6.95,6.87,3.78,5.57,1.88,3.31,2.18,5.36
,,,,,,2.61,5.62,5.65,4.69,6.95,6.89,3.78,5.64,1.89,3.21,2.19,5.37
,,,,,,3.44,5.62,5.65,4.72,6.95,6.9,3.78,5.73,1.91,2.97,2.18,5.37
,,,,,,3.79,5.63,5.65,4.9,6.95,6.91,3.78,5.75,1.98,2.85,2.18,5.37
,,,,,,3.83,5.63,5.67,5.36,6.95,6.91,3.77,5.73,2.01,2.85,2.18,5.37
,,,,,,3.76,5.63,5.84,5.86,6.95,6.92,3.78,5.72,1.99,2.91,2.18,5.37
,,,,,,3.61,5.64,6.02,6.1,6.96,6.93,3.78,5.67,1.97,3.11,2.18,5.37
,,,,,,3.57,5.64,6.17,6.12,6.96,6.94,3.77,5.63,1.95,3.21,2.18,5.37
,,,,,,3.59,5.64,6.26,6.07,6.95,6.94,3.77,5.64,1.94,3.16,2.18,5.38
,,,,,,3.6,5.64,6.31,5.93,6.96,6.95,3.77,5.66,1.94,3.1,2.18,5.38
,,,,,,3.65,5.64,6.35,5.89,6.96,6.96,3.78,5.67,1.94,3.06,2.18,5.38
,,,,,,3.72,5.64,6.38,5.91,6.96,6.96,3.78,5.68,1.94,3.03,2.18,5.38
,,,,,,3.75,5.65,6.41,5.94,6.96,6.96,3.78,5.69,1.94,3.01,2.18,5.38
,,,,,,3.74,5.68,6.44,5.95,6.96,6.96,3.78,5.69,1.94,3.07,2.18,5.38
,,,,,,3.73,5.78,6.48,5.97,6.96,6.96,3.78,5.7,1.96,3.19,2.19,5.38
,,,,,,3.69,6.05,6.49,6,6.96,6.96,3.78,5.7,1.98,3.17,2.37,5.38
,,,,,,3.65,6.42,6.51,6.04,6.96,6.96,3.78,5.7,1.96,3.11,2.55,5.39
,,,,,,3.65,6.88,6.52,6.1,6.96,6.96,3.78,5.71,1.96,3.08,2.65,5.39
,,,,,,3.67,6.97,6.53,6.14,6.96,6.97,3.78,5.71,1.95,3.05,2.65,5.39
,,,,,,3.68,7.04,6.54,6.13,6.96,6.97,3.78,5.71,1.95,3.04,2.64,5.39
,,,,,,3.69,7.1,6.55,6.13,6.95,6.97,3.78,5.72,1.94,3.2,2.62,5.39
,,,,,,3.7,7.15,6.56,6.11,6.95,6.97,3.78,5.72,1.94,3.16,2.59,5.39
,,,,,,3.72,7.19,6.58,6.06,6.95,6.97,3.78,5.73,1.96,3.11,2.59,5.39
,,,,,,3.73,7.23,6.59,6.05,6.95,6.97,3.87,5.73,1.98,3.08,2.6,5.4
,,,,,,3.72,7.26,6.59,6.05,6.95,6.97,4.16,5.74,1.96,3.06,2.6,5.43
,,,,,,3.72,7.29,6.6,6.06,6.95,6.98,4.45,5.74,1.95,3.09,2.61,6.36
,,,,,,3.72,7.34,6.61,6.07,6.95,6.98,4.57,5.73,1.95,3.19,2.61,6.89
,,,,,,3.72,7.36,6.61,6.1,6.95,6.98,4.57,5.73,1.94,3.2,2.61,7.05
,,,,,,3.72,7.38,6.62,6.11,6.94,6.98,4.53,5.73,1.94,3.14,2.61,7.04
,,,,,,3.72,7.39,6.62,6.12,6.94,6.98,4.42,5.74,1.96,3.07,2.62,7.01
,,,,,,3.72,7.41,6.63,6.12,6.95,6.98,4.43,5.74,1.98,3.07,2.63,6.93
,,,,,,3.72,7.43,6.64,6.13,6.95,6.98,4.43,5.74,1.98,3.16,2.64,6.91
,,,,,,3.72,7.44,6.64,6.13,6.95,6.98,4.44,5.74,1.96,3.22,2.63,6.91
,,,,,,3.72,7.45,6.65,6.14,6.95,6.98,4.45,5.74,1.95,3.18,2.63,6.92
,,,,,,3.72,7.48,6.65,6.14,6.95,6.98,4.46,5.74,1.94,3.13,2.63,6.95
,,,,,,3.72,7.49,6.66,6.15,6.95,6.99,4.47,5.74,1.94,3.09,2.63,6.96
,,,,,,3.72,7.5,6.66,6.15,6.95,7.02,4.48,5.74,1.95,3.07,2.63,6.96
,,,,,,3.72,7.51,6.66,6.16,6.95,7.19,4.54,5.74,1.97,3.21,2.62,6.97
,,,,,,3.73,7.52,6.67,6.16,6.76,7.51,4.55,5.74,1.98,3.21,2.62,6.97
,,,,,,3.73,7.53,6.68,6.16,4.65,7.83,4.54,5.75,1.97,3.16,2.62,6.98
,,,,,,3.73,7.54,6.68,6.17,1.75,8.04,4.53,5.75,1.96,3.12,2.62,7
,,,,,,3.73,7.55,6.68,6.17,1.09,8.15,4.53,5.75,1.95,3.09,2.62,7.03
,,,,,,3.73,7.56,6.69,6.17,1.03,8.2,4.52,5.75,1.94,3.08,2.62,7.04
,,,,,,3.73,7.58,6.69,6.17,1,8.25,4.5,5.75,1.96,3.16,2.62,7.03
,,,,,,3.73,7.59,6.69,6.17,0.96,8.31,4.5,5.75,1.97,3.22,2.62,7.03
,,,,,,3.73,7.6,6.7,6.18,0.95,8.34,4.5,5.75,1.98,3.18,2.62,7.03
,,,,,,3.73,7.6,6.7,6.18,0.93,8.36,4.5,5.75,1.97,3.1,2.62,7.03
,,,,,,3.73,7.61,6.7,6.18,0.92,8.38,4.5,5.75,1.96,3.08,2.62,7.03
,,,,,,3.73,7.62,6.71,6.18,0.92,8.4,4.5,5.75,1.95,3.15,2.62,7.03
,,,,,,3.73,7.63,6.71,6.18,0.91,8.41,4.51,5.75,1.94,3.23,2.62,7.03
,,,,,,3.73,7.63,6.72,6.18,0.9,8.42,4.51,5.76,1.95,3.2,2.62,7.03
,,,,,,3.73,7.65,6.72,6.19,0.9,8.44,4.51,5.75,1.97,3.14,2.62,7.04
,,,,,,3.73,7.66,6.72,6.19,0.88,8.46,4.51,5.75,1.98,3.11,2.62,7.04
,,,,,,3.73,7.67,6.72,6.19,0.88,8.47,4.52,5.76,1.97,3.08,2.62,7.04
,,,,,,3.73,7.67,6.72,6.19,0.88,8.48,4.52,5.76,1.96,3.22,2.62,7.04
,,,,,,3.73,7.68,6.72,6.19,,8.48,4.52,5.76,1.95,3.22,2.62,7.04
,,,,,,3.73,7.69,6.73,6.19,,8.49,4.52,5.76,1.95,3.16,2.62,7.04
,,,,,,3.73,7.7,6.73,6.2,,8.5,4.52,5.76,1.95,3.12,2.62,7.04
,,,,,,3.74,7.7,6.73,6.2,,8.5,4.52,5.76,1.97,3.09,2.62,7.04
,,,,,,3.73,7.71,6.73,6.2,,8.51,4.52,5.76,1.97,3.09,2.62,7.04
,,,,,,3.73,7.73,6.73,6.2,,8.51,4.52,5.76,1.96,3.19,2.62,7.04
,,,,,,3.74,7.73,6.73,6.2,,8.53,4.52,5.76,1.95,3.23,2.62,7.04
,,,,,,3.74,7.74,6.73,6.2,,8.53,4.52,5.76,1.95,3.18,2.62,7.05
,,,,,,3.74,7.75,6.72,6.21,,8.54,4.52,5.77,1.99,3.1,2.62,7.05
,,,,,,3.74,7.75,6.72,6.21,,8.54,4.52,5.77,2.28,3.09,2.62,7.05
,,,,,,3.74,7.76,6.72,6.21,,8.54,4.52,5.83,2.71,3.15,2.62,7.05
,,,,,,3.74,7.77,6.72,6.21,,8.55,4.52,6.15,2.88,3.24,2.62,7.05
,,,,,,3.74,7.77,6.72,6.21,,8.55,4.52,7.08,2.84,3.21,2.62,7.05
,,,,,,3.82,7.78,6.72,6.21,,8.55,4.52,7.23,2.74,3.15,2.62,7.05
,,,,,,4.1,7.78,6.72,6.21,,8.56,4.52,7.22,2.7,3.12,2.62,7.05
,,,,,,4.81,7.78,6.72,6.21,,8.56,4.52,7.14,2.69,3.09,2.61,7.05
,,,,,,4.86,7.79,6.72,6.22,,8.57,4.52,7.04,2.7,3.1,2.61,7.05
,,,,,,4.84,7.79,6.72,6.22,,8.57,4.52,7.03,2.7,3.23,2.62,7.05
,,,,,,4.75,7.79,6.72,6.22,,8.57,4.52,7.04,2.72,3.18,2.61,7.05
,,,,,,4.69,7.79,6.73,6.22,,8.58,4.52,7.06,2.79,3.13,2.61,7.06
,,,,,,4.69,7.78,6.73,6.22,,8.58,4.52,7.1,2.81,3.1,2.61,7.06
,,,,,,4.7,7.75,6.73,6.22,,8.58,4.52,7.11,2.79,3.1,2.61,7.06
,,,,,,4.72,7.73,6.73,6.22,,8.58,4.52,7.13,2.78,3.19,2.61,7.06
,,,,,,4.74,7.73,6.73,6.22,,8.59,4.52,7.16,2.77,3.24,2.61,7.06
,,,,,,4.75,7.73,6.73,6.22,,8.59,4.52,7.21,2.77,3.32,2.61,7.06
,,,,,,4.79,7.73,6.74,6.22,,8.59,4.52,7.26,2.76,4.54,2.61,7.06
,,,,,,4.83,7.74,6.74,6.22,,8.59,4.52,7.26,2.76,4.88,2.61,7.06
,,,,,,4.85,7.74,6.74,6.23,,8.6,4.52,7.25,2.76,4.85,2.61,7.06
,,,,,,4.84,7.74,6.74,6.23,,8.6,4.52,7.24,2.8,4.75,2.61,7.06
,,,,,,4.84,7.74,6.74,6.23,,8.6,4.52,7.24,2.82,4.6,2.61,7.06
,,,,,,4.83,7.75,6.74,6.23,,8.6,4.52,7.23,2.8,4.51,2.61,7.06
,,,,,,4.81,7.76,6.75,6.23,,8.6,4.52,7.22,2.79,4.47,2.61,7.06
,,,,,,4.79,7.76,6.75,6.23,,8.61,4.52,7.22,2.78,4.44,2.61,7.06
,,,,,,4.79,7.77,6.75,6.25,,8.61,4.52,7.22,2.77,4.44,2.61,7.06
,,,,,,4.79,7.77,6.75,6.3,,8.61,4.52,7.23,2.77,4.8,2.61,7.07
,,,,,,4.8,7.78,6.75,6.46,,8.61,4.52,7.23,2.76,4.78,2.61,7.06
,,,,,,4.81,7.78,6.75,6.75,,8.61,4.52,7.23,2.78,4.71,2.61,7.07
,,,,,,4.81,7.79,6.76,7.03,,8.61,4.52,7.25,2.81,4.66,2.61,7.07
,,,,,,4.82,7.79,6.76,7.22,,8.62,4.52,7.25,2.8,4.62,2.61,7.07
,,,,,,4.82,7.8,6.76,7.31,,8.62,4.52,7.25,2.79,4.59,2.61,7.07
,,,,,,4.83,7.8,6.76,7.42,,8.62,4.53,7.26,2.78,4.65,2.61,7.07
,,,,,,4.84,7.81,6.76,7.46,,8.62,4.53,7.26,2.77,4.78,2.61,7.07
,,,,,,4.84,7.81,6.76,7.49,,8.62,4.52,7.26,2.77,4.71,2.61,7.07
,,,,,,4.85,7.81,6.76,7.52,,8.62,4.53,7.27,2.77,4.66,2.61,7.07
,,,,,,4.85,7.82,6.77,7.55,,8.63,4.54,7.27,2.79,4.62,2.61,7.07
,,,,,,4.84,7.82,6.77,7.57,,8.63,4.6,7.27,2.81,4.64,2.61,7.07
,,,,,,4.85,7.82,6.77,7.59,,8.63,4.75,7.27,2.79,4.75,2.61,7.07
,,,,,,4.85,7.83,6.77,7.6,,8.63,4.9,7.28,2.78,4.8,2.61,7.07
,,,,,,4.85,7.84,6.76,7.63,,8.63,4.99,7.28,2.78,4.74,2.61,7.07
,,,,,,4.85,7.84,6.76,7.64,,8.63,5.03,7.28,2.77,4.68,2.61,7.07
,,,,,,4.85,7.84,6.75,7.65,,8.64,5.06,7.28,2.76,4.64,2.62,7.07
,,,,,,4.85,7.85,6.75,7.66,,8.64,5.07,7.28,2.78,4.75,2.65,7.07
,,,,,,4.85,7.85,6.75,7.67,,8.64,5.08,7.29,2.8,4.81,2.71,7.07
,,,,,,4.85,7.85,6.75,7.68,,8.64,5.09,7.29,2.81,4.75,2.78,7.08
,,,,,,4.85,7.86,6.75,7.69,,8.64,5.1,7.29,2.79,4.69,2.86,7.08
,,,,,,4.85,7.86,6.75,7.7,,8.64,5.11,7.29,2.78,4.65,2.87,7.08
,,,,,,4.85,7.87,6.75,7.71,,8.64,5.12,7.29,2.77,4.65,2.88,7.08
,,,,,,4.85,7.87,6.75,7.72,,8.65,5.13,7.3,2.77,4.75,2.88,7.08
,,,,,,4.85,7.87,6.75,7.73,,8.65,5.13,7.3,2.77,4.81,2.88,7.08
,,,,,,4.85,7.87,6.75,7.74,,8.65,5.14,7.3,2.79,4.7,2.89,7.08
,,,,,,4.85,7.87,6.75,7.74,,8.65,5.15,7.3,2.81,4.66,2.89,7.08
,,,,,,4.85,7.88,6.75,7.75,,8.65,5.15,7.3,2.81,4.67,2.89,7.08
,,,,,,4.85,7.88,6.76,7.75,,8.65,5.15,7.3,2.79,4.77,2.89,7.08
,,,,,,4.86,7.88,6.76,7.76,,8.65,5.16,7.31,2.78,4.81,2.9,7.08
,,,,,,4.86,7.88,6.76,7.76,,8.65,5.16,7.31,2.77,4.75,2.9,7.08
,,,,,,4.86,7.89,6.76,7.77,,8.66,5.16,7.31,2.77,4.7,2.9,7.08
,,,,,,4.86,7.89,6.76,7.78,,8.66,5.17,7.31,2.78,4.66,2.9,7.08
,,,,,,4.86,7.89,6.76,7.78,,8.66,5.17,7.31,2.81,4.68,2.91,7.08
,,,,,,4.86,7.89,6.76,7.79,,8.66,5.17,7.31,2.82,4.81,2.91,7.08
,,,,,,4.86,7.89,6.77,7.79,,8.66,5.18,7.32,2.8,4.75,2.91,7.08
,,,,,,4.86,7.89,6.74,7.8,,8.66,5.18,7.32,2.79,4.7,2.91,7.09
,,,,,,4.86,7.89,5.71,7.8,,8.66,5.18,7.32,2.77,4.66,2.91,7.09
,,,,,,4.86,7.89,2.75,7.81,,8.67,5.18,7.32,2.77,4.69,2.91,7.09
,,,,,,4.86,7.89,1.28,7.81,,8.67,5.19,7.32,2.77,4.81,2.91,7.1
,,,,,,4.86,7.89,1.09,7.82,,8.67,5.19,7.32,2.79,4.82,2.91,7.12
,,,,,,4.86,7.89,1.02,7.82,,8.67,5.19,7.32,2.81,4.75,2.91,7.24
,,,,,,4.86,7.89,0.98,7.83,,8.67,5.19,7.32,2.81,4.66,2.91,7.46
,,,,,,4.86,7.89,0.95,7.83,,8.67,5.19,7.33,2.79,4.7,2.92,7.67
,,,,,,4.86,7.89,0.91,7.83,,8.67,5.19,7.33,2.79,4.81,2.92,7.82
,,,,,,4.86,7.89,0.89,7.84,,8.67,5.2,7.33,2.78,4.81,2.92,7.88
,,,,,,4.87,7.89,0.88,7.84,,8.67,5.2,7.47,2.77,4.75,2.92,7.91
,,,,,,4.87,7.89,0.86,7.85,,8.67,5.2,7.73,2.79,4.7,2.92,7.95
,,,,,,4.87,7.89,0.85,7.85,,8.67,5.2,7.99,2.81,4.66,2.92,7.96
,,,,,,4.87,7.89,0.84,7.86,,8.68,5.2,8.18,2.81,4.71,2.92,7.97
,,,,,,4.87,7.89,0.83,7.86,,8.68,5.2,8.28,2.8,4.82,2.92,7.98
,,,,,,4.87,7.89,0.82,7.86,,8.68,5.21,8.33,2.79,4.76,2.92,7.99
,,,,,,4.87,7.89,0.81,7.87,,8.68,5.21,8.36,2.78,4.71,2.92,8
,,,,,,4.87,7.89,0.8,7.87,,8.68,5.21,8.39,2.77,4.66,2.92,8.01
,,,,,,4.87,7.89,0.79,7.88,,8.68,5.21,8.44,2.78,4.69,2.92,8.02
,,,,,,4.87,7.89,,7.88,,8.68,5.21,8.46,2.81,4.81,2.92,5.96
,,,,,,4.87,7.89,,7.88,,8.68,5.21,8.48,2.86,4.83,2.92,8.04
,,,,,,4.87,7.89,,7.89,,8.68,5.21,8.5,3.06,4.76,2.92,8.04
,,,,,,4.87,7.89,,7.89,,8.69,5.21,8.51,3.35,4.71,2.92,8.05
,,,,,,4.87,7.89,,7.9,,8.69,5.22,8.53,3.57,4.7,2.92,8.05
,,,,,,4.87,7.9,,7.9,,8.69,5.22,8.54,3.61,4.81,2.92,8.06
,,,,,,4.87,7.9,,7.9,,8.69,5.22,8.55,3.59,4.83,2.92,8.06
,,,,,,4.87,7.9,,7.91,,8.69,5.22,8.56,3.57,4.76,2.92,8.07
,,,,,,4.87,7.9,,7.91,,8.69,5.22,8.58,3.54,4.71,2.92,8.07
,,,,,,4.87,7.9,,7.91,,8.69,5.22,8.58,3.53,4.67,2.92,8.08
,,,,,,4.87,7.9,,7.92,,8.69,5.23,8.59,3.52,4.72,2.92,8.08
,,,,,,4.87,7.9,,7.92,,8.69,5.23,8.6,3.52,4.83,2.92,8.09
,,,,,,4.87,7.9,,7.93,,8.69,5.23,8.6,3.51,4.88,2.92,8.09
,,,,,,4.87,7.9,,7.93,,8.7,5.23,8.61,3.5,5.75,2.92,8.09
,,,,,,4.87,7.84,,7.93,,8.7,5.23,8.61,3.5,6.23,2.92,8.09
,,,,,,4.87,5.98,,7.93,,8.58,5.23,8.62,3.51,6.36,2.92,8.1
,,,,,,4.87,1.5,,7.94,,6.26,5.23,8.63,3.59,6.29,2.92,8.1
,,,,,,4.88,,,7.94,,1.58,5.23,8.63,3.59,6.22,2.92,8.1
,,,,,,4.92,,,7.95,,,5.23,8.64,3.57,6.16,2.92,8.11
,,,,,,5.05,,,7.95,,,5.23,8.64,3.56,6.11,2.92,8.11
,,,,,,5.47,,,7.96,,,5.24,8.64,3.55,6.06,2.92,8.11
,,,,,,5.59,,,7.96,,,5.24,8.65,3.54,6.22,2.92,8.11
,,,,,,5.64,,,7.96,,,5.24,8.65,3.53,6.33,2.92,8.11
,,,,,,5.68,,,7.97,,,5.24,8.66,3.52,6.31,2.92,8.12
,,,,,,5.71,,,7.97,,,5.24,8.66,3.53,6.24,2.92,8.12
,,,,,,5.74,,,7.97,,,5.24,8.67,3.58,6.17,2.92,8.12
,,,,,,5.76,,,7.97,,,5.24,8.67,3.59,6.13,2.92,8.12
,,,,,,5.77,,,7.98,,,5.24,8.67,3.58,6.17,2.92,8.12
,,,,,,5.8,,,7.98,,,5.24,8.68,3.56,6.28,2.92,8.13
,,,,,,5.82,,,7.99,,,5.25,8.68,3.55,6.34,2.92,8.13
,,,,,,5.83,,,7.99,,,5.25,8.68,3.54,6.22,2.92,8.13
,,,,,,5.84,,,7.99,,,5.25,8.68,3.53,6.17,2.92,8.13
,,,,,,5.85,,,7.99,,,5.25,8.69,3.53,6.16,2.92,8.13
,,,,,,5.85,,,8,,,5.25,8.69,3.56,6.23,2.92,8.13
,,,,,,5.86,,,8,,,5.25,8.69,3.58,6.33,2.92,8.13
,,,,,,5.87,,,8.01,,,5.25,8.7,3.59,6.32,2.92,8.13
,,,,,,5.87,,,8.01,,,5.25,8.7,3.57,6.26,2.92,8.14
,,,,,,5.88,,,8.01,,,5.25,8.7,3.56,6.19,2.92,8.14
,,,,,,5.89,,,8.02,,,5.26,8.7,3.55,6.2,2.92,8.14
,,,,,,5.89,,,8.02,,,5.26,8.71,3.54,6.31,2.92,8.14
,,,,,,5.9,,,8.02,,,5.26,8.71,3.53,6.35,2.92,8.14
,,,,,,5.9,,,8.02,,,5.26,8.71,3.53,6.29,2.92,8.14
,,,,,,5.9,,,8.03,,,5.26,8.72,3.57,6.22,2.92,8.14
,,,,,,5.91,,,8.03,,,5.26,8.72,3.59,6.17,2.92,8.14
,,,,,,5.91,,,8.03,,,5.26,8.72,3.58,6.18,2.92,8.14
,,,,,,5.92,,,8.04,,,5.13,8.72,3.56,6.28,2.92,8.14
,,,,,,5.92,,,8.04,,,3.57,8.72,3.55,6.35,2.92,8.14
,,,,,,5.92,,,8.05,,,0.88,8.73,3.54,6.24,2.92,8.15
,,,,,,5.93,,,8.05,,,0.81,8.73,3.53,6.19,2.92,8.15
,,,,,,5.93,,,8.05,,,0.77,8.73,3.53,6.17,2.92,8.15
,,,,,,5.93,,,8.05,,,0.75,8.73,3.55,6.25,2.92,8.15
,,,,,,5.93,,,8.06,,,0.73,8.74,3.58,6.34,2.92,8.15
,,,,,,5.93,,,8.06,,,0.72,8.74,3.59,6.33,2.92,8.15
,,,,,,5.94,,,8.06,,,0.7,8.74,3.57,6.27,2.92,8.15
,,,,,,5.94,,,8.07,,,0.69,8.74,3.56,6.2,2.92,8.15
,,,,,,5.94,,,8.07,,,0.67,8.74,3.55,6.23,2.92,8.15
,,,,,,5.95,,,8.07,,,0.67,8.74,3.54,6.33,2.92,8.15
,,,,,,5.95,,,8.08,,,0.66,8.75,3.53,6.35,2.92,8.15
,,,,,,5.95,,,8.08,,,0.65,8.75,3.53,6.29,2.92,8.15
,,,,,,5.95,,,8.08,,,0.64,8.75,3.57,6.22,2.92,8.15
,,,,,,5.95,,,8.08,,,0.64,8.76,3.59,6.17,2.92,8.16
,,,,,,5.95,,,8.09,,,0.63,8.76,3.58,6.2,2.92,8.16
,,,,,,5.96,,,8.09,,,0.63,8.76,3.57,6.29,2.92,8.16
,,,,,,5.96,,,8.1,,,0.62,8.76,3.55,6.36,2.92,8.16
,,,,,,5.96,,,8.1,,,,8.76,3.55,6.25,2.92,8.16
,,,,,,5.96,,,8.1,,,,8.76,3.54,6.19,2.92,8.16
,,,,,,5.96,,,8.1,,,,8.77,3.53,6.17,2.92,8.16
,,,,,,5.96,,,8.1,,,,8.77,3.54,6.24,2.92,8.16
,,,,,,5.96,,,8.1,,,,8.77,3.57,6.34,2.92,8.16
,,,,,,5.96,,,8.1,,,,8.77,3.59,6.35,2.92,8.16
,,,,,,5.96,,,8.1,,,,8.77,3.58,6.28,2.92,8.16
,,,,,,5.96,,,8.1,,,,8.78,3.56,6.22,2.92,8.16
,,,,,,5.96,,,8.09,,,,8.78,3.55,6.18,2.92,8.16
,,,,,,5.97,,,8.09,,,,8.78,3.54,6.33,2.92,8.16
,,,,,,5.97,,,8.09,,,,8.78,3.53,6.36,2.92,8.16
,,,,,,5.97,,,8.09,,,,8.78,3.53,6.3,2.92,8.16
,,,,,,5.97,,,8.09,,,,8.79,3.54,6.23,2.92,8.16
,,,,,,5.97,,,8.09,,,,8.79,3.57,6.19,2.92,8.17
,,,,,,5.97,,,8.08,,,,8.79,3.62,6.21,2.92,8.17
,,,,,,5.97,,,8.08,,,,8.79,3.71,6.31,2.92,8.17
,,,,,,5.97,,,8.08,,,,8.79,3.82,6.36,2.88,8.17
,,,,,,5.97,,,8.08,,,,8.8,3.92,6.24,2.24,8.17
,,,,,,5.97,,,8.09,,,,8.8,3.97,6.19,0.99,8.17
,,,,,,5.97,,,8.09,,,,8.8,3.99,6.2,0.58,8.17
,,,,,,5.97,,,8.09,,,,8.8,4,6.29,0.55,8.17
,,,,,,5.97,,,8.09,,,,8.8,4.01,6.36,0.53,8.17
,,,,,,5.97,,,8.09,,,,8.8,4.01,6.33,0.53,8.17
,,,,,,5.97,,,8.09,,,,8.81,4.01,6.26,0.52,8.17
,,,,,,5.97,,,8.09,,,,8.81,4.01,6.2,0.52,8.17
,,,,,,5.97,,,8.09,,,,8.81,4.01,6.2,0.52,8.17
,,,,,,5.97,,,8.09,,,,8.81,4.01,6.77,0.52,8.17
,,,,,,5.97,,,8.09,,,,8.81,4.01,7.09,0.51,8.17
,,,,,,5.97,,,8.09,,,,8.81,4.01,7.32,0.51,8.17
,,,,,,5.96,,,8.07,,,,8.82,4.01,7.42,0.51,8.17
,,,,,,5.96,,,6.76,,,,8.82,4.01,7.44,,8.17
,,,,,,5.96,,,2.48,,,,8.82,4.01,7.45,,8.17
,,,,,,5.96,,,,,,,8.82,4.01,7.45,,8.17
,,,,,,5.96,,,,,,,8.82,4.01,7.45,,8.17
,,,,,,5.96,,,,,,,8.82,4.01,7.45,,8.17
,,,,,,5.96,,,,,,,8.83,4.01,7.45,,8.17
,,,,,,5.96,,,,,,,8.83,4.01,7.45,,8.17
,,,,,,5.96,,,,,,,8.83,4,7.44,,8.17
,,,,,,5.96,,,,,,,8.83,4,7.44,,8.17
,,,,,,5.96,,,,,,,8.83,4,7.44,,8.17
,,,,,,5.96,,,,,,,8.83,4,7.44,,8.17
,,,,,,5.96,,,,,,,8.83,4,7.44,,8.17
,,,,,,5.96,,,,,,,8.84,4,7.43,,8.17
,,,,,,5.97,,,,,,,8.84,4,7.43,,8.17
,,,,,,5.97,,,,,,,8.84,4,7.43,,8.17
,,,,,,5.97,,,,,,,8.84,3.99,7.43,,8.17
,,,,,,5.97,,,,,,,8.84,3.99,7.43,,8.17
,,,,,,5.97,,,,,,,8.84,3.99,7.43,,8.17
,,,,,,5.97,,,,,,,8.85,3.99,7.43,,8.17
,,,,,,5.97,,,,,,,8.85,3.99,7.42,,8.18
,,,,,,5.97,,,,,,,8.85,3.99,7.42,,8.18
,,,,,,5.97,,,,,,,8.85,3.99,7.42,,8.18
,,,,,,5.97,,,,,,,8.85,3.99,7.42,,8.18
,,,,,,5.97,,,,,,,8.85,3.99,7.42,,8.18
,,,,,,5.97,,,,,,,8.86,3.98,7.42,,8.18
,,,,,,5.98,,,,,,,8.86,3.98,7.42,,8.18
,,,,,,5.98,,,,,,,8.86,3.98,7.42,,8.18
,,,,,,5.98,,,,,,,8.86,3.98,7.42,,8.18
,,,,,,5.98,,,,,,,8.86,3.98,7.41,,8.18
,,,,,,5.98,,,,,,,8.86,3.98,7.41,,8.18
,,,,,,5.98,,,,,,,8.86,3.98,7.41,,8.18
,,,,,,5.98,,,,,,,8.87,3.98,7.41,,8.13
,,,,,,5.98,,,,,,,8.87,3.98,7.41,,7.64
,,,,,,5.98,,,,,,,8.87,3.98,7.41,,7.02
,,,,,,5.98,,,,,,,8.87,3.97,7.41,,6.93
,,,,,,5.98,,,,,,,8.87,3.97,7.41,,6.95
,,,,,,5.98,,,,,,,8.87,3.97,7.4,,6.96
,,,,,,5.98,,,,,,,8.87,3.97,7.4,,6.97
,,,,,,5.98,,,,,,,8.88,3.97,7.4,,6.98
,,,,,,5.98,,,,,,,8.88,3.97,7.4,,7
,,,,,,5.98,,,,,,,8.88,3.97,7.4,,7.05
,,,,,,5.98,,,,,,,8.88,3.97,7.4,,7.13
,,,,,,5.9,,,,,,,8.88,3.97,7.4,,7.2
,,,,,,4.4,,,,,,,8.88,3.97,7.4,,7.19
,,,,,,1.63,,,,,,,8.88,3.97,7.4,,7.18
,,,,,,0.67,,,,,,,8.89,3.97,7.4,,7.17
,,,,,,0.63,,,,,,,8.89,3.97,7.4,,7.14
,,,,,,0.6,,,,,,,8.89,3.96,7.39,,7.12
,,,,,,0.58,,,,,,,8.89,3.96,7.39,,7.12
,,,,,,,,,,,,,8.89,3.96,7.39,,7.12
,,,,,,,,,,,,,8.89,3.96,7.39,,7.12
,,,,,,,,,,,,,8.9,3.96,7.39,,7.13
,,,,,,,,,,,,,8.9,3.96,7.39,,7.14
,,,,,,,,,,,,,8.9,3.96,7.39,,7.14
,,,,,,,,,,,,,8.9,3.96,7.39,,7.15
,,,,,,,,,,,,,8.9,3.96,7.39,,7.15
,,,,,,,,,,,,,8.9,3.96,7.38,,7.16
,,,,,,,,,,,,,8.9,3.96,7.38,,7.18
,,,,,,,,,,,,,8.9,3.96,7.38,,7.27
,,,,,,,,,,,,,8.9,3.95,7.38,,7.44
,,,,,,,,,,,,,8.91,3.95,7.38,,7.74
,,,,,,,,,,,,,8.91,3.95,7.38,,7.8
,,,,,,,,,,,,,8.91,3.95,7.38,,7.83
,,,,,,,,,,,,,8.91,3.95,7.38,,7.85
,,,,,,,,,,,,,8.91,3.95,7.38,,7.86
,,,,,,,,,,,,,8.91,3.95,7.38,,7.87
,,,,,,,,,,,,,8.91,3.95,7.38,,7.88
,,,,,,,,,,,,,8.92,3.95,7.38,,7.89
,,,,,,,,,,,,,8.92,3.95,7.37,,7.9
,,,,,,,,,,,,,8.92,3.95,7.37,,7.92
,,,,,,,,,,,,,8.92,3.95,7.37,,7.92
,,,,,,,,,,,,,8.92,3.95,7.37,,7.93
,,,,,,,,,,,,,8.92,3.94,7.37,,7.94
,,,,,,,,,,,,,8.92,3.94,7.37,,7.94
,,,,,,,,,,,,,8.93,3.94,7.37,,7.95
,,,,,,,,,,,,,8.93,3.94,7.37,,7.95
,,,,,,,,,,,,,8.93,3.94,7.37,,7.96
,,,,,,,,,,,,,8.93,3.94,7.37,,7.96
,,,,,,,,,,,,,8.93,3.94,7.36,,7.97
,,,,,,,,,,,,,8.93,3.94,7.36,,7.97
,,,,,,,,,,,,,8.93,3.94,7.36,,7.98
,,,,,,,,,,,,,8.93,3.94,7.36,,7.98
,,,,,,,,,,,,,8.94,3.94,7.36,,7.98
,,,,,,,,,,,,,8.94,3.94,7.36,,7.98
,,,,,,,,,,,,,8.94,3.94,7.36,,7.99
,,,,,,,,,,,,,8.94,3.94,7.36,,7.99
,,,,,,,,,,,,,8.94,3.94,7.36,,8
,,,,,,,,,,,,,8.94,3.93,7.36,,8
,,,,,,,,,,,,,8.94,3.93,7.36,,8
,,,,,,,,,,,,,8.94,3.93,7.35,,8
,,,,,,,,,,,,,8.94,3.93,7.35,,8
,,,,,,,,,,,,,8.94,3.93,7.35,,8.01
,,,,,,,,,,,,,8.95,3.93,7.35,,8.01
,,,,,,,,,,,,,8.95,3.93,7.35,,8.01
,,,,,,,,,,,,,8.95,3.93,7.35,,8.01
,,,,,,,,,,,,,8.95,3.93,7.35,,8.01
,,,,,,,,,,,,,8.95,3.93,7.35,,8.01
,,,,,,,,,,,,,8.95,3.93,7.35,,8.01
,,,,,,,,,,,,,8.95,3.93,7.35,,8.02
,,,,,,,,,,,,,8.95,3.93,7.35,,8.02
,,,,,,,,,,,,,8.95,3.93,7.35,,8.02
,,,,,,,,,,,,,8.95,3.93,7.35,,8.02
,,,,,,,,,,,,,8.95,3.92,7.34,,8.02
,,,,,,,,,,,,,8.95,3.92,7.34,,8.02
,,,,,,,,,,,,,8.95,3.79,7.34,,8.02
,,,,,,,,,,,,,8.96,2.31,7.34,,8.03
,,,,,,,,,,,,,8.96,,4.91,,8.03
,,,,,,,,,,,,,8.96,,1.11,,8.03
,,,,,,,,,,,,,8.96,,,,8.03
,,,,,,,,,,,,,8.96,,,,8.03
,,,,,,,,,,,,,8.96,,,,8.03
,,,,,,,,,,,,,8.96,,,,8.03
,,,,,,,,,,,,,8.96,,,,8.03
,,,,,,,,,,,,,8.96,,,,8.03
,,,,,,,,,,,,,8.96,,,,8.03
,,,,,,,,,,,,,8.96,,,,8.03
,,,,,,,,,,,,,8.96,,,,8.03
,,,,,,,,,,,,,8.96,,,,8.04
,,,,,,,,,,,,,8.96,,,,8.04
,,,,,,,,,,,,,8.96,,,,8.04
,,,,,,,,,,,,,8.97,,,,8.04
,,,,,,,,,,,,,8.96,,,,8.04
,,,,,,,,,,,,,8.97,,,,8.04
,,,,,,,,,,,,,8.97,,,,8.04
,,,,,,,,,,,,,8.97,,,,8.04
,,,,,,,,,,,,,8.97,,,,7.93
,,,,,,,,,,,,,8.97,,,,5.9
,,,,,,,,,,,,,8.97,,,,1.99
,,,,,,,,,,,,,8.97,,,,0.52
,,,,,,,,,,,,,8.97,,,,0.54
,,,,,,,,,,,,,8.97,,,,0.56
,,,,,,,,,,,,,8.97,,,,0.57
,,,,,,,,,,,,,8.97,,,,0.58
,,,,,,,,,,,,,8.97,,,,0.58
,,,,,,,,,,,,,8.97,,,,0.58
,,,,,,,,,,,,,8.97,,,,0.58
,,,,,,,,,,,,,8.97,,,,0.58
,,,,,,,,,,,,,8.97,,,,
,,,,,,,,,,,,,8.97,,,,
,,,,,,,,,,,,,8.97,,,,
,,,,,,,,,,,,,8.97,,,,
,,,,,,,,,,,,,8.98,,,,
,,,,,,,,,,,,,8.97,,,,
,,,,,,,,,,,,,8.98,,,,
,,,,,,,,,,,,,8.98,,,,
,,,,,,,,,,,,,8.98,,,,
,,,,,,,,,,,,,8.98,,,,
,,,,,,,,,,,,,8.98,,,,
,,,,,,,,,,,,,8.98,,,,
,,,,,,,,,,,,,8.98,,,,
,,,,,,,,,,,,,8.98,,,,
,,,,,,,,,,,,,8.98,,,,
,,,,,,,,,,,,,8.98,,,,
,,,,,,,,,,,,,8.98,,,,
,,,,,,,,,,,,,8.98,,,,
,,,,,,,,,,,,,8.98,,,,
,,,,,,,,,,,,,8.98,,,,
,,,,,,,,,,,,,8.98,,,,
,,,,,,,,,,,,,8.98,,,,
,,,,,,,,,,,,,8.98,,,,
,,,,,,,,,,,,,8.97,,,,
,,,,,,,,,,,,,4.02,,,,
,,,,,,,,,,,,,1.34,,,,
,,,,,,,,,,,,,0.95,,,,
,,,,,,,,,,,,,0.86,,,,
,,,,,,,,,,,,,0.8,,,,
,,,,,,,,,,,,,0.75,,,,
,,,,,,,,,,,,,0.72,,,,
,,,,,,,,,,,,,0.69,,,,
,,,,,,,,,,,,,0.64,,,,
,,,,,,,,,,,,,0.62,,,,
,,,,,,,,,,,,,0.61,,,,
,,,,,,,,,,,,,0.59,,,,
,,,,,,,,,,,,,0.58,,,,
,,,,,,,,,,,,,0.56,,,,
,,,,,,,,,,,,,0.55,,,,
,,,,,,,,,,,,,0.54,,,,
