Weight_1818up,Weight_1818dp,Weight_1818dn,Weight_1818un,Weight_1818un.2,Weight_1818un.3,Weight_1830up,Weight_1830dp,Weight_1830dp.3,Weight_1830dn,Weight_1830dn.3,Weight_1830un
0.22,0.1,0.29,0.75,0.3,0.16,0.64,0.22,0.42,0.84,2,0.11
0.25,0.1,0.29,1.75,0.35,0.32,0.65,2.49,3.23,0.84,0.22,0.75
0.25,0.1,0.29,1.74,0.34,0.34,0.64,4.45,5.15,0.84,1.22,1.75
0.25,0.1,0.29,1.74,0.31,0.33,0.65,4.59,5.26,0.84,2.21,2.04
0.25,0.1,0.29,1.74,0.28,0.3,0.65,4.58,5.24,0.84,2.35,1.99
0.25,0.1,0.29,1.74,0.28,0.27,0.65,4.55,5.2,0.84,2.31,1.76
0.25,0.1,0.29,1.74,0.28,0.27,0.65,4.51,5.14,1.33,2.17,1.54
0.25,0.1,0.29,1.74,0.29,0.28,0.65,4.48,5.14,0.98,2,1.52
0.25,0.1,0.29,1.75,0.29,0.28,0.65,4.47,5.14,0.86,1.98,1.56
0.25,0.1,0.29,1.75,0.29,0.29,0.65,4.47,5.14,0.85,2.02,1.58
0.25,0.1,0.29,1.75,0.29,0.29,0.65,4.47,5.08,0.85,2.03,1.61
0.25,0.55,0.29,1.75,0.29,0.29,0.65,4.42,4.8,0.85,2.03,1.67
0.24,0.58,0.29,1.75,0.29,0.29,0.65,4.2,4.36,0.84,2.03,1.68
0.22,0.58,0.29,1.75,0.29,0.29,0.65,3.84,4.09,0.84,2.03,1.66
0.21,0.59,0.29,1.75,0.29,0.29,0.65,3.61,4.05,0.84,2.04,1.65
0.21,0.59,0.29,1.75,0.3,0.29,0.65,3.56,4.1,0.84,2.04,1.64
0.21,0.59,0.29,1.75,0.3,0.29,0.64,3.56,4.13,0.84,2.04,1.64
0.21,0.58,,1.75,0.3,0.3,0.65,3.58,4.15,0.84,2.04,1.64
0.21,0.59,,1.75,0.3,0.3,0.64,3.6,4.15,0.84,2.04,1.64
0.21,0.59,0.24,1.75,0.3,0.3,0.65,3.6,4.15,0.84,2.04,1.64
0.21,0.59,0.5,1.74,0.3,0.3,0.65,3.61,4.16,0.84,2.05,1.64
0.21,0.59,0.56,1.74,0.3,0.3,0.65,3.61,4.16,0.84,2.05,1.64
0.21,0.57,0.55,1.74,0.3,0.3,0.65,3.61,4.16,0.12,2.05,1.64
0.22,0.53,0.51,1.74,0.3,0.3,0.65,3.61,4.19,0.77,2.05,1.64
0.22,0.5,0.47,1.74,0.3,0.3,0.65,3.61,4.2,2.69,2.05,1.65
0.22,0.49,0.47,1.74,0.3,0.3,0.9,3.61,4.2,4.07,2.05,1.65
0.22,0.48,0.48,0.17,0.3,0.3,1.71,3.63,4.2,3.91,2.05,1.65
0.22,0.49,0.49,0.33,0.3,0.3,1.78,3.64,4.2,3.44,2.05,1.65
0.22,0.49,0.49,0.36,0.3,0.3,1.76,3.64,4.2,3.24,2.05,1.65
0.22,0.5,0.49,0.35,0.3,0.3,1.75,3.65,4.21,3.31,2.06,1.65
0.22,0.5,0.5,0.32,0.3,0.3,1.74,3.65,4.21,3.39,2.06,1.65
0.22,0.5,0.5,0.29,0.31,0.3,1.74,3.65,4.21,3.43,2.06,1.65
0.22,0.5,0.5,0.3,0.31,0.3,1.74,3.65,4.21,3.46,2.06,1.65
0.22,0.5,0.5,0.3,0.31,0.3,1.74,3.65,4.21,3.49,2.06,1.65
0.22,0.5,0.5,0.31,0.31,0.3,1.73,3.65,4.22,3.57,2.06,1.65
0.22,0.5,0.5,0.31,0.31,0.3,1.69,3.65,4.22,3.6,2.07,1.65
0.22,0.5,0.5,0.31,0.31,0.3,1.45,3.65,4.22,3.6,2.07,1.65
0.22,0.5,0.51,0.31,0.31,0.3,1.42,3.65,4.22,3.6,2.07,1.65
0.22,0.51,0.51,0.31,0.31,0.31,1.42,3.65,4.22,3.6,2.07,1.65
0.22,0.51,0.51,0.31,0.31,0.3,1.42,3.65,4.22,3.61,2.07,1.65
0.22,0.51,0.51,0.31,0.31,0.3,1.42,3.65,4.22,3.61,2.08,1.66
0.22,0.51,0.51,0.31,0.31,0.31,1.42,3.65,4.22,3.62,2.08,1.66
0.22,0.51,0.51,0.31,0.31,0.31,1.42,3.66,4.23,3.62,2.08,1.66
0.22,0.51,0.51,0.31,0.31,0.31,1.42,3.69,4.23,3.63,2.08,1.66
0.22,0.51,0.51,0.31,0.31,0.31,1.42,3.69,4.23,3.63,2.09,1.66
0.22,0.51,0.51,0.31,0.31,0.31,1.43,3.69,4.23,3.63,2.09,1.66
0.22,0.51,0.51,0.31,0.31,0.31,1.43,3.69,4.23,3.64,2.09,1.66
0.22,0.51,0.51,0.32,0.31,0.31,1.43,3.69,4.24,3.64,2.09,1.66
0.22,0.51,0.51,0.32,0.31,0.31,1.43,3.69,4.26,3.64,2.09,1.66
0.22,0.51,0.52,0.32,0.31,0.31,1.44,3.7,4.27,3.65,2.09,1.66
0.22,0.51,0.52,0.32,0.31,0.31,1.44,3.7,4.27,3.65,2.09,1.66
0.22,0.51,0.52,0.32,0.31,0.31,1.44,3.7,4.27,3.65,2.09,1.66
0.22,0.51,0.52,0.32,0.31,0.31,1.45,3.7,4.27,3.65,2.09,1.72
0.22,0.51,0.52,0.32,0.31,0.31,1.45,3.7,4.27,3.65,2.09,2.3
0.22,0.51,0.52,0.32,0.31,0.31,1.45,3.7,4.27,3.66,2.09,3.6
0.22,0.51,0.52,0.32,0.31,0.31,1.45,3.7,4.28,3.66,2.09,4.33
0.22,0.51,0.52,0.32,0.32,0.31,1.45,3.7,4.28,3.66,2.09,4.41
0.22,0.51,0.52,0.32,0.32,0.31,1.45,3.7,4.28,3.66,2.09,4.25
0.22,0.51,0.52,0.32,0.32,0.31,1.45,3.7,4.28,3.66,2.09,3.96
0.22,0.51,0.52,0.32,0.32,0.31,1.45,3.7,4.28,3.66,2.09,3.9
0.22,0.51,0.52,0.32,0.32,0.31,1.45,3.7,4.28,3.66,2.09,4
0.22,0.51,0.52,0.32,0.32,0.31,1.45,3.71,4.28,3.67,2.26,4.06
0.22,0.51,0.52,0.32,0.32,0.31,1.45,4.59,4.28,3.67,3.11,4.22
0.22,0.51,0.52,0.32,0.32,0.31,1.45,7.66,4.28,3.67,3.97,4.33
0.24,0.51,0.52,0.32,0.32,0.31,1.45,8.82,4.28,3.67,4.13,4.32
0.48,0.51,0.53,0.32,0.32,0.31,1.45,8.83,4.28,3.67,4.1,4.31
0.48,0.51,0.53,0.32,0.32,0.31,1.45,8.79,4.28,3.67,3.94,4.31
0.48,0.51,0.53,0.32,0.32,0.33,1.45,8.75,4.67,3.67,3.81,4.3
0.48,0.51,0.53,0.32,0.32,0.46,1.45,8.72,7.39,3.67,3.82,4.27
0.48,0.51,0.53,0.33,0.32,0.89,1.45,8.71,9.32,3.68,3.87,4.26
0.48,0.51,0.53,0.33,0.32,0.93,1.45,8.62,9.41,3.68,3.88,4.28
0.47,0.51,0.53,0.33,0.32,0.89,1.45,8.21,9.37,3.68,3.92,4.3
0.46,0.51,0.53,0.33,0.32,0.84,1.45,7.78,9.33,3.69,3.98,4.32
0.42,0.51,0.53,0.33,0.32,0.85,1.45,7.7,9.29,3.69,3.98,4.33
0.42,0.51,0.53,0.33,0.32,0.87,1.45,7.74,9.28,3.69,3.96,4.34
0.42,0.51,0.53,0.33,0.32,0.89,1.45,7.76,9.2,3.69,3.95,4.35
0.42,0.51,0.53,0.33,0.32,0.91,1.45,7.79,8.78,3.69,3.95,4.36
0.42,0.51,0.53,0.33,0.32,0.92,1.45,7.83,8.29,3.7,3.95,4.37
0.42,0.51,0.53,0.33,0.32,0.98,1.45,7.84,8.21,3.7,3.96,4.38
0.42,0.51,0.53,0.33,0.32,0.99,1.45,7.84,8.29,3.7,3.96,4.39
0.42,0.51,0.54,0.33,0.32,0.99,1.45,7.84,8.33,3.7,3.96,4.39
0.42,0.51,0.64,0.33,0.32,1,1.45,7.85,8.34,3.7,3.96,4.4
0.42,0.51,0.88,0.33,0.32,1,1.45,7.85,8.34,3.71,3.96,4.4
0.42,0.51,0.99,0.33,0.32,1.01,1.45,7.85,8.35,3.71,3.96,4.4
0.42,0.51,0.99,0.33,0.32,1.02,1.45,7.86,8.35,3.71,3.97,4.41
0.42,0.51,0.98,0.33,0.32,1.02,1.45,7.86,8.36,3.71,3.97,4.41
0.42,0.51,0.94,0.33,0.32,1.03,1.45,7.87,8.36,3.71,3.97,4.42
0.42,0.51,0.93,0.33,0.32,1.04,1.45,7.87,8.37,3.71,3.97,4.43
0.42,0.51,0.94,0.33,0.32,1.05,1.45,7.87,8.39,3.72,3.97,4.43
0.42,0.51,0.95,0.33,0.32,1.06,1.45,7.87,8.4,3.72,3.97,4.43
0.42,0.51,0.95,0.33,0.32,1.06,1.45,7.87,8.4,3.73,3.97,4.44
0.42,0.51,0.96,0.33,0.32,1.07,1.45,7.88,8.4,4.01,3.97,4.44
0.42,0.69,0.97,0.33,0.32,1.07,1.45,7.88,8.4,4.87,3.97,4.45
0.42,1.09,0.97,0.33,0.32,1.08,1.45,7.88,8.41,5.02,3.98,4.45
0.42,1.21,0.97,0.33,0.35,1.08,1.45,7.88,8.41,5.04,3.98,4.45
0.42,1.22,0.97,0.33,0.81,1.09,1.45,7.89,8.41,4.81,3.98,4.46
0.42,1.23,0.97,0.33,0.92,1.1,1.45,7.89,8.41,4.73,3.98,4.46
0.42,1.22,0.97,0.33,0.95,1.1,1.45,7.89,8.41,4.76,3.98,4.46
0.42,1.23,0.97,0.33,0.91,1.1,1.45,7.89,8.42,4.8,3.98,4.46
0.42,1.23,0.97,0.34,0.87,1.11,1.45,7.89,8.42,4.83,3.98,4.47
0.42,1.23,0.97,0.34,0.88,1.11,1.45,7.9,8.42,4.86,3.98,4.47
0.42,1.18,0.97,0.34,0.9,1.12,1.45,7.9,8.42,4.93,3.98,4.47
0.42,1.13,0.98,0.34,0.92,1.12,1.46,7.9,8.42,4.98,3.99,4.48
0.42,1.11,0.98,0.34,0.93,1.13,1.63,7.9,8.43,4.96,3.99,4.48
0.42,1.11,0.98,0.34,0.97,1.28,2.58,7.9,8.43,4.96,3.99,4.48
0.42,1.11,0.98,0.35,1,1.73,3.14,7.9,8.43,4.96,3.99,4.48
0.42,1.11,0.98,0.49,1.01,2.1,3.13,7.91,8.43,4.97,3.99,4.48
0.42,1.11,0.98,0.76,1.02,2.18,3.12,7.91,8.43,4.97,3.99,4.49
0.42,1.11,0.98,0.93,1.02,2.19,3.1,7.91,8.43,4.98,3.99,4.49
0.42,1.11,0.98,0.91,1.03,2.14,3.1,7.91,8.43,4.98,3.99,4.49
0.42,1.12,0.98,0.86,1.03,2.09,3.1,7.91,8.44,4.98,3.99,4.49
0.42,1.12,0.98,0.86,1.04,2.11,3.06,7.91,8.44,4.99,3.99,4.49
0.42,1.12,0.98,0.88,1.06,2.15,2.92,7.91,8.44,4.99,3.99,4.5
0.42,1.12,0.99,0.9,1.06,2.17,2.78,7.91,8.44,5,3.99,4.5
0.42,1.12,0.99,0.92,1.07,2.19,2.76,7.92,8.44,5,4,4.5
0.42,1.12,0.99,0.94,1.08,2.24,2.77,7.92,8.44,5,4.02,4.5
0.43,1.12,0.99,0.96,1.08,2.26,2.77,7.92,8.44,5,4.34,4.5
0.42,1.12,0.99,1.01,1.09,2.26,2.77,7.92,8.44,5.01,5.17,4.51
0.42,1.12,0.99,1.01,1.09,2.26,2.78,7.92,8.44,5.01,5.75,4.51
0.42,1.12,0.99,1.02,1.1,2.26,2.78,7.92,8.48,5.01,5.84,4.51
0.42,1.12,0.99,1.02,1.1,2.26,2.79,7.92,8.48,5.01,5.83,4.51
0.42,1.13,0.99,1.03,1.11,2.28,2.79,7.92,8.48,5.02,5.61,4.52
0.43,1.13,0.99,1.04,1.12,2.28,2.79,7.92,8.48,5.02,5.62,4.52
0.43,1.13,0.99,1.05,1.12,2.29,2.79,7.92,8.48,5.02,5.64,4.52
0.42,1.13,0.99,1.05,1.12,2.29,2.79,7.93,8.48,5.02,5.66,4.53
0.43,1.13,0.99,1.06,1.13,2.3,2.79,7.93,8.49,5.03,5.68,4.53
0.43,1.13,0.99,1.07,1.13,2.3,2.79,7.93,8.49,5.03,5.73,4.53
0.43,1.13,0.99,1.08,1.13,2.3,2.79,7.93,8.49,5.03,5.8,4.54
0.43,1.13,0.99,1.09,1.14,2.31,2.79,7.93,8.49,5.03,5.81,4.54
0.43,1.13,0.99,1.09,1.14,2.31,2.79,7.93,8.49,5.03,5.8,4.55
0.43,1.13,0.99,1.1,1.15,2.32,2.79,7.93,9.15,5.03,5.79,4.64
0.43,1.13,0.99,1.1,1.15,2.32,2.8,7.93,12.37,5.03,5.79,5.43
0.43,1.13,0.99,1.11,1.16,2.33,2.8,7.93,14.03,5.03,5.79,6.86
0.43,1.13,0.99,1.11,1.16,2.33,2.8,7.93,14.04,5.04,5.79,7.56
0.43,1.13,0.99,1.12,1.16,2.33,2.8,7.93,13.98,5.04,5.78,7.6
0.43,1.14,1,1.13,1.17,2.34,2.8,7.93,13.93,5.04,5.79,7.45
0.43,1.14,1,1.13,1.17,2.34,2.8,7.94,13.77,5.04,5.79,7.15
0.53,1.14,1,1.14,1.17,2.34,2.8,7.96,13.08,5.04,5.79,7.06
0.66,1.14,1,1.14,1.18,2.35,2.8,7.97,12.49,5.04,5.8,7.11
0.67,1.14,1,1.14,1.18,2.35,2.8,7.97,12.48,5.04,5.8,7.14
0.67,1.14,1,1.15,1.18,2.35,2.8,7.97,12.54,5.04,5.81,7.17
0.67,1.14,1,1.15,1.19,2.35,2.81,7.97,12.55,5.05,5.81,7.29
0.67,1.14,1,1.16,1.19,2.37,2.81,7.99,12.55,5.05,5.81,7.43
0.67,1.14,1,1.16,1.19,2.48,2.81,9.02,12.56,5.05,5.81,7.42
0.64,1.14,1,1.17,1.19,2.81,2.81,12.2,12.58,5.05,5.81,7.4
0.62,1.14,1,1.17,1.2,3.15,2.81,13.26,12.6,5.05,5.82,7.38
0.62,1.14,1,1.17,1.2,3.25,2.81,13.23,12.6,5.05,5.82,7.33
0.62,1.14,1,1.18,1.2,3.25,2.81,13.13,12.6,5.06,5.82,7.28
0.62,1.14,1,1.18,1.21,3.22,2.82,13.12,12.6,5.06,5.82,7.29
0.62,1.14,1,1.18,1.21,3.22,2.82,13.08,12.61,5.06,5.82,7.31
0.62,1.14,1,1.19,1.21,3.23,2.82,12.7,12.61,5.06,5.83,7.33
0.62,1.14,1,1.19,1.21,3.24,2.82,12.08,12.61,5.06,5.83,7.34
0.62,1.14,1,1.19,1.21,3.25,2.82,11.94,12.61,5.06,5.83,7.35
0.62,1.14,1,1.2,1.22,3.26,2.82,12,12.62,5.06,5.83,7.36
0.62,1.14,1,1.2,1.22,3.27,2.82,12.04,12.62,5.06,5.83,7.36
0.63,1.14,1,1.2,1.22,3.27,2.82,12.05,12.62,5.06,5.83,7.37
0.63,1.14,1,1.2,1.22,3.29,2.82,12.09,12.62,5.06,5.84,7.37
0.63,1.14,1.01,1.21,1.23,3.3,2.82,12.1,12.64,5.06,5.84,7.37
0.63,1.14,1.01,1.21,1.23,3.31,2.82,12.1,12.66,5.06,5.84,7.38
0.63,1.16,1.01,1.21,1.23,3.32,2.82,12.11,12.66,5.06,5.84,7.38
0.63,1.47,1.01,1.22,1.23,3.32,2.82,12.11,12.67,5.06,5.84,7.38
0.63,1.88,1.01,1.22,1.23,3.32,2.82,12.11,12.67,5.07,5.84,7.38
0.63,1.95,1.09,1.22,1.24,3.32,2.82,12.12,12.67,5.07,5.84,7.39
0.63,1.95,1.28,1.22,1.24,3.32,2.82,12.12,12.67,5.07,5.84,7.39
0.63,1.95,1.38,1.23,1.24,3.33,2.82,12.13,12.67,5.07,5.84,7.39
0.63,1.95,1.39,1.23,1.24,3.33,2.82,12.16,12.68,5.07,5.85,7.4
0.63,1.95,1.36,1.23,1.25,3.33,2.82,12.17,12.68,5.07,5.85,7.4
0.63,1.85,1.35,1.23,1.25,3.34,2.82,12.17,12.68,5.07,5.85,7.41
0.63,1.8,1.35,1.23,1.25,3.34,2.82,12.18,12.68,5.07,5.85,7.42
0.63,1.8,1.36,1.24,1.25,3.34,2.82,12.18,12.68,5.07,5.85,7.44
0.63,1.8,1.36,1.24,1.25,3.34,2.82,12.18,12.68,5.07,5.85,7.45
0.63,1.8,1.36,1.24,1.25,3.35,2.82,12.18,12.68,5.07,5.85,7.45
0.63,1.81,1.37,1.24,1.25,3.35,2.82,12.19,12.69,5.07,5.85,7.44
0.63,1.81,1.38,1.25,1.26,3.35,2.82,12.19,12.69,5.08,6.19,7.44
0.63,1.81,1.39,1.25,1.26,3.35,2.82,12.19,12.69,5.28,6.84,7.44
0.63,1.82,1.38,1.25,1.26,3.35,2.82,12.2,12.69,6.07,7.32,7.45
0.63,1.82,1.38,1.25,1.26,3.36,2.82,12.2,12.69,6.79,7.42,7.45
0.63,1.82,1.38,1.25,1.26,3.36,2.82,12.2,12.7,6.89,7.43,7.45
0.63,1.82,1.38,1.26,1.26,3.36,2.82,12.2,12.72,6.86,7.38,7.45
0.63,1.82,1.38,1.26,1.27,3.36,2.82,12.2,12.72,6.75,7.35,7.45
0.63,1.83,1.39,1.26,1.27,3.36,2.83,12.21,12.73,6.64,7.35,7.45
0.63,1.83,1.39,1.26,1.27,3.36,3.01,12.21,12.73,6.66,7.36,7.45
0.63,1.83,1.39,1.26,1.27,3.38,3.94,12.21,12.73,6.69,7.4,7.45
0.63,1.83,1.39,1.27,1.27,3.49,4.46,12.21,12.73,6.71,7.41,7.45
0.63,1.83,1.39,1.27,1.27,3.72,4.44,12.22,12.73,6.76,7.42,7.45
0.63,1.83,1.39,1.27,1.27,3.94,4.43,12.24,12.73,6.84,7.43,7.45
0.63,1.84,1.39,1.27,1.28,4.06,4.42,12.25,12.73,6.87,7.46,7.45
0.63,1.84,1.39,1.27,1.28,4.12,4.42,12.25,12.73,6.86,7.5,7.45
0.63,1.84,1.39,1.27,1.28,4.16,4.39,12.25,12.73,6.85,7.51,7.45
0.63,1.84,1.39,1.28,1.28,4.19,4.24,12.26,12.73,6.85,7.51,7.46
0.63,1.85,1.39,1.28,1.28,4.2,4.1,12.26,12.74,6.83,7.5,7.46
0.63,1.85,1.4,1.28,1.28,4.2,4.1,12.26,12.74,6.83,7.51,7.46
0.63,1.85,1.4,1.28,1.28,4.21,4.13,12.26,12.74,6.84,7.51,7.46
0.63,1.85,1.4,1.28,1.29,4.21,4.14,12.26,12.74,6.85,7.51,7.46
0.63,1.85,1.4,1.28,1.29,4.21,4.14,12.26,12.74,6.86,7.51,7.46
0.63,1.85,1.4,1.29,1.29,4.22,4.14,12.26,12.91,6.86,7.52,7.46
0.63,1.85,1.4,1.29,1.29,4.22,4.14,12.27,15.28,6.87,7.52,7.46
0.63,1.85,1.4,1.29,1.29,4.22,4.14,12.27,18.25,6.88,7.52,7.46
0.63,1.85,1.4,1.29,1.29,4.23,4.14,12.27,18.17,6.88,7.52,7.46
0.64,1.86,1.4,1.29,1.29,4.23,4.14,12.27,18.11,6.89,7.53,7.46
0.63,1.86,1.4,1.29,1.29,4.23,4.14,12.27,18.07,6.89,7.53,7.46
0.63,1.86,1.4,1.29,1.29,4.23,4.15,12.27,17.8,6.9,7.53,7.46
0.63,1.86,1.4,1.3,1.3,4.24,4.15,12.28,17.07,6.9,7.53,7.46
0.63,1.86,1.4,1.3,1.3,4.24,4.15,12.28,16.8,6.91,7.53,7.46
0.63,1.86,1.4,1.31,1.3,4.24,4.15,12.28,16.83,6.91,7.53,7.47
0.63,1.86,1.4,1.43,1.3,4.24,4.15,12.29,16.9,6.92,7.54,7.47
0.63,1.86,1.4,1.86,1.36,4.24,4.15,12.29,16.91,6.92,7.54,7.47
0.64,1.86,1.4,2.22,2.15,4.25,4.15,12.29,16.91,6.93,7.54,7.47
0.64,1.86,1.4,2.29,2.29,4.25,4.15,12.29,16.91,6.93,7.54,7.47
0.74,1.86,1.4,2.29,2.3,4.25,4.15,12.29,16.92,6.94,7.54,7.47
0.87,1.86,1.4,2.24,2.26,4.25,4.15,12.29,16.92,6.94,7.54,7.47
0.88,1.86,1.4,2.19,2.2,4.25,4.15,12.29,16.92,6.94,7.55,7.47
0.88,1.87,1.41,2.21,2.19,4.25,4.16,12.29,16.93,6.95,7.55,7.47
0.87,1.87,1.41,2.23,2.21,4.26,4.17,12.29,16.93,6.95,7.55,7.48
0.87,1.87,1.41,2.25,2.22,4.26,4.17,12.3,16.93,6.95,7.55,7.47
0.84,1.87,1.41,2.27,2.24,4.26,4.17,12.3,16.93,6.96,7.55,7.48
0.82,1.87,1.41,2.31,2.28,4.26,4.17,12.3,16.93,6.96,7.55,7.49
0.82,1.87,1.41,2.33,2.31,4.26,4.17,12.3,16.94,6.97,7.55,7.49
0.83,1.87,1.41,2.33,2.32,4.26,4.17,12.3,16.95,6.97,7.56,7.5
0.83,1.87,1.41,2.32,2.32,4.27,4.17,12.3,16.97,6.97,7.56,7.51
0.83,1.87,1.41,2.32,2.32,4.27,4.17,12.3,16.98,6.98,7.56,7.52
0.83,1.87,1.41,2.33,2.32,4.27,4.17,12.3,16.98,6.98,7.56,7.52
0.83,1.87,1.41,2.34,2.32,4.27,4.17,12.3,16.98,6.98,7.56,7.52
0.83,1.87,1.41,2.34,2.33,4.27,4.17,12.33,16.98,6.99,7.56,7.52
0.83,1.87,1.41,2.35,2.33,4.27,4.17,13.51,16.98,6.99,7.56,7.51
0.83,1.87,1.41,2.35,2.34,4.27,4.17,17.47,16.99,7,7.56,7.52
0.83,1.87,1.41,2.35,2.34,4.27,4.17,17.42,16.99,7,7.56,7.51
0.83,1.87,1.41,2.36,2.34,4.27,4.17,17.35,16.99,7,7.57,7.51
0.83,1.88,1.41,2.36,2.34,4.27,4.17,17.31,16.99,7,7.57,7.51
0.83,1.88,1.41,2.37,2.35,4.27,4.17,17.28,16.99,7,7.57,7.52
0.83,1.91,1.41,2.37,2.35,4.28,4.17,17.01,16.99,7.01,7.57,7.52
0.83,2.25,1.41,2.37,2.35,4.28,4.18,16.37,16.99,7.01,7.57,7.51
0.83,2.65,1.41,2.38,2.36,4.28,4.18,16.17,16.99,7.01,7.57,7.52
0.83,2.7,1.41,2.38,2.36,4.28,4.18,16.28,17,7.01,7.59,7.52
0.83,2.7,1.41,2.38,2.36,1.9,4.18,16.31,17,7.02,7.69,7.52
0.83,2.7,1.41,2.38,2.37,0.17,4.18,16.34,17,7.02,7.99,7.52
0.83,2.71,1.41,2.39,2.37,0.13,4.18,16.36,17,7.02,8.35,7.52
0.83,2.65,1.41,2.39,2.37,0.17,4.18,16.37,17,7.02,8.63,7.52
0.83,2.58,1.42,2.39,2.37,0.2,4.18,16.38,17,7.02,8.78,7.52
0.83,2.57,1.41,2.39,2.38,0.21,4.18,16.38,17,7.02,8.87,7.52
0.83,2.57,1.41,2.4,2.38,0.22,4.18,16.39,17,7.03,8.93,7.52
0.83,2.58,1.41,2.4,2.38,0.23,4.18,16.39,17,7.1,8.97,7.52
0.84,2.58,1.41,2.4,2.38,0.23,4.18,16.41,17,7.01,9,7.52
0.84,2.58,1.42,2.4,2.38,0.23,4.18,16.41,17,6.8,9.02,7.51
0.83,2.59,1.42,2.4,2.38,0.23,4.19,16.42,17,6.96,9.03,7.52
0.84,2.59,1.42,2.41,2.39,0.23,4.19,16.42,17,7.02,9.04,7.52
0.84,2.59,1.42,2.41,2.39,0.22,4.19,16.43,17.01,7.01,9.05,7.52
0.84,2.59,1.42,2.41,2.39,0.22,4.19,16.43,17.01,7.03,9.05,7.52
0.84,2.6,1.42,2.41,2.39,0.22,4.19,16.44,17.01,7.07,9.06,7.52
0.84,2.6,1.42,2.41,2.4,0.22,4.19,16.44,17.02,7.11,9.07,7.52
0.84,2.6,1.42,2.42,2.4,0.21,4.19,16.45,17.04,7.18,9.07,7.52
0.84,2.6,1.42,2.42,2.4,0.21,4.19,16.45,17.05,7.21,9.08,7.52
0.84,2.6,1.43,2.42,2.4,0.2,4.19,16.46,17.05,7.23,9.09,7.52
0.84,2.61,1.49,2.42,2.4,0.2,4.19,16.46,17.05,7.25,9.09,7.52
0.83,2.61,1.63,2.42,2.4,0.2,4.19,16.49,17.05,7.28,9.1,7.51
0.83,2.61,1.72,2.42,2.41,0.19,4.19,16.5,17.05,7.32,9.1,7.52
0.83,2.61,1.73,2.43,2.41,0.19,4.19,16.51,17.05,7.36,9.1,7.52
0.83,2.61,1.73,2.43,2.41,0.18,4.19,16.51,17.05,7.37,9.11,7.52
0.83,2.62,1.72,2.43,2.41,0.18,4.19,16.52,17.05,7.38,9.11,7.52
0.83,2.62,1.72,2.43,2.41,0.18,4.19,16.52,17.1,7.39,9.12,7.52
0.83,2.62,1.72,2.43,2.41,0.17,4.2,16.53,18.57,7.4,9.12,7.52
0.83,2.62,1.72,2.43,2.41,0.17,4.19,16.53,21.52,7.41,9.12,7.52
0.83,2.62,1.73,2.43,2.42,0.17,4.19,16.53,22.1,7.42,9.13,7.52
0.83,2.62,1.73,2.44,2.42,0.17,4.19,16.54,22.03,7.43,9.13,7.52
0.83,2.62,1.73,2.44,2.42,0.16,4.19,16.54,21.96,7.44,9.13,7.52
0.83,2.63,1.73,2.44,2.42,0.16,4.2,16.54,21.93,7.45,9.13,7.52
0.83,2.63,1.73,2.44,2.42,0.16,4.2,16.54,21.31,7.46,9.14,7.52
0.83,2.63,1.74,2.44,2.42,0.16,4.2,16.54,20.93,7.47,9.14,7.52
0.83,2.63,1.74,2.44,2.42,0.15,4.2,16.56,20.94,7.48,9.14,8.38
0.83,2.63,1.74,2.44,2.43,0.15,4.2,16.58,20.98,7.49,9.15,9.5
0.83,2.63,1.74,2.44,2.43,0.15,4.2,16.59,21,7.5,9.15,10.08
0.85,2.63,1.74,2.45,2.43,0.14,4.2,16.59,21.03,7.5,9.15,10.13
0.98,2.63,1.74,2.45,2.43,0.14,4.2,16.59,21.04,7.51,9.15,10.09
1.06,2.63,1.74,2.45,2.43,0.14,4.2,16.59,21.04,7.51,9.16,9.94
1.06,2.64,1.75,2.45,2.43,0.14,4.2,16.6,21.04,7.52,9.16,9.84
1.06,2.64,1.75,2.45,2.43,0.14,4.2,16.6,21.05,7.53,9.16,9.85
1.06,2.64,1.75,2.45,2.43,0.13,4.2,16.6,21.05,7.54,9.16,9.87
1.05,2.64,1.75,2.45,2.43,0.13,4.2,16.6,21.05,7.54,9.16,9.93
1.02,2.64,1.75,2.45,2.44,0.13,4.2,16.61,21.06,7.55,9.17,9.95
1.02,2.64,1.75,2.47,2.44,0.13,4.2,16.61,21.06,7.55,9.17,9.98
1.02,2.64,1.75,2.57,2.44,0.13,4.2,16.61,21.06,7.56,9.17,10.05
1.02,2.64,1.75,3.23,2.44,0.12,4.2,16.61,21.07,7.56,9.17,10.17
1.02,2.64,1.75,3.32,2.44,0.12,4.2,16.61,21.08,7.57,9.17,10.21
1.02,2.64,1.75,3.33,2.44,0.12,4.2,16.61,21.11,7.57,9.17,10.19
1.02,2.64,1.75,3.31,2.44,0.12,4.2,16.61,21.11,7.58,9.18,10.18
1.02,2.64,1.75,3.28,2.44,0.12,4.2,16.62,21.11,7.58,9.18,10.18
1.02,2.65,1.75,3.27,2.44,0.11,4.2,16.62,21.11,7.59,9.18,10.15
1.02,2.65,1.75,3.28,2.44,0.11,4.2,16.62,21.11,7.59,9.19,10.14
1.02,2.65,1.75,3.29,2.45,0.11,4.2,16.62,21.11,7.6,9.19,10.15
1.02,2.65,1.75,3.3,2.45,0.11,4.2,16.62,21.11,7.6,9.19,10.16
1.02,2.65,1.76,3.32,2.45,0.11,4.2,16.62,21.12,7.6,9.2,10.17
1.03,2.65,1.76,3.32,2.45,0.11,4.2,16.62,21.12,7.6,9.2,10.18
1.03,2.66,1.75,3.33,2.45,0.1,4.2,16.62,21.12,7.61,9.2,10.2
1.03,2.66,1.75,3.33,2.45,0.1,4.2,16.62,21.12,7.61,9.2,10.21
1.03,2.66,1.76,3.35,2.45,0.1,4.38,16.63,21.12,7.62,9.21,10.23
1.03,2.66,1.76,3.36,2.45,0.1,5.37,16.63,21.12,7.62,9.21,10.24
1.03,2.66,1.76,3.37,2.45,0.1,5.96,16.63,21.12,7.62,9.22,10.25
1.03,2.66,1.76,3.36,2.45,0.1,5.94,16.63,21.12,7.63,9.22,10.26
1.03,2.71,1.76,3.37,2.45,0.1,5.93,16.63,21.12,7.63,9.22,10.27
1.03,3.13,1.76,3.37,2.45,0.1,5.91,16.64,21.12,7.63,9.22,10.28
1.03,3.51,1.76,3.37,2.45,,5.76,16.64,21.12,7.63,9.23,10.28
1.03,3.55,1.76,3.37,2.45,,5.52,16.64,21.13,7.64,9.23,10.29
1.03,3.56,1.76,3.37,2.46,,5.48,16.64,21.13,7.64,9.22,10.3
1.03,3.56,1.76,3.37,2.46,,5.49,16.64,21.13,7.65,3.96,10.31
1.03,3.56,1.76,3.37,2.46,,5.51,16.64,21.13,7.65,1.03,10.32
1.03,3.51,1.76,3.38,2.46,,5.52,16.64,21.13,7.65,0.63,10.32
1.03,3.4,1.76,3.38,2.46,,5.52,16.64,21.14,7.65,0.56,10.33
1.03,3.41,1.76,3.38,2.46,,5.52,16.64,21.17,7.65,0.52,10.33
1.03,3.41,1.76,3.38,2.46,,5.52,16.64,21.17,7.66,0.48,10.34
1.03,3.42,1.76,3.38,2.46,,5.53,16.64,21.17,7.66,0.46,10.35
1.03,3.42,1.76,3.39,2.46,,5.53,16.64,21.17,7.66,0.44,10.35
1.03,3.42,1.76,3.39,2.46,,5.53,16.64,21.17,7.66,0.41,10.36
1.03,3.43,1.76,3.39,2.46,,5.53,16.65,21.17,7.67,0.4,10.37
1.03,3.43,1.76,3.39,2.46,,5.53,16.65,21.17,7.67,0.39,10.37
1.03,3.43,1.76,3.39,2.46,,5.53,16.65,21.17,7.67,0.38,10.38
1.03,3.44,1.76,3.39,2.47,,5.53,16.65,21.17,7.67,0.37,10.38
1.03,3.44,1.76,3.39,2.47,,5.54,16.65,21.17,7.67,0.36,10.39
1.03,3.44,1.76,3.4,2.48,,5.54,16.65,21.17,7.67,0.35,10.39
1.03,3.44,1.76,3.4,2.61,,5.54,16.65,21.17,7.68,0.34,10.4
1.03,3.45,1.77,3.4,2.96,,5.54,16.66,21.17,7.68,0.34,10.4
1.03,3.45,1.77,3.4,3.34,,5.54,16.66,21.17,7.68,0.33,10.41
1.03,3.45,1.77,3.4,3.33,,5.54,16.66,21.17,7.68,0.32,10.41
1.03,3.45,1.77,3.4,3.31,,5.54,16.66,21.17,7.68,0.32,10.42
1.03,3.45,1.77,3.4,3.28,,5.54,16.66,21.17,7.69,0.31,10.42
1.03,3.45,1.77,3.4,3.27,,5.55,16.74,21.17,7.69,0.31,10.43
1.04,3.46,1.77,3.41,3.28,,5.55,18.46,21.17,7.69,0.3,10.44
1.04,3.46,1.77,3.41,3.29,,5.55,21.3,21.17,7.69,0.3,10.44
1.06,3.46,1.77,3.41,3.3,,5.55,21.73,21.17,7.69,0.3,10.45
1.19,3.46,1.77,3.41,3.31,,5.56,21.6,21.17,7.69,0.29,10.46
1.27,3.46,1.77,3.41,3.32,,5.56,21.57,21.17,7.69,0.29,10.48
1.27,3.46,1.77,3.41,3.33,,5.56,21.55,21.17,7.69,0.28,10.48
1.26,3.47,1.77,3.41,3.35,,5.56,21.28,21.17,7.7,0.28,10.49
1.26,3.47,1.77,3.41,3.37,,5.56,20.75,21.17,7.7,0.28,10.5
1.26,3.47,1.77,3.41,3.37,,5.56,20.64,21.17,7.7,0.27,10.51
1.22,3.47,1.77,3.41,3.36,,5.56,20.69,21.18,7.7,0.27,10.51
1.22,3.47,1.77,3.42,3.36,,5.56,20.71,24.46,7.7,0.27,10.51
1.22,3.47,1.77,3.42,3.36,,5.56,20.72,26.32,7.73,0.27,10.51
1.22,3.48,1.77,3.42,3.37,,5.56,20.73,26.29,8.28,0.26,10.52
1.22,3.48,1.77,3.42,3.37,,5.57,20.73,26.2,8.62,0.26,10.52
1.22,3.48,1.77,3.42,3.37,,5.57,20.74,26.14,8.83,0.26,10.52
1.22,3.48,1.77,3.42,3.37,,5.57,20.74,26.06,8.96,0.26,10.53
1.22,3.48,1.77,3.42,3.37,,5.57,20.75,25.6,9.04,0.25,10.53
1.22,3.48,1.77,3.42,3.37,,5.57,20.75,25.17,9.09,0.25,10.53
1.22,3.48,1.79,3.42,3.37,,5.57,20.75,25.14,9.12,0.25,10.53
1.22,3.49,1.86,3.42,3.38,,5.58,20.76,25.17,9.13,0.25,10.53
1.22,3.49,1.94,3.42,3.38,,5.58,20.76,25.17,9.15,0.25,10.54
1.23,3.49,2.03,3.42,3.38,,5.58,20.79,25.17,9.17,0.24,10.54
1.23,3.49,2.04,3.43,3.38,,5.58,20.8,25.17,9.18,0.24,10.54
1.23,3.49,2.05,3.43,3.38,,5.58,20.8,25.18,9.19,0.24,10.55
1.23,3.49,2.05,3.43,3.38,,5.58,20.81,25.18,9.2,0.24,10.55
1.23,3.49,2.05,3.43,3.38,,5.58,20.81,25.18,9.21,0.24,10.55
1.23,3.49,2.05,3.43,3.38,,5.58,20.81,25.19,9.21,0.23,10.55
1.23,3.49,2.05,3.43,3.39,,5.58,20.81,25.21,9.22,0.23,10.55
1.23,3.5,2.05,3.43,3.39,,5.58,20.81,25.22,9.23,0.23,10.56
1.23,3.5,2.05,3.43,3.39,,5.58,20.82,25.24,9.24,0.23,10.56
1.23,3.5,2.06,3.43,3.39,,5.58,20.85,25.24,9.24,0.23,10.57
1.23,3.5,2.06,3.45,3.39,,5.58,20.85,25.24,9.25,0.23,10.73
1.23,3.5,2.06,3.56,3.39,,5.58,20.85,25.25,9.25,0.22,11.34
1.23,3.5,2.06,3.78,3.39,,5.58,20.85,25.25,9.26,0.22,12.1
1.23,3.5,2.06,4.11,3.39,,5.58,20.85,25.25,9.26,0.22,12.58
1.23,3.5,2.06,4.17,3.39,,5.58,20.85,25.25,9.27,0.22,12.75
1.23,3.5,2.06,4.2,3.4,,5.58,20.85,25.25,9.27,0.22,12.89
1.23,3.51,2.06,4.22,3.4,,5.58,20.85,25.25,9.28,0.22,12.97
1.23,3.51,2.07,4.23,3.4,,5.58,20.85,25.25,9.29,0.22,12.99
1.23,3.51,2.06,4.23,3.4,,5.58,20.85,25.25,9.29,0.21,13
1.23,3.51,2.06,4.24,3.4,,5.58,20.86,25.25,9.3,0.21,13
1.23,3.51,2.07,4.24,3.4,,5.58,20.89,25.25,9.3,0.21,13.01
1.23,3.51,2.07,4.24,3.4,,5.58,20.9,25.25,9.3,0.21,13.02
1.23,3.54,2.07,4.25,3.4,,5.58,20.9,25.25,9.31,0.21,13.02
1.23,3.91,2.07,4.25,3.4,,5.58,20.9,25.25,9.31,0.21,13.03
1.23,4.4,2.07,4.25,3.41,,5.58,20.9,25.28,9.31,0.21,13.03
1.23,4.48,2.07,4.25,3.4,,5.58,20.9,25.28,9.32,0.21,13.04
1.23,4.48,2.07,4.25,3.41,,5.59,20.91,25.28,9.32,0.2,13.05
1.23,4.48,2.07,4.26,3.41,,5.59,20.91,25.28,9.33,0.2,13.05
1.23,4.48,2.07,4.26,3.41,,5.59,20.91,25.28,9.33,0.2,13.05
1.23,4.32,2.07,4.26,3.41,,5.59,20.91,25.28,9.33,0.2,13.06
1.23,4.32,2.07,4.26,3.41,,5.58,20.91,25.28,9.34,0.2,13.06
1.23,4.33,2.07,4.26,3.41,,5.59,20.91,25.28,9.34,0.2,13.06
1.24,4.33,2.07,4.26,3.41,,5.67,20.91,25.28,9.34,0.2,13.07
1.24,4.34,2.07,4.27,3.41,,6.45,20.91,25.28,9.34,0.2,13.07
1.24,4.34,2.07,4.27,3.41,,7.11,20.91,25.28,9.35,0.2,13.07
1.24,4.35,2.08,4.27,3.41,,7.15,20.91,25.28,9.35,0.2,13.08
1.24,4.35,2.08,4.27,3.41,,7.13,20.91,25.28,9.35,0.19,13.08
1.24,4.36,2.08,4.27,3.41,,7.11,20.91,25.28,9.35,0.19,13.08
1.24,4.36,2.08,4.27,3.41,,7.1,20.91,25.28,9.36,0.19,13.09
1.24,4.37,2.08,4.27,3.42,,7.07,20.91,25.28,9.36,0.19,13.09
1.24,4.37,2.08,4.27,3.42,,6.94,20.91,25.28,9.36,0.19,13.09
1.24,4.37,2.08,4.27,3.42,,6.88,20.91,25.28,9.37,0.19,13.09
1.24,4.37,2.08,4.28,3.42,,6.88,20.91,25.28,9.37,0.19,13.09
1.24,4.38,2.08,4.28,3.42,,6.88,20.91,25.28,9.38,0.19,13.1
1.24,4.38,1.99,4.28,3.42,,6.88,20.91,25.28,9.38,0.19,13.1
1.24,4.38,1.31,4.28,3.42,,6.89,20.91,25.28,9.38,0.19,13.1
1.24,4.38,0.54,4.28,3.42,,6.9,20.91,25.28,9.39,0.19,13.11
1.24,4.39,0.36,4.28,3.42,,6.9,20.91,25.31,9.39,0.19,13.11
1.24,4.39,0.33,4.28,3.42,,6.9,20.92,25.32,9.4,0.18,13.12
1.24,4.39,0.3,4.28,3.42,,6.91,20.92,25.31,9.4,0.18,13.12
1.28,4.39,0.29,4.28,3.42,,6.91,20.92,25.31,9.4,0.18,13.13
1.43,4.4,0.28,4.28,3.42,,6.91,20.92,25.31,9.41,0.18,13.14
1.47,4.4,0.26,4.28,3.42,,6.91,20.92,25.31,9.42,0.18,13.15
1.47,4.4,0.25,4.29,3.43,,6.91,20.92,25.31,9.42,0.18,13.16
1.47,4.41,0.24,4.29,3.43,,6.91,20.93,25.31,9.42,0.18,13.17
1.46,4.41,0.24,4.29,3.43,,6.91,20.93,25.31,9.42,0.18,13.18
1.43,4.42,0.23,4.29,3.43,,6.92,20.94,25.31,9.42,0.18,13.18
1.41,4.42,0.23,4.29,3.43,,6.92,20.96,25.31,9.43,0.18,13.18
1.42,4.42,0.22,4.29,3.43,,6.92,20.97,25.31,9.43,0.18,13.18
1.42,4.42,0.22,4.29,3.43,,6.93,20.97,25.31,9.43,0.18,13.18
1.42,4.43,0.21,4.29,3.43,,6.93,20.97,25.31,9.43,0.18,13.18
1.42,4.43,0.21,4.29,3.43,,6.93,20.97,25.31,9.43,0.17,13.18
1.42,4.43,0.2,4.29,3.43,,6.93,20.97,25.31,9.44,0.17,13.18
1.42,4.43,0.2,4.29,3.43,,6.93,20.97,25.31,9.44,0.17,13.18
1.42,4.43,0.2,4.29,3.43,,6.93,20.97,25.31,9.44,0.17,13.18
1.42,4.44,0.19,4.29,3.43,,6.94,20.97,25.3,9.44,0.17,13.18
1.42,4.44,0.19,4.29,3.43,,6.94,20.97,25.31,9.44,0.17,13.18
1.42,4.44,0.19,4.3,3.43,,6.94,20.97,25.39,9.44,0.17,13.18
1.42,4.44,0.19,4.3,3.43,,6.94,20.97,26.83,9.45,,13.18
1.42,4.44,0.19,4.3,3.43,,6.94,20.97,29.72,9.46,,13.18
1.43,4.44,0.18,4.3,3.43,,6.94,20.97,30.24,9.46,,13.18
1.43,4.45,0.18,4.3,3.44,,6.94,20.97,30.12,9.47,,13.18
1.43,4.45,0.18,4.3,3.44,,6.94,20.97,30.04,9.48,,13.18
1.43,4.45,0.17,4.3,3.44,,6.94,20.97,29.94,9.49,,13.18
1.43,4.45,0.17,4.3,3.44,,6.94,20.97,29.41,9.5,,13.18
1.43,4.45,0.17,4.3,3.44,,6.94,20.97,28.99,9.51,,13.18
1.43,4.45,0.17,4.3,3.44,,6.95,20.97,29.01,9.52,,13.18
1.43,4.46,0.17,4.3,3.44,,6.95,20.97,29.02,9.53,,13.18
1.43,4.46,0.16,4.1,3.44,,6.95,20.97,29.04,9.54,,13.18
1.43,4.46,0.16,2.36,3.44,,6.95,20.97,29.06,9.55,,13.18
1.43,4.46,0.16,0.38,3.44,,6.95,20.97,29.06,9.56,,13.18
1.43,4.46,0.16,0.15,3.44,,6.95,20.97,29.07,9.57,,13.18
1.43,4.47,0.16,0.17,3.46,,6.95,20.97,29.07,9.58,,13.18
1.43,4.47,0.16,0.18,3.54,,6.95,20.97,29.07,9.58,,13.18
1.43,4.47,0.23,0.2,3.75,,6.95,20.98,29.07,9.59,,13.18
1.43,4.47,0.48,0.2,3.97,,6.96,20.99,29.07,9.6,,13.18
1.43,4.47,0.68,0.21,2.59,,6.96,21.01,29.07,9.61,,13.18
1.43,4.47,0.7,0.21,4.22,,6.96,21.01,29.07,9.62,,13.18
1.43,4.47,0.66,0.22,4.24,,6.96,21.01,29.07,9.62,,13.18
1.43,4.47,0.62,0.22,4.24,,6.96,21.01,29.07,9.63,,13.18
1.43,4.48,0.62,0.22,4.25,,6.96,21.01,29.07,9.63,,13.18
1.43,4.48,0.63,0.23,4.25,,6.97,21.01,29.09,9.64,,13.18
1.43,4.48,0.63,0.23,4.25,,6.97,21.01,29.1,9.64,,13.18
1.44,4.48,0.63,0.23,4.25,,6.97,21.01,29.1,9.65,,13.18
1.43,4.48,0.64,0.23,4.26,,6.97,21.01,29.1,9.65,,13.18
1.44,4.48,0.64,0.23,4.26,,6.97,24.98,29.1,9.66,,10.46
1.44,4.48,0.64,0.23,4.26,,6.97,26.1,29.1,9.66,,2.69
1.44,4.48,0.64,0.23,4.26,,6.97,26.01,29.1,9.67,,0.93
1.44,4.48,0.64,0.22,4.26,,6.97,25.93,29.1,9.67,,1.26
1.44,4.49,0.64,0.22,4.26,,6.97,25.88,29.1,9.67,,1.3
1.44,4.49,0.64,0.22,4.27,,6.97,25.71,29.1,9.68,,1.3
1.44,4.49,0.64,0.22,4.27,,6.97,25.08,29.1,9.68,,1.28
1.44,4.49,0.64,0.22,4.27,,6.97,24.78,29.1,9.68,,1.27
1.44,4.49,0.64,0.22,4.27,,6.97,24.95,29.1,9.69,,1.25
1.44,4.49,0.64,0.21,4.27,,6.98,24.97,29.1,9.69,,1.2
1.44,4.49,0.64,0.21,4.27,,6.98,24.98,29.11,9.69,,1.18
1.44,4.49,0.64,0.21,4.28,,6.98,24.98,29.13,9.7,,1.16
1.44,4.49,0.64,0.21,4.28,,6.98,24.98,29.14,9.7,,1.14
1.44,4.5,0.64,0.21,4.28,,6.98,24.99,29.14,9.69,,1.12
1.44,4.51,0.64,0.2,4.28,,6.98,24.99,29.14,8.92,,1.1
1.44,4.84,0.64,0.2,4.28,,6.98,25,29.14,4.65,,1.09
1.44,5.43,0.64,0.2,4.28,,6.99,25,29.14,1.05,,1.07
1.44,5.55,0.64,0.2,4.28,,6.99,25,29.16,0.36,,1.04
1.44,5.56,0.64,0.2,4.28,,6.99,25.02,29.17,0.3,,1.03
1.44,5.56,0.64,0.19,4.28,,6.99,25.04,29.17,0.26,,1.02
1.44,5.55,0.64,0.19,4.28,,7.59,25.04,29.17,0.22,,1
1.44,5.38,0.64,0.19,4.28,,8.48,25.04,29.17,0.19,,0.99
1.42,5.39,0.64,0.19,4.29,,8.6,25.04,29.17,0.17,,0.98
0.39,5.4,0.64,0.18,4.29,,8.57,25.04,29.17,0.15,,0.97
0.2,5.41,0.64,0.18,4.29,,8.55,25.04,29.16,0.13,,0.96
0.17,5.42,0.64,0.18,4.29,,8.55,25.04,29.16,0.12,,0.95
0.15,5.42,0.64,0.18,4.29,,8.46,25.05,29.16,0.18,,0.93
0.14,5.42,0.64,0.18,4.29,,8.27,25.05,29.16,1.24,,0.92
0.13,5.43,0.64,0.18,4.29,,8.23,25.05,29.16,2.35,,0.91
0.12,5.44,0.64,0.17,4.29,,8.26,25.05,29.16,2.48,,0.9
0.12,5.45,0.64,0.17,4.29,,8.27,25.05,29.16,2.3,,0.9
0.11,5.45,0.64,0.17,4.29,,8.28,25.05,29.16,2.11,,0.89
0.1,5.45,0.64,0.17,4.29,,8.29,25.05,29.16,2.09,,0.88
0.1,5.46,0.64,0.17,4.29,,8.29,25.05,29.16,2.12,,0.87
0.2,5.46,0.64,0.16,4.3,,8.29,25.05,29.16,2.14,,0.87
0.28,5.46,0.64,0.16,4.3,,8.29,25.05,29.16,2.15,,0.85
0.29,5.47,0.64,0.16,4.3,,8.29,25.06,29.16,2.15,,0.85
0.29,5.47,0.64,0.16,4.3,,8.3,25.06,29.15,2.15,,0.84
0.28,5.47,0.64,0.16,4.3,,8.3,25.07,29.15,2.15,,0.83
0.28,5.48,0.64,0.16,4.3,,8.3,25.09,29.15,2.15,,0.83
0.28,5.48,0.64,0.16,4.3,,8.3,25.09,29.15,2.16,,0.82
0.28,5.48,0.64,0.15,4.3,,8.3,25.09,29.12,2.16,,0.82
0.28,5.48,0.64,0.15,4.3,,8.31,25.09,25.92,2.16,,0.81
0.28,5.49,0.64,0.15,4.3,,8.31,25.09,11.51,2.16,,0.8
0.28,5.49,0.64,0.15,4.3,,8.31,25.09,2.45,2.16,,0.8
0.28,5.49,0.64,0.15,4.3,,8.31,25.09,1.5,2.16,,0.79
0.27,5.49,0.64,0.15,4.3,,8.31,25.09,1.3,2.16,,0.79
0.26,5.5,0.64,0.15,4.3,,8.31,25.09,1.16,2.16,,0.78
0.25,5.5,0.64,0.15,4.3,,8.31,25.09,1.07,2.16,,0.78
0.24,5.5,0.64,0.14,4.3,,8.31,25.09,0.99,2.16,,0.77
0.24,5.5,0.64,0.14,4.3,,8.32,25.09,0.87,2.16,,0.77
0.24,5.51,0.64,0.14,4.3,,8.33,25.09,0.83,2.16,,0.76
0.25,5.51,0.64,0.14,4.31,,8.33,25.09,0.79,2.16,,0.76
0.25,5.51,0.64,0.14,4.31,,8.33,25.09,0.75,2.16,,0.75
0.24,5.51,0.64,0.14,4.31,,8.33,25.1,0.72,2.16,,0.75
0.25,5.52,0.64,0.14,4.31,,8.33,25.1,0.69,2.16,,0.74
0.25,5.52,0.66,0.14,4.31,,8.33,25.1,0.66,2.16,,0.74
0.25,5.52,0.82,0.14,4.31,,8.34,25.1,0.64,2.17,,0.74
0.25,5.52,1.04,0.13,4.31,,8.34,25.1,0.62,2.17,,0.73
0.25,5.53,1.09,0.13,4.31,,8.34,25.1,0.58,2.17,,0.73
0.25,5.53,1.09,0.13,4.31,,8.34,25.1,0.56,2.17,,0.72
0.25,5.53,1.03,0.13,4.31,,8.34,25.1,0.55,2.17,,0.72
0.25,5.53,1.03,0.13,4.31,,8.34,25.1,0.53,2.17,,0.72
0.25,5.53,1.03,,4.31,,8.35,25.1,0.52,2.17,,0.71
0.25,5.53,1.04,,4.31,,8.35,25.1,0.5,2.17,,0.71
0.25,5.54,1.04,,4.31,,8.35,25.1,0.49,2.17,,0.71
0.25,5.54,1.05,,4.31,,8.35,25.1,0.48,2.17,,0.7
0.25,5.54,1.05,,4.31,,8.35,25.1,0.46,2.17,,0.7
0.25,5.54,1.06,,4.31,,8.35,25.1,0.45,2.17,,0.7
0.25,5.55,1.06,,4.31,,8.36,25.11,0.45,2.17,,0.69
0.25,5.55,1.06,,4.32,,8.36,25.11,0.44,2.17,,0.69
0.25,5.55,1.06,,4.32,,8.37,25.11,0.43,2.17,,0.68
0.25,5.55,1.06,,4.32,,8.37,25.1,0.42,2.17,,0.68
0.25,5.55,1.06,,4.32,,8.37,25.1,0.41,2.17,,0.68
0.25,5.55,1.06,,4.32,,8.37,25.1,0.4,2.17,,0.68
0.25,5.56,1.06,,4.32,,8.37,25.1,0.4,2.17,,0.68
0.25,5.55,1.06,,4.32,,8.37,25.1,0.38,2.18,,0.68
0.25,5.08,1.06,,4.32,,8.37,25.1,0.38,2.18,,0.67
0.25,2.64,1.06,,4.32,,8.37,25.1,0.37,2.18,,0.52
0.25,0.9,1.06,,4.32,,8.37,25.1,0.37,2.18,,0.33
0.25,0.63,1.06,,4.32,,8.37,25.1,0.36,2.18,,1.54
0.25,0.53,1.07,,4.32,,8.37,25.12,0.36,2.18,,1.88
0.25,0.42,1.07,,4.32,,8.37,25.2,0.35,2.18,,1.85
0.25,0.38,1.07,,4.32,,8.37,25.27,0.35,2.18,,1.59
0.25,0.35,1.07,,4.32,,8.37,25.31,0.34,2.18,,1.28
0.25,0.32,1.07,,4.32,,8.37,25.34,0.33,2.18,,1.24
0.25,0.3,1.07,,4.32,,8.37,25.37,0.33,2.18,,1.28
0.25,0.28,1.07,,4.32,,8.37,25.38,0.32,2.18,,1.33
0.25,0.26,1.07,,4.32,,8.37,25.38,0.32,2.18,,1.38
0.25,0.24,1.07,,4.32,,8.37,25.39,0.31,2.18,,1.46
0.25,0.23,1.07,,4.32,,8.37,25.4,0.31,2.19,,1.5
0.25,0.2,1.07,,4.32,,8.37,25.4,0.3,2.18,,1.48
0.25,0.19,1.07,,4.32,,8.37,25.4,0.3,2.18,,1.46
0.25,0.18,1.07,,4.32,,8.38,25.4,0.29,2.18,,1.45
0.25,0.17,1.07,,4.33,,8.38,25.4,0.29,2.18,,1.44
0.25,0.16,1.07,,4.33,,8.38,25.4,0.28,2.18,,1.45
0.25,0.15,1.07,,4.33,,8.38,25.4,0.28,2.18,,1.45
0.46,0.14,1.07,,4.33,,8.38,25.4,0.27,2.18,,1.45
0.51,0.13,1.07,,4.33,,8.38,25.4,0.27,2.18,,1.46
0.5,0.12,1.07,,4.33,,8.38,25.4,0.27,2.22,,1.46
0.5,0.11,1.07,,4.33,,8.38,25.4,0.26,2.75,,1.46
0.5,0.1,1.07,,4.33,,8.38,25.4,0.26,3.81,,1.47
0.5,0.1,1.07,,4.33,,8.38,25.39,0.25,4.26,,1.47
0.5,0.3,1.07,,4.33,,8.38,25.39,0.25,4.28,,1.47
0.49,0.67,1.07,,3.93,,8.38,25.39,0.25,4.18,,1.48
0.47,0.73,1.07,,0.24,,8.38,25.39,0.24,4,,1.48
0.44,0.73,1.07,,0.12,,8.38,25.39,0.24,3.96,,1.48
0.44,0.73,1.07,,0.15,,8.38,25.39,0.24,4.01,,1.48
0.44,0.73,1.07,,0.16,,8.38,25.38,0.23,4.02,,1.49
0.44,0.73,1.07,,0.17,,8.39,25.38,0.23,4.05,,1.49
0.44,0.73,1.07,,0.18,,8.39,25.38,0.23,4.11,,1.49
0.44,0.73,1.07,,0.19,,8.39,25.37,0.22,4.13,,1.49
0.44,0.73,1.07,,0.2,,8.39,25.37,0.22,4.12,,1.49
0.44,0.71,1.07,,0.21,,8.39,25.36,0.22,4.11,,1.5
0.44,0.6,1.09,,0.21,,8.39,25.36,0.21,4.1,,1.5
0.44,0.58,1.19,,0.21,,8.39,25.36,0.21,4.11,,1.5
0.45,0.57,1.37,,0.22,,8.39,25.36,0.21,4.11,,1.5
0.45,0.58,1.45,,0.22,,8.39,25.36,0.21,4.11,,1.51
0.45,0.58,1.45,,0.22,,8.39,25.36,0.2,4.11,,1.51
0.45,0.58,1.44,,0.23,,8.41,25.36,0.2,4.11,,1.51
0.45,0.58,1.41,,0.23,,8.96,25.36,0.19,4.11,,1.51
0.45,0.58,1.4,,0.23,,9.88,25.36,0.19,4.12,,1.51
0.45,0.58,1.41,,0.23,,10.01,25.36,0.19,4.12,,1.51
0.45,0.58,1.42,,0.23,,9.98,25.36,0.19,4.12,,1.51
0.45,0.58,1.42,,0.23,,9.94,25.66,0.19,4.12,,1.51
0.45,0.58,1.43,,0.23,,9.79,28.14,0.18,4.12,,1.51
0.45,0.58,1.44,,0.23,,9.66,30.06,0.18,4.12,,1.51
0.45,0.58,1.44,,0.23,,9.66,30.04,0.18,4.12,,1.52
0.45,0.58,1.44,,0.23,,9.67,29.93,0.17,4.12,,1.52
0.45,0.58,1.44,,0.23,,9.67,29.73,0.17,4.12,,1.52
0.45,0.58,1.44,,0.23,,9.67,29.2,0.17,4.12,,1.52
0.45,0.58,1.44,,0.23,,9.68,28.85,0.17,4.12,,1.52
0.45,0.58,1.44,,0.22,,9.68,28.89,0.17,4.12,,1.52
0.45,0.58,1.44,,0.22,,9.69,28.93,0.16,4.13,,1.53
0.45,0.58,1.44,,0.22,,9.69,28.95,0.16,4.13,,1.53
0.45,0.58,1.44,,0.22,,9.7,28.99,0.16,4.13,,1.53
0.45,0.58,1.44,,0.22,,9.7,29,0.16,4.13,,1.53
0.45,0.58,1.44,,0.22,,9.71,29,0.15,4.13,,1.53
0.45,0.58,1.44,,0.22,,9.71,29.04,0.15,4.13,,1.53
0.45,0.58,1.44,,0.21,,9.71,29.05,0.15,4.13,,1.53
0.45,0.57,1.44,,0.21,,9.72,29.05,0.15,4.13,,1.53
0.45,0.57,1.45,,0.21,,9.72,29.05,0.15,4.13,,1.53
0.45,0.57,1.45,,0.21,,9.73,29.05,,4.13,,1.54
0.45,0.57,1.45,,0.21,,9.73,29.05,,4.13,,1.54
0.45,0.58,1.45,,0.21,,9.73,29.06,,4.13,,1.54
0.45,0.58,1.45,,0.21,,9.74,29.06,,4.13,,1.54
0.45,0.58,1.45,,0.21,,9.74,29.06,,4.13,,1.54
0.45,0.58,1.45,,0.2,,9.74,29.07,,4.13,,1.54
0.45,0.58,1.45,,0.2,,9.74,29.09,,4.13,,1.54
0.45,0.58,1.45,,0.2,,9.74,29.1,,4.13,,1.56
0.45,0.58,1.45,,0.2,,9.74,29.1,,4.29,,1.93
0.45,0.58,1.45,,0.2,,9.74,29.1,,4.97,,3.36
0.45,0.58,1.45,,0.2,,9.75,29.1,,5.75,,4.66
0.45,0.58,1.45,,0.2,,9.75,29.12,,5.98,,4.86
0.45,0.58,1.45,,0.2,,9.75,29.13,,5.98,,4.74
0.45,0.57,1.45,,0.19,,9.75,29.13,,5.91,,4.37
0.45,0.57,1.45,,0.19,,9.75,29.13,,5.79,,4.22
0.45,0.57,1.45,,0.19,,9.75,29.13,,5.76,,4.27
0.66,0.57,1.45,,0.19,,9.75,29.13,,5.78,,4.3
0.69,0.57,1.45,,0.19,,9.75,29.13,,5.82,,4.38
0.69,0.57,1.45,,0.19,,9.75,29.13,,5.85,,4.52
0.69,0.57,1.45,,0.18,,9.75,29.13,,5.91,,4.56
0.69,0.57,1.45,,0.18,,9.76,29.13,,5.96,,4.53
0.69,0.57,1.45,,0.18,,9.77,29.13,,5.95,,4.51
0.69,0.57,1.45,,0.18,,9.77,29.13,,5.94,,4.5
0.66,0.57,1.46,,0.18,,9.77,29.13,,5.94,,4.47
0.64,0.57,1.46,,0.18,,9.77,29.13,,5.94,,4.45
0.64,0.57,1.46,,0.18,,9.77,29.13,,5.93,,4.45
0.64,0.57,1.46,,0.18,,9.77,29.13,,5.92,,4.46
0.64,0.57,1.46,,0.17,,9.77,29.13,,5.93,,4.47
0.64,0.57,1.46,,0.17,,9.77,29.13,,5.93,,4.48
0.64,0.57,1.46,,0.17,,9.78,29.13,,5.93,,4.49
0.64,0.57,1.46,,0.17,,9.78,29.13,,5.94,,4.49
0.64,0.57,1.46,,0.17,,9.79,29.12,,5.94,,4.5
0.64,0.57,1.46,,0.17,,9.79,29.12,,5.94,,4.5
0.64,0.57,1.46,,0.17,,9.79,29.12,,5.95,,4.5
0.64,0.57,1.46,,0.17,,9.79,29.12,,5.95,,4.5
0.64,0.57,1.47,,0.16,,9.79,29.12,,5.95,,4.51
0.64,0.57,1.55,,0.16,,9.79,29.12,,5.95,,4.51
0.64,0.56,1.68,,0.16,,9.79,29.12,,5.96,,4.51
0.64,0.57,1.75,,0.16,,9.79,29.12,,5.96,,4.52
0.65,0.56,1.76,,0.16,,9.79,29.11,,5.96,,4.52
0.65,0.56,1.76,,0.16,,9.79,29.11,,5.96,,4.53
0.65,0.56,1.75,,0.16,,9.79,29.11,,5.96,,4.53
0.65,0.56,1.75,,0.16,,9.8,29.11,,5.96,,4.53
0.65,0.56,1.75,,0.16,,9.8,29.11,,5.97,,4.53
0.65,0.56,1.76,,0.16,,9.8,29.11,,5.97,,4.53
0.65,0.56,1.76,,0.15,,9.8,29.11,,5.97,,4.53
0.65,0.56,1.76,,0.15,,9.8,29.12,,5.97,,4.53
0.65,0.56,1.76,,0.15,,9.8,29.14,,5.97,,4.53
0.65,0.63,1.77,,0.15,,9.8,29.14,,5.97,,4.54
0.65,1.05,1.77,,0.15,,9.8,29.14,,5.97,,4.54
0.65,1.34,1.77,,0.15,,9.8,29.14,,5.97,,4.54
0.65,1.34,1.77,,0.15,,9.8,29.13,,5.97,,4.54
0.65,1.34,1.78,,0.15,,9.8,29.13,,5.97,,4.54
0.65,1.34,1.78,,0.15,,9.8,29.13,,5.98,,4.55
0.65,1.34,1.78,,0.15,,9.8,29.13,,5.98,,4.55
0.65,1.34,1.78,,0.15,,9.8,29.13,,5.98,,4.55
0.65,1.34,1.78,,0.14,,9.8,29.14,,5.98,,4.55
0.65,1.3,1.78,,,,9.8,29.16,,5.98,,4.55
0.65,1.22,1.78,,,,9.81,29.16,,5.98,,4.55
0.65,1.2,1.78,,,,9.81,29.16,,5.98,,4.56
0.65,1.21,1.78,,,,9.82,29.15,,5.98,,4.56
0.65,1.21,1.78,,,,9.82,29.15,,5.98,,4.56
0.65,1.21,1.78,,,,9.82,29.15,,5.98,,4.59
0.65,1.21,1.78,,,,9.82,29.16,,5.98,,5.08
0.65,1.21,1.78,,,,9.82,29.16,,5.98,,6.5
0.65,1.21,1.78,,,,9.82,29.15,,5.98,,7.61
0.65,1.21,1.78,,,,9.82,29.15,,6,,7.73
0.65,1.21,1.78,,,,9.82,29.15,,6.15,,7.47
0.65,1.22,1.78,,,,9.82,29.15,,6.7,,7.27
0.65,1.22,1.78,,,,9.82,29.15,,7.53,,7.27
0.65,1.22,1.78,,,,9.82,28.28,,7.55,,7.31
0.65,1.22,1.79,,,,9.82,18.08,,7.53,,7.35
0.65,1.22,1.79,,,,9.82,4.4,,7.49,,7.37
0.65,1.22,1.79,,,,9.82,1.54,,7.49,,7.45
0.65,1.22,1.79,,,,9.82,1.02,,7.5,,7.67
0.65,1.22,1.79,,,,9.82,0.87,,7.52,,7.65
0.65,1.22,1.79,,,,9.82,0.77,,7.53,,7.63
0.65,1.22,1.79,,,,9.83,0.68,,7.56,,7.63
0.65,1.22,1.79,,,,6.28,0.61,,7.56,,7.59
0.67,1.22,1.79,,,,2.05,0.56,,7.57,,7.55
0.79,1.22,1.79,,,,1.11,0.51,,7.58,,7.55
0.89,1.22,1.79,,,,0.95,0.47,,7.6,,7.56
0.9,1.22,1.79,,,,0.86,0.43,,7.63,,7.58
0.9,1.22,1.79,,,,0.79,0.37,,7.64,,7.61
0.89,1.22,1.79,,,,0.73,0.34,,7.64,,7.62
0.88,1.22,1.79,,,,0.69,0.31,,7.64,,7.63
0.85,1.22,1.79,,,,0.62,0.29,,7.64,,7.64
0.84,1.22,1.79,,,,0.59,0.27,,7.64,,7.65
0.84,1.22,1.79,,,,0.56,0.25,,7.64,,7.65
0.84,1.22,1.79,,,,0.54,0.23,,7.65,,7.66
0.84,1.22,1.79,,,,0.52,0.21,,7.65,,7.66
0.85,1.23,1.79,,,,0.5,0.18,,7.65,,7.67
0.85,1.23,1.79,,,,0.48,0.39,,7.65,,7.67
0.85,1.23,1.8,,,,0.46,2.71,,7.65,,7.68
0.85,1.23,1.79,,,,0.45,5.16,,7.66,,7.68
0.85,1.23,1.79,,,,0.42,5.42,,7.66,,7.69
0.85,1.23,1.79,,,,0.41,5.41,,7.66,,7.69
0.85,1.23,1.8,,,,0.4,5.38,,7.66,,7.69
0.85,1.23,1.84,,,,0.39,5.34,,7.66,,7.7
0.85,1.23,1.92,,,,0.38,5.31,,7.66,,7.7
0.85,1.23,2,,,,0.37,5.29,,7.67,,7.71
0.85,1.23,2.06,,,,0.36,5.29,,7.67,,7.71
0.85,1.23,2.06,,,,0.35,5.27,,7.67,,7.72
0.85,1.23,2.07,,,,0.35,5.09,,7.67,,7.72
0.85,1.23,2.07,,,,0.33,4.68,,7.67,,7.72
0.85,1.23,2.07,,,,0.33,4.32,,7.67,,7.73
0.85,1.23,2.07,,,,0.32,4.2,,7.67,,7.73
0.85,1.23,2.07,,,,0.31,4.2,,7.68,,7.73
0.85,1.23,2.08,,,,0.31,4.21,,7.68,,7.73
0.85,1.24,2.08,,,,0.3,4.24,,7.68,,7.74
0.85,1.24,2.08,,,,0.3,4.25,,7.68,,7.74
0.85,1.24,2.08,,,,0.29,4.25,,7.68,,7.75
0.85,1.24,2.08,,,,0.28,4.25,,7.68,,7.75
0.85,1.24,2.08,,,,0.28,4.24,,7.68,,7.76
0.85,1.24,2.08,,,,0.29,4.25,,7.68,,7.77
0.85,1.24,2.08,,,,0.76,4.27,,7.69,,7.79
0.85,1.24,2.08,,,,1.76,4.27,,7.69,,7.8
0.85,1.24,2.08,,,,2,4.27,,7.69,,7.8
0.85,1.24,2.09,,,,2,4.27,,7.69,,7.8
0.85,1.24,2.09,,,,1.99,4.27,,7.69,,7.8
0.85,1.24,2.09,,,,1.98,4.27,,7.69,,7.8
0.85,1.24,2.09,,,,1.96,4.27,,7.69,,7.8
0.85,1.23,2.09,,,,1.95,4.27,,7.69,,7.8
0.85,1.24,2.09,,,,1.95,4.27,,7.69,,7.8
0.85,1.24,2.09,,,,1.95,4.27,,7.69,,7.8
0.85,1.3,2.09,,,,1.94,4.27,,7.69,,7.8
0.85,1.74,2.09,,,,1.89,4.27,,7.7,,7.81
0.85,2.07,2.09,,,,1.77,4.27,,7.7,,7.81
0.85,2.09,2.09,,,,1.66,4.27,,7.7,,7.81
0.85,2.09,2.09,,,,1.62,4.27,,7.7,,7.81
0.85,2.09,2.09,,,,1.62,4.27,,7.7,,7.81
0.86,2.08,2.09,,,,1.63,4.27,,7.7,,7.81
0.85,2,2.09,,,,1.63,4.27,,7.7,,7.82
0.85,1.9,2.09,,,,1.63,4.27,,7.7,,7.82
0.85,1.9,2.09,,,,1.63,4.27,,7.7,,7.82
0.85,1.91,2.09,,,,1.63,4.26,,7.7,,7.82
0.86,1.91,2.09,,,,1.63,4.26,,7.7,,7.82
0.86,1.91,2.1,,,,1.63,4.26,,7.7,,7.82
0.86,1.91,2.1,,,,1.63,4.26,,7.7,,7.82
0.85,1.91,2.1,,,,1.63,4.26,,7.7,,7.82
0.85,1.91,2.1,,,,1.62,4.26,,7.7,,7.82
0.85,1.92,2.1,,,,1.62,4.26,,7.7,,7.82
0.86,1.92,2.1,,,,1.62,4.26,,7.71,,7.82
0.86,1.92,2.1,,,,1.62,4.26,,7.71,,7.86
0.86,1.92,2.1,,,,1.62,4.26,,7.71,,9.39
0.86,1.92,2.1,,,,1.62,4.26,,7.71,,10.31
0.86,1.92,2.1,,,,1.62,4.26,,7.86,,10.55
0.86,1.92,2.1,,,,1.62,4.26,,8.17,,10.52
0.86,1.92,2.1,,,,1.62,4.26,,8.51,,10.41
0.86,1.92,2.05,,,,1.62,4.26,,8.75,,10.25
0.86,1.93,1.46,,,,1.62,4.26,,8.89,,10.21
0.86,1.93,0.63,,,,1.62,4.26,,8.98,,10.23
0.86,1.93,0.41,,,,1.62,4.25,,9.04,,10.28
0.86,1.93,0.34,,,,1.62,4.26,,9.08,,10.3
0.86,1.93,0.33,,,,1.62,4.25,,9.11,,10.31
0.86,1.93,0.32,,,,1.62,4.25,,9.14,,10.35
0.86,1.93,0.31,,,,1.61,4.25,,9.15,,10.45
0.96,1.94,0.3,,,,1.61,4.25,,9.16,,10.53
1.09,1.94,0.29,,,,1.61,4.25,,9.17,,10.53
1.1,1.94,0.28,,,,1.61,4.25,,9.18,,10.5
1.1,1.94,0.28,,,,1.61,4.25,,9.18,,10.49
1.09,1.94,0.27,,,,1.61,4.25,,9.19,,10.49
1.09,1.94,0.26,,,,1.61,4.25,,9.19,,10.49
1.04,1.94,0.26,,,,1.62,4.25,,9.2,,10.49
1.04,1.94,0.26,,,,1.62,4.25,,9.21,,10.49
1.04,1.94,0.25,,,,1.62,4.25,,9.21,,10.5
1.04,1.94,0.25,,,,1.62,4.25,,9.22,,10.5
1.04,1.94,0.25,,,,1.62,4.25,,9.22,,10.5
1.04,1.94,0.24,,,,1.62,4.24,,9.22,,10.5
1.04,1.94,0.24,,,,1.62,4.24,,9.23,,10.5
1.04,1.95,0.24,,,,1.62,4.24,,9.23,,10.5
1.04,1.95,0.23,,,,1.62,4.24,,9.23,,10.5
1.04,1.95,0.23,,,,1.62,4.24,,9.24,,10.51
1.05,1.95,0.23,,,,1.61,4.24,,9.24,,10.51
1.05,1.95,0.23,,,,1.61,4.24,,9.24,,10.51
1.04,1.95,0.22,,,,1.61,4.24,,9.25,,10.51
1.04,1.95,0.22,,,,1.61,4.24,,9.25,,10.51
1.04,1.95,0.22,,,,1.61,4.24,,9.25,,10.51
1.05,1.95,0.22,,,,1.61,4.24,,9.25,,10.51
1.05,1.95,0.22,,,,1.61,4.24,,9.26,,10.51
1.05,1.95,0.22,,,,1.61,4.24,,9.26,,10.51
1.05,1.95,0.21,,,,1.61,4.24,,9.26,,10.51
1.05,1.95,0.21,,,,1.61,4.24,,9.26,,10.51
1.05,1.95,0.21,,,,1.61,4.24,,9.27,,10.51
1.05,1.95,0.21,,,,1.61,4.24,,9.27,,10.51
1.05,1.95,0.22,,,,1.61,4.23,,9.27,,10.51
1.05,1.95,0.32,,,,1.61,4.23,,9.27,,10.51
1.05,1.95,0.75,,,,1.61,4.23,,9.27,,10.51
1.05,1.95,0.75,,,,1.61,4.23,,9.27,,10.52
1.05,1.95,0.74,,,,1.63,4.23,,9.28,,10.52
1.05,1.96,0.69,,,,3.05,4.23,,9.28,,10.52
1.05,1.96,0.66,,,,3.23,4.23,,9.28,,10.52
1.05,1.96,0.67,,,,3.22,4.23,,9.28,,10.52
1.05,1.96,0.67,,,,3.21,4.23,,9.28,,10.52
1.05,1.96,0.68,,,,3.19,4.23,,9.28,,10.52
1.05,1.96,0.68,,,,3.18,4.23,,9.28,,10.52
1.05,1.96,0.68,,,,3.18,4.23,,9.29,,10.53
1.05,1.96,0.68,,,,3.18,4.23,,9.29,,10.53
1.05,1.96,0.68,,,,3.18,4.23,,9.29,,10.53
1.05,1.96,0.68,,,,2.97,4.23,,9.29,,10.53
1.05,1.96,0.68,,,,2.88,4.23,,9.14,,10.53
1.05,1.96,0.68,,,,2.88,4.22,,6.71,,10.53
1.05,1.96,0.68,,,,2.9,4.22,,2.16,,10.53
1.05,1.96,0.68,,,,2.91,4.22,,0.67,,10.53
1.05,1.96,0.68,,,,2.91,4.22,,0.52,,10.54
1.05,1.96,0.68,,,,2.92,4.22,,0.45,,10.57
1.05,1.96,0.68,,,,2.92,4.22,,0.41,,10.76
1.05,1.96,0.68,,,,2.92,4.22,,0.35,,11.33
1.05,1.96,0.68,,,,2.92,4.22,,0.33,,12.03
1.05,1.96,0.68,,,,2.92,4.22,,0.31,,12.51
1.05,1.96,0.68,,,,2.92,4.22,,0.29,,12.74
1.05,1.96,0.68,,,,2.92,4.22,,0.28,,12.85
1.05,1.96,0.68,,,,2.92,4.24,,0.26,,12.93
1.05,1.96,0.68,,,,2.92,4.25,,0.25,,13.03
1.06,1.96,0.68,,,,2.92,4.25,,0.24,,13.07
1.05,1.96,0.68,,,,2.93,4.25,,0.23,,13.1
1.05,1.97,0.68,,,,2.93,4.25,,0.21,,13.12
1.05,2.25,0.68,,,,2.93,4.25,,0.2,,13.13
1.06,2.73,0.68,,,,2.93,4.25,,0.2,,13.13
1.06,2.82,0.68,,,,2.93,4.25,,0.19,,13.13
1.05,2.83,0.68,,,,2.93,4.25,,0.18,,13.13
1.05,2.82,0.68,,,,2.93,4.24,,0.18,,13.14
1.05,2.82,0.68,,,,2.93,4.24,,0.17,,13.14
1.05,2.82,0.68,,,,2.93,4.24,,0.16,,13.14
1.06,2.67,0.68,,,,2.93,4.24,,0.15,,13.14
1.06,2.66,0.68,,,,2.93,4.24,,0.15,,13.15
1.06,2.66,0.68,,,,2.93,4.24,,0.14,,13.15
1.05,2.67,0.68,,,,2.93,4.24,,0.14,,13.15
1.06,2.67,0.68,,,,2.93,4.24,,0.13,,13.15
1.06,2.67,0.68,,,,2.93,4.24,,0.13,,13.15
1.06,2.67,0.68,,,,2.93,4.24,,0.13,,13.15
1.06,2.68,0.68,,,,2.93,4.24,,0.12,,13.15
1.06,2.68,0.68,,,,2.93,4.24,,0.12,,13.15
1.06,2.68,0.68,,,,2.93,4.24,,0.11,,13.15
1.06,2.69,0.68,,,,2.93,4.24,,0.11,,13.15
1.06,2.69,0.68,,,,2.93,4.24,,0.1,,13.15
1.06,2.69,0.68,,,,2.93,4.24,,0.1,,13.16
1.06,2.7,0.68,,,,2.93,4.84,,0.1,,13.16
1.07,2.7,0.68,,,,2.93,7.69,,0.31,,13.16
1.17,2.7,0.68,,,,2.93,9.21,,1.45,,13.16
1.28,2.7,0.68,,,,2.93,9.17,,2.39,,13.16
1.29,2.7,0.68,,,,2.93,9.13,,2.48,,13.16
1.29,2.7,0.68,,,,2.93,9.09,,2.23,,13.16
1.28,2.7,0.68,,,,2.93,9.08,,2.07,,13.16
1.25,2.71,0.68,,,,2.93,9.07,,2.07,,13.16
1.23,2.71,0.68,,,,2.93,9.07,,2.1,,13.16
1.24,2.71,0.68,,,,2.93,8.99,,2.12,,13.16
1.24,2.71,0.68,,,,2.93,8.19,,2.12,,13.16
1.24,2.71,0.68,,,,2.93,8.13,,2.13,,13.16
1.24,2.71,0.68,,,,2.93,8.18,,2.13,,13.16
1.24,2.71,0.68,,,,2.93,8.21,,2.14,,13.16
1.24,2.71,0.68,,,,2.93,8.22,,2.16,,13.16
1.24,2.71,0.68,,,,2.94,8.22,,2.16,,13.16
1.24,2.71,0.68,,,,2.94,8.22,,2.16,,13.16
1.24,2.72,0.68,,,,2.94,8.23,,2.16,,13.16
1.24,2.72,0.68,,,,2.94,8.23,,2.16,,13.16
1.24,2.72,0.68,,,,2.94,8.23,,2.16,,13.16
1.24,2.72,0.68,,,,2.94,8.23,,2.16,,13.16
1.24,2.72,0.72,,,,2.94,8.23,,2.16,,13.16
1.24,2.72,0.92,,,,2.94,8.24,,2.16,,13.16
1.24,2.72,1.1,,,,2.94,8.24,,2.16,,13.17
1.25,2.72,1.13,,,,2.94,8.24,,2.16,,13.17
1.25,2.72,1.12,,,,2.94,8.24,,2.16,,13.15
1.25,2.72,1.08,,,,2.94,8.24,,2.16,,11.59
1.25,2.72,1.06,,,,2.94,8.24,,2.16,,0.61
1.25,2.72,1.07,,,,2.94,8.24,,2.16,,1.26
1.25,2.72,1.08,,,,2.94,8.25,,2.16,,1.32
1.25,2.72,1.08,,,,2.94,8.27,,2.16,,1.34
1.25,2.72,1.08,,,,2.94,8.28,,2.16,,1.33
1.25,2.73,1.09,,,,2.94,8.28,,2.16,,1.32
1.25,2.73,1.1,,,,2.94,8.28,,2.16,,1.3
1.25,2.73,1.1,,,,2.94,8.28,,2.16,,1.28
1.25,2.73,1.1,,,,2.94,8.29,,2.16,,1.26
1.25,2.73,1.09,,,,2.94,8.29,,2.16,,1.23
1.25,2.73,1.09,,,,2.94,8.29,,2.16,,1.21
1.25,2.73,1.1,,,,2.94,8.29,,2.16,,1.19
1.25,2.73,1.1,,,,2.94,8.3,,2.16,,1.18
1.25,2.73,1.1,,,,3.01,8.32,,2.16,,1.16
1.25,2.73,1.1,,,,3.79,8.33,,2.16,,1.15
1.25,2.73,1.1,,,,4.55,8.33,,2.16,,1.14
1.25,2.73,1.1,,,,4.61,8.33,,2.16,,1.12
1.25,2.73,1.1,,,,4.6,8.33,,2.16,,1.11
1.25,2.73,1.1,,,,4.58,8.33,,2.16,,1.09
1.25,2.73,1.1,,,,4.57,8.33,,2.16,,1.08
1.25,2.73,1.1,,,,4.57,8.33,,2.16,,1.06
1.25,2.73,1.1,,,,4.48,8.33,,2.16,,1.05
1.25,2.73,1.1,,,,4.2,8.33,,2.18,,1.04
1.25,2.74,1.1,,,,4.21,8.33,,2.53,,1.03
1.25,2.97,1.1,,,,4.22,8.33,,3.56,,1.03
1.25,3.52,1.1,,,,4.23,8.33,,4.19,,1.02
1.25,3.67,1.1,,,,4.23,8.33,,4.25,,1
1.25,3.67,1.1,,,,4.23,8.34,,4.2,,0.99
1.25,3.66,1.1,,,,4.24,8.34,,4.03,,0.99
1.25,3.61,1.1,,,,4.24,8.34,,3.94,,0.98
1.25,3.5,1.1,,,,4.24,8.34,,3.98,,0.97
1.25,3.47,1.1,,,,4.24,8.34,,4,,0.96
1.25,3.48,1.1,,,,4.24,8.34,,4.01,,0.96
1.26,3.48,1.1,,,,4.24,8.34,,4.04,,0.95
1.26,3.48,1.1,,,,4.24,8.34,,4.08,,0.95
1.25,3.49,1.1,,,,4.24,8.34,,4.1,,0.93
1.25,3.49,1.1,,,,4.24,8.34,,4.09,,0.93
1.25,3.49,1.1,,,,4.24,8.34,,4.08,,0.92
1.26,3.5,1.1,,,,4.25,8.34,,4.08,,0.92
1.25,3.5,1.1,,,,4.25,8.34,,4.08,,0.91
1.26,3.5,1.1,,,,4.25,8.34,,4.08,,0.91
1.26,3.5,1.1,,,,4.25,8.34,,4.08,,0.9
1.26,3.51,1.1,,,,4.25,8.34,,4.09,,0.89
1.26,3.51,1.1,,,,4.25,8.34,,4.09,,0.89
1.26,3.51,1.11,,,,4.25,8.34,,4.09,,0.64
1.26,3.51,1.11,,,,4.25,8.34,,4.09,,0.46
1.26,3.51,1.1,,,,4.25,8.34,,4.09,,1.72
1.26,3.51,1.11,,,,4.25,8.34,,4.09,,1.97
1.26,3.52,1.11,,,,4.25,8.34,,4.09,,1.92
1.26,3.52,1.11,,,,4.25,8.34,,4.09,,1.63
1.26,3.52,1.11,,,,4.25,8.34,,4.09,,1.31
1.26,3.52,1.11,,,,4.25,8.34,,4.1,,1.28
1.26,3.52,1.11,,,,4.25,8.34,,4.1,,1.36
1.26,3.52,1.11,,,,4.25,8.34,,4.1,,1.38
1.26,3.52,1.11,,,,4.25,8.34,,4.1,,1.42
1.26,3.52,1.11,,,,4.25,8.34,,4.1,,1.5
1.26,3.53,1.11,,,,4.25,8.34,,4.1,,1.56
1.26,3.53,1.11,,,,4.25,8.34,,4.1,,1.55
1.26,3.53,1.11,,,,4.25,8.34,,4.1,,1.52
1.26,3.53,1.11,,,,4.25,8.34,,4.1,,1.51
1.26,3.53,1.11,,,,4.25,8.34,,4.1,,1.5
1.26,3.53,1.11,,,,4.25,8.34,,4.1,,1.5
1.26,3.53,1.11,,,,4.25,8.34,,4.1,,1.5
1.26,3.53,1.11,,,,4.25,8.34,,4.1,,1.51
1.36,3.53,1.11,,,,4.25,8.34,,4.1,,1.51
1.47,3.53,1.11,,,,4.25,8.34,,4.1,,1.51
1.48,3.54,1.11,,,,4.25,8.34,,4.1,,1.52
1.48,3.54,1.11,,,,4.26,8.34,,4.11,,1.52
1.47,3.54,1.11,,,,4.26,8.34,,4.11,,1.52
1.47,3.54,1.11,,,,4.26,8.34,,4.11,,1.52
1.45,3.54,1.11,,,,4.26,8.34,,4.11,,1.53
1.43,3.54,1.11,,,,4.26,8.34,,4.11,,1.53
1.43,3.54,1.12,,,,4.27,8.34,,4.11,,1.53
1.44,3.54,1.21,,,,4.27,8.34,,4.11,,1.53
1.44,3.54,1.4,,,,4.27,8.34,,4.11,,1.54
1.44,3.54,1.47,,,,4.27,8.34,,4.11,,1.54
1.44,3.54,1.48,,,,4.27,8.34,,4.11,,1.54
1.44,3.54,1.47,,,,4.27,8.34,,4.11,,1.54
1.44,3.54,1.44,,,,4.27,8.34,,4.11,,1.55
1.44,3.55,1.43,,,,4.27,8.34,,4.11,,1.55
1.44,3.55,1.44,,,,4.27,8.34,,4.11,,1.55
1.44,3.55,1.44,,,,4.27,8.34,,4.11,,1.55
1.44,3.55,1.45,,,,4.27,8.34,,4.11,,1.55
1.44,3.55,1.46,,,,4.27,8.34,,4.11,,1.56
1.44,3.55,1.47,,,,4.27,8.34,,4.11,,1.56
1.44,3.55,1.47,,,,4.27,8.39,,4.11,,1.56
1.44,3.55,1.47,,,,4.27,9.78,,4.11,,1.56
1.44,3.55,1.46,,,,4.27,12.78,,4.15,,1.56
1.45,3.55,1.46,,,,4.27,13.4,,4.51,,1.56
1.45,3.55,1.47,,,,4.27,13.35,,5.36,,1.57
1.45,3.55,1.47,,,,4.27,13.3,,5.92,,1.67
1.45,3.55,1.47,,,,4.27,13.28,,5.91,,2.56
1.45,3.55,1.47,,,,4.27,13.28,,5.79,,4.25
1.45,3.56,1.47,,,,4.27,13.13,,5.72,,4.99
1.45,3.69,1.47,,,,4.27,12.62,,5.72,,5
1.45,4.24,1.47,,,,4.27,12.34,,5.75,,4.39
1.45,4.49,1.47,,,,4.27,12.41,,5.77,,4.34
1.45,4.49,1.47,,,,4.27,12.42,,5.78,,4.38
1.45,4.49,1.47,,,,4.27,12.42,,5.8,,4.43
1.45,4.46,1.47,,,,4.27,12.43,,5.9,,4.48
1.45,4.35,1.47,,,,4.27,12.43,,5.89,,4.61
1.45,4.31,1.47,,,,4.27,12.43,,5.88,,4.73
1.45,4.32,1.47,,,,4.27,12.43,,5.88,,4.72
1.45,4.33,1.47,,,,4.27,12.43,,5.88,,4.69
1.45,4.34,1.47,,,,4.27,12.44,,5.88,,4.68
1.45,4.34,1.47,,,,4.27,12.44,,5.88,,4.66
1.45,4.34,1.47,,,,4.27,12.44,,5.89,,4.63
1.45,4.35,1.47,,,,4.27,12.44,,5.89,,4.62
1.45,4.35,1.47,,,,4.27,12.45,,5.89,,4.63
1.45,4.35,1.47,,,,4.27,12.46,,5.89,,4.64
1.45,4.35,1.47,,,,4.27,12.48,,5.9,,4.65
1.45,4.36,1.47,,,,4.27,12.48,,5.9,,4.66
1.45,4.36,1.47,,,,4.27,12.48,,5.9,,4.66
1.45,4.36,1.47,,,,4.27,12.49,,5.9,,4.67
1.45,4.36,1.47,,,,4.28,12.49,,5.9,,4.67
1.45,4.36,1.48,,,,4.28,12.49,,5.91,,4.68
1.45,4.37,1.48,,,,4.28,12.49,,5.91,,4.68
1.45,4.37,1.48,,,,4.36,12.49,,5.91,,4.69
1.45,4.37,1.48,,,,5.15,12.49,,5.91,,4.69
1.45,4.37,1.48,,,,5.88,12.5,,5.91,,4.69
1.45,4.37,1.48,,,,5.92,12.5,,5.91,,4.7
1.45,4.37,1.48,,,,5.9,12.5,,5.91,,4.7
1.45,4.38,1.48,,,,5.89,12.5,,5.91,,4.7
1.45,4.38,1.48,,,,5.88,12.5,,5.91,,4.71
1.46,4.38,1.48,,,,5.86,12.5,,5.92,,4.71
1.46,4.38,1.48,,,,5.74,12.5,,5.92,,4.71
1.46,4.38,1.48,,,,5.57,12.5,,5.92,,4.72
1.46,4.38,1.48,,,,5.57,12.5,,5.92,,4.72
1.46,4.38,1.48,,,,5.58,12.5,,5.92,,4.72
1.46,4.39,1.48,,,,5.58,12.5,,5.92,,4.72
1.37,4.39,1.48,,,,5.58,12.51,,5.92,,4.73
0.8,4.39,1.48,,,,5.59,12.51,,5.92,,4.73
0.29,4.39,1.48,,,,5.6,12.51,,5.92,,4.73
0.18,4.39,1.48,,,,5.6,12.51,,5.92,,4.73
0.17,4.39,1.48,,,,5.6,12.51,,5.92,,4.73
0.16,4.39,1.48,,,,5.6,12.51,,5.92,,4.73
0.15,4.4,1.48,,,,5.61,12.51,,5.92,,4.74
0.14,4.39,1.48,,,,5.61,12.51,,5.92,,4.74
0.14,4.4,1.48,,,,5.61,12.51,,5.92,,4.74
0.13,4.4,1.48,,,,5.62,12.51,,5.92,,4.74
0.13,4.4,1.48,,,,5.62,12.51,,5.92,,4.74
0.13,4.4,1.48,,,,5.62,12.52,,5.92,,4.74
0.12,4.4,1.48,,,,5.62,12.54,,5.92,,4.75
0.12,4.4,1.49,,,,5.62,12.55,,5.93,,4.75
0.11,4.4,1.52,,,,5.62,12.55,,5.93,,4.75
0.11,4.4,1.64,,,,5.62,12.55,,5.93,,4.75
0.11,4.4,1.75,,,,5.62,12.55,,5.93,,4.75
0.11,4.41,1.78,,,,5.62,12.55,,5.93,,4.75
0.11,4.41,1.78,,,,5.62,12.55,,5.94,,4.75
0.1,4.41,1.77,,,,5.62,12.55,,6.05,,4.76
0.1,4.41,1.77,,,,5.62,12.55,,6.51,,4.76
0.1,4.41,1.77,,,,5.62,12.55,,7.43,,4.76
0.1,4.41,1.77,,,,5.62,12.55,,7.47,,4.76
0.1,4.41,1.78,,,,5.62,12.55,,7.48,,4.76
0.1,4.41,1.78,,,,5.62,12.56,,7.45,,4.76
0.1,4.41,1.78,,,,5.63,12.56,,7.43,,4.76
0.15,4.42,1.78,,,,5.63,12.56,,7.43,,4.77
0.29,4.42,1.79,,,,5.63,12.56,,7.44,,4.82
0.32,4.42,1.79,,,,5.63,12.56,,7.46,,5.42
0.32,4.42,1.8,,,,5.63,12.56,,7.47,,6.91
0.32,4.42,1.8,,,,5.63,12.56,,7.49,,7.89
0.32,4.42,1.79,,,,5.63,12.56,,7.5,,8
0.31,4.42,1.79,,,,5.63,12.56,,7.51,,7.94
0.31,4.42,1.79,,,,5.63,12.56,,7.52,,7.69
0.31,4.42,1.8,,,,5.63,12.56,,7.52,,7.49
0.31,4.43,1.8,,,,5.63,12.56,,7.53,,7.52
0.31,4.43,1.8,,,,5.63,12.56,,7.55,,7.56
0.31,4.43,1.8,,,,5.63,12.56,,7.56,,7.58
0.3,4.43,1.8,,,,5.63,12.56,,7.57,,7.64
0.29,4.43,1.8,,,,5.63,12.56,,7.56,,7.79
0.27,4.43,1.8,,,,5.63,12.56,,7.57,,7.87
0.27,4.45,1.8,,,,5.63,12.56,,7.57,,7.84
0.27,4.79,1.8,,,,5.63,12.56,,7.57,,7.82
0.27,5.32,1.8,,,,5.63,12.56,,7.57,,7.77
0.27,5.41,1.8,,,,5.63,12.56,,7.57,,7.72
0.27,5.42,1.8,,,,5.63,12.56,,7.58,,7.72
0.27,5.42,1.8,,,,5.63,12.56,,7.58,,7.72
0.27,5.35,1.8,,,,5.63,12.56,,7.58,,7.74
0.28,5.27,1.8,,,,5.63,12.56,,7.58,,7.75
0.28,5.27,1.8,,,,5.63,12.56,,7.58,,7.77
0.28,5.29,1.8,,,,5.63,12.56,,7.58,,7.78
0.28,5.29,1.8,,,,5.63,12.56,,7.59,,7.78
0.28,5.3,1.8,,,,5.64,12.56,,7.59,,7.79
0.28,5.31,1.8,,,,5.64,12.56,,7.59,,7.79
0.28,5.31,1.81,,,,5.64,12.56,,7.59,,7.79
0.28,5.32,1.81,,,,5.65,12.56,,7.59,,7.8
0.28,5.33,1.8,,,,5.65,12.56,,7.59,,7.8
0.28,5.33,1.81,,,,5.65,12.56,,7.6,,7.8
0.28,5.33,1.81,,,,5.65,12.56,,7.6,,7.8
0.28,5.34,1.81,,,,5.65,12.56,,7.6,,7.81
0.28,5.34,1.81,,,,5.65,12.56,,7.6,,7.81
0.28,5.35,1.81,,,,5.65,12.56,,7.6,,7.81
0.28,5.35,1.81,,,,5.65,12.56,,7.6,,7.81
0.28,5.36,1.81,,,,5.65,12.56,,7.6,,7.81
0.28,5.36,1.81,,,,5.65,12.56,,7.6,,7.81
0.28,5.37,1.81,,,,5.65,12.56,,7.6,,7.81
0.28,5.37,1.81,,,,5.65,12.56,,7.6,,7.81
0.28,5.37,1.81,,,,5.65,12.56,,7.61,,7.81
0.28,5.38,1.81,,,,5.65,12.56,,7.61,,7.82
0.28,5.38,1.81,,,,5.65,13.02,,7.61,,7.82
0.28,5.38,1.81,,,,5.65,17.77,,7.61,,7.82
0.28,5.39,1.81,,,,5.65,17.79,,7.61,,7.82
0.28,5.39,1.81,,,,5.65,17.72,,7.61,,7.82
0.28,5.4,1.81,,,,5.65,17.66,,7.61,,7.83
0.28,5.4,1.81,,,,5.65,17.64,,7.61,,7.82
0.28,5.41,1.81,,,,5.65,17.54,,7.61,,7.83
0.28,5.41,1.81,,,,5.65,17.02,,7.61,,7.83
0.28,5.41,1.81,,,,5.65,16.6,,7.61,,7.83
0.28,5.42,1.81,,,,5.65,16.61,,7.61,,7.83
0.28,5.42,1.81,,,,5.65,16.7,,7.61,,7.83
0.28,5.42,1.81,,,,5.65,16.71,,7.62,,7.83
0.28,5.43,1.81,,,,5.65,16.71,,7.62,,7.83
0.28,5.43,1.81,,,,5.65,16.71,,7.62,,7.83
0.28,5.44,1.81,,,,5.65,16.71,,7.62,,7.84
0.28,5.44,1.81,,,,5.65,16.71,,7.62,,7.84
0.28,5.44,1.81,,,,5.65,16.72,,7.62,,7.84
0.28,5.45,1.81,,,,5.66,16.73,,7.62,,7.85
0.28,5.45,1.81,,,,6.06,16.76,,7.62,,7.85
0.28,5.45,1.81,,,,7.04,16.76,,7.62,,7.86
0.28,5.46,1.81,,,,7.29,16.76,,7.67,,7.86
0.28,5.46,1.82,,,,7.27,16.76,,8.21,,7.86
0.28,5.46,1.81,,,,7.24,16.76,,8.48,,7.87
0.28,5.47,1.81,,,,7.22,16.76,,8.64,,7.87
0.28,5.47,1.82,,,,7.07,16.77,,8.74,,7.88
0.28,5.47,1.82,,,,6.93,16.77,,8.8,,7.88
0.28,5.48,1.82,,,,6.93,16.77,,8.85,,7.88
0.28,5.48,1.82,,,,6.94,16.77,,8.89,,7.88
0.28,5.48,1.82,,,,6.95,16.77,,8.92,,7.88
0.28,5.49,1.83,,,,6.95,16.77,,8.94,,7.87
0.28,5.49,1.89,,,,6.95,16.78,,8.98,,7.87
0.28,5.49,1.97,,,,6.95,16.78,,9,,7.88
0.28,5.5,2.03,,,,6.96,16.78,,9.01,,7.88
0.35,5.51,2.06,,,,6.96,16.78,,9.02,,7.87
0.49,5.51,2.08,,,,6.96,16.78,,9.04,,7.87
0.52,5.52,2.09,,,,6.97,16.78,,9.05,,7.88
0.52,5.52,2.09,,,,6.97,16.78,,9.06,,7.88
0.52,5.52,2.09,,,,6.97,16.78,,9.07,,7.88
0.52,5.53,2.09,,,,6.97,16.78,,9.07,,8.07
0.51,5.53,2.09,,,,6.98,16.78,,9.09,,8.93
0.51,5.54,2.09,,,,6.98,16.79,,9.1,,9.99
0.51,5.54,2.1,,,,6.98,16.79,,9.1,,10.48
0.48,5.54,2.1,,,,6.98,16.79,,9.11,,10.51
0.47,5.55,2.1,,,,6.98,16.79,,9.11,,10.35
0.47,5.55,2.1,,,,6.98,16.8,,9.12,,10.27
0.47,5.55,2.1,,,,6.98,16.82,,9.12,,10.28
0.47,5.56,2.1,,,,6.98,16.83,,9.13,,10.3
0.47,5.57,2.1,,,,6.98,16.83,,9.14,,10.32
0.47,5.57,2.1,,,,6.99,16.83,,9.14,,10.34
0.47,5.57,2.1,,,,7,16.83,,9.15,,10.35
0.47,5.58,2.1,,,,7,16.83,,9.15,,10.36
0.47,5.58,2.11,,,,7,16.83,,9.15,,10.37
0.47,5.58,2.11,,,,7,16.83,,9.16,,10.45
0.47,5.59,2.11,,,,7,16.83,,9.16,,10.51
0.47,5.59,2.11,,,,7,16.83,,9.16,,10.52
0.47,5.6,2.11,,,,7,16.83,,9.17,,10.5
0.47,5.6,2.11,,,,7,16.83,,9.17,,10.49
0.47,5.61,2.11,,,,7,16.83,,9.18,,10.48
0.47,5.61,2.11,,,,7,16.83,,9.18,,10.48
0.47,5.62,2.11,,,,7,16.83,,9.18,,10.48
0.47,5.62,2.11,,,,7.01,16.83,,9.18,,10.49
0.47,5.62,2.11,,,,7,16.83,,9.19,,10.49
0.47,5.45,2.11,,,,7.01,16.83,,9.19,,10.49
0.47,3.56,2.11,,,,7.01,16.83,,9.19,,10.49
0.47,0.65,2.11,,,,7.01,16.83,,9.19,,10.49
0.47,0.54,2.11,,,,7.01,16.83,,9.2,,10.49
0.47,0.47,2.11,,,,7.02,16.83,,9.2,,10.49
0.47,0.42,2.11,,,,7.02,16.83,,9.2,,10.49
0.47,0.38,2.11,,,,7.02,16.83,,9.2,,10.49
0.47,0.35,2.11,,,,7.02,16.83,,9.21,,10.49
0.47,0.33,2.12,,,,7.02,16.83,,9.21,,10.49
0.48,0.3,2.12,,,,7.02,16.83,,9.21,,10.49
0.47,0.28,2.11,,,,7.02,16.83,,9.21,,10.49
0.47,0.25,2.11,,,,7.02,16.83,,9.21,,10.5
0.47,0.23,2.12,,,,7.02,16.83,,9.22,,10.5
0.47,0.22,2.12,,,,7.02,16.83,,9.22,,10.5
0.48,0.21,2.12,,,,7.02,16.83,,9.22,,10.5
0.47,0.2,2.12,,,,7.02,16.83,,9.22,,10.5
0.47,0.18,2.12,,,,7.02,16.83,,9.22,,10.5
0.47,0.17,2.12,,,,7.02,16.83,,9.22,,10.5
0.48,0.16,2.12,,,,7.02,16.83,,9.22,,10.5
0.47,0.16,2.12,,,,7.02,16.83,,9.21,,10.5
0.47,0.14,2.12,,,,7.02,16.83,,9.18,,10.5
0.47,0.13,2.12,,,,7.02,16.83,,8.95,,10.5
0.48,0.13,2.12,,,,7.02,16.83,,7.88,,10.51
0.47,0.12,2.12,,,,7.02,16.83,,5.06,,10.51
0.47,0.11,2.12,,,,7.02,16.83,,2,,10.51
0.47,0.1,2.12,,,,7.03,16.83,,0.8,,10.51
0.47,0.1,2.12,,,,7.03,16.83,,0.6,,10.51
0.48,0.2,2.12,,,,7.03,16.83,,0.54,,10.51
0.48,0.6,2.12,,,,7.03,16.83,,0.5,,10.51
0.48,0.68,2.12,,,,7.03,16.83,,0.44,,10.51
0.47,0.69,2.12,,,,7.03,16.83,,0.42,,10.52
0.47,0.69,2.12,,,,7.03,16.83,,0.4,,10.52
0.48,0.69,2.12,,,,7.03,16.83,,0.39,,10.52
0.48,0.69,2.12,,,,7.03,16.83,,0.38,,10.52
0.48,0.69,2.12,,,,7.03,16.86,,0.36,,10.52
0.48,0.69,2.12,,,,7.03,16.86,,0.35,,10.52
0.48,0.69,2.12,,,,7.03,16.86,,0.34,,10.52
0.48,0.69,2.12,,,,7.03,16.86,,0.33,,10.52
0.49,0.69,2.12,,,,7.03,16.86,,0.32,,10.52
0.6,0.69,2.12,,,,7.03,16.86,,0.31,,10.52
0.74,0.66,2.12,,,,7.03,16.86,,0.3,,10.52
0.74,0.61,2.13,,,,7.03,16.86,,0.3,,10.53
0.73,0.58,2.13,,,,7.04,16.86,,0.29,,10.53
0.73,0.57,2.13,,,,7.51,16.87,,0.29,,10.53
0.73,0.57,2.13,,,,8.47,16.86,,0.28,,10.53
0.71,0.58,2.13,,,,8.66,16.86,,0.28,,10.53
0.68,0.58,2.12,,,,8.64,16.86,,0.27,,10.53
0.66,0.58,2.12,,,,8.61,16.86,,0.26,,10.53
0.67,0.58,2.13,,,,8.51,16.86,,0.26,,10.53
0.67,0.58,2.13,,,,8.33,16.86,,0.25,,10.53
0.67,0.58,2.12,,,,8.28,16.86,,0.25,,10.53
0.67,0.58,2.13,,,,8.3,16.86,,0.24,,10.53
0.67,0.58,2.13,,,,8.32,16.86,,0.24,,10.53
0.67,0.58,2.13,,,,8.33,16.86,,0.24,,10.53
0.67,0.58,2.13,,,,8.33,16.86,,0.23,,10.53
0.67,0.58,2.13,,,,8.33,16.86,,0.23,,10.53
0.67,0.58,2.13,,,,8.34,16.86,,0.22,,10.53
0.67,0.58,2.13,,,,8.34,16.86,,0.22,,10.53
0.67,0.58,2.13,,,,8.34,17.27,,0.22,,10.53
0.67,0.58,2.13,,,,8.34,20.05,,0.22,,10.53
0.67,0.58,1.14,,,,8.34,21.98,,0.21,,10.53
0.67,0.58,0.54,,,,8.35,21.91,,0.21,,10.54
0.67,0.58,0.43,,,,8.35,21.86,,0.21,,10.63
0.67,0.58,0.41,,,,8.36,21.73,,0.2,,11.04
0.67,0.58,0.39,,,,8.36,21.09,,0.2,,11.66
0.67,0.58,0.37,,,,8.36,20.67,,0.19,,12.15
0.67,0.58,0.36,,,,8.36,20.68,,0.19,,12.4
0.67,0.58,0.35,,,,8.37,20.7,,0.19,,12.52
0.67,0.58,0.34,,,,8.37,20.7,,0.19,,12.63
0.67,0.58,0.33,,,,8.37,20.71,,0.18,,12.67
0.67,0.58,0.32,,,,8.37,20.72,,0.18,,12.69
0.67,0.58,0.32,,,,8.37,20.75,,0.18,,12.71
0.67,0.58,0.31,,,,8.37,20.76,,0.17,,12.72
0.67,0.58,0.31,,,,8.37,20.76,,0.17,,12.73
0.67,0.58,0.31,,,,8.37,20.76,,0.17,,12.75
0.67,0.58,0.3,,,,8.37,20.76,,0.17,,12.75
0.67,0.58,0.3,,,,8.38,20.77,,0.17,,12.77
0.67,0.58,0.29,,,,8.38,20.81,,0.16,,12.78
0.67,0.58,0.29,,,,8.38,20.81,,0.16,,12.78
0.67,0.58,0.28,,,,8.38,20.81,,0.16,,12.79
0.67,0.58,0.28,,,,8.38,20.81,,0.16,,12.79
0.67,0.58,0.28,,,,8.38,20.81,,0.15,,12.8
0.67,0.58,0.28,,,,8.38,20.81,,0.15,,12.8
0.68,0.58,0.27,,,,8.38,20.82,,0.15,,12.81
0.68,0.58,0.27,,,,8.38,20.82,,0.15,,12.81
0.68,0.58,0.27,,,,8.38,20.82,,0.15,,12.81
0.67,0.58,0.26,,,,8.38,20.82,,0.15,,12.82
0.67,0.58,0.26,,,,8.38,20.82,,0.15,,12.82
0.67,0.57,0.26,,,,8.38,20.82,,0.14,,12.82
0.68,0.57,0.26,,,,8.38,20.83,,0.14,,12.82
0.68,0.57,0.26,,,,8.4,20.83,,0.14,,12.82
0.68,0.57,0.26,,,,8.4,20.83,,0.14,,12.83
0.68,0.57,0.25,,,,8.4,20.83,,0.14,,12.83
0.68,0.57,0.25,,,,8.4,20.83,,0.13,,12.83
0.68,0.57,0.25,,,,8.4,20.83,,0.13,,12.83
0.68,0.57,0.25,,,,8.4,20.84,,0.13,,12.83
0.68,0.57,0.25,,,,8.4,20.86,,0.13,,12.84
0.68,0.57,0.25,,,,8.4,20.87,,0.13,,12.84
0.68,0.57,0.24,,,,8.4,20.87,,0.13,,12.84
0.68,0.57,0.24,,,,8.4,20.87,,0.12,,12.84
0.68,0.57,0.24,,,,8.4,20.87,,0.12,,12.84
0.68,0.57,0.24,,,,8.4,20.87,,0.12,,12.84
0.68,0.57,0.24,,,,8.4,20.87,,0.12,,12.84
0.68,0.57,0.24,,,,8.4,20.87,,0.12,,12.85
0.68,0.57,0.24,,,,8.4,20.88,,0.12,,12.85
0.71,0.57,0.23,,,,8.4,20.88,,0.12,,12.85
0.85,0.57,0.23,,,,8.4,20.88,,0.12,,12.85
0.93,0.57,0.23,,,,8.41,20.88,,0.11,,12.85
0.93,0.57,0.23,,,,8.41,20.88,,0.11,,12.85
0.92,0.57,0.23,,,,8.41,20.88,,0.11,,12.85
0.92,0.57,0.23,,,,8.41,20.88,,0.11,,12.85
0.9,0.56,0.23,,,,8.41,20.88,,0.11,,12.85
0.87,0.56,0.22,,,,8.41,20.88,,0.11,,12.85
0.86,0.56,0.22,,,,8.41,20.88,,0.11,,12.85
0.87,0.56,0.22,,,,8.41,20.88,,0.1,,12.85
0.87,0.57,0.22,,,,8.41,20.88,,0.1,,12.85
0.87,0.57,0.22,,,,8.41,20.88,,0.1,,12.85
0.87,0.56,0.22,,,,8.41,20.88,,0.1,,12.85
0.87,0.56,0.22,,,,8.41,20.88,,0.1,,12.85
0.87,0.56,0.22,,,,8.41,20.88,,0.1,,12.85
0.87,0.56,0.22,,,,8.41,20.89,,0.1,,12.85
0.87,0.56,0.22,,,,8.42,20.92,,0.1,,12.86
0.87,0.56,0.22,,,,8.42,20.92,,,,12.85
0.87,0.57,0.22,,,,8.42,20.92,,,,12.86
0.87,0.57,0.21,,,,8.42,20.92,,,,12.85
0.87,0.57,0.21,,,,8.42,20.92,,,,12.85
0.87,0.57,0.21,,,,8.42,20.92,,,,12.85
0.88,0.57,0.21,,,,8.42,20.92,,,,12.86
0.88,0.57,0.21,,,,8.42,20.92,,,,12.86
0.88,0.57,0.21,,,,8.42,20.92,,,,12.86
0.88,0.56,0.21,,,,8.42,20.92,,,,12.86
0.88,0.57,0.21,,,,8.42,20.92,,,,12.86
0.88,0.57,0.21,,,,8.57,20.92,,,,12.86
0.88,0.56,0.21,,,,9.46,20.92,,,,12.85
0.88,0.56,0.21,,,,10.02,20.92,,,,12.86
0.88,0.56,0.21,,,,10,20.92,,,,12.86
0.88,0.56,,,,,9.99,20.92,,,,12.86
0.88,0.56,,,,,9.93,20.92,,,,12.85
0.88,0.56,,,,,9.72,20.92,,,,12.86
0.88,0.56,,,,,9.65,20.92,,,,12.86
0.88,0.65,,,,,9.69,20.92,,,,12.85
0.88,1.07,,,,,9.71,20.92,,,,12.85
0.88,1.29,,,,,9.72,20.92,,,,12.86
0.88,1.31,,,,,9.72,20.92,,,,12.86
0.88,1.31,,,,,9.73,20.92,,,,12.85
0.88,1.31,,,,,9.73,20.92,,,,12.85
0.88,1.31,,,,,9.73,20.92,,,,12.12
0.88,1.31,,,,,9.73,20.92,,,,6.28
0.88,1.31,,,,,9.73,20.92,,,,1.21
0.88,1.31,,,,,9.74,20.92,,,,1.34
0.88,1.31,,,,,9.74,20.91,,,,1.39
0.88,1.31,,,,,9.74,20.91,,,,1.4
0.88,1.22,,,,,9.74,20.91,,,,1.41
0.88,1.21,,,,,9.75,20.91,,,,1.39
0.88,1.21,,,,,9.76,20.91,,,,1.38
0.88,1.21,,,,,9.76,20.91,,,,1.37
0.88,1.22,,,,,9.76,20.91,,,,1.36
0.88,1.22,,,,,9.76,20.91,,,,1.35
0.88,1.22,,,,,9.76,20.91,,,,1.33
0.88,1.22,,,,,9.76,20.91,,,,1.32
0.88,1.22,,,,,9.77,20.91,,,,1.31
0.88,1.22,,,,,9.77,20.91,,,,1.28
0.88,1.22,,,,,9.77,20.91,,,,1.27
0.88,1.22,,,,,9.77,20.91,,,,1.26
0.88,1.23,,,,,9.77,20.91,,,,1.25
0.88,1.23,,,,,9.77,20.91,,,,1.24
0.88,1.23,,,,,9.77,20.91,,,,1.23
0.88,1.23,,,,,9.78,20.91,,,,1.22
0.88,1.23,,,,,9.78,20.91,,,,1.21
0.88,1.23,,,,,9.78,20.92,,,,1.2
0.88,1.23,,,,,9.79,20.94,,,,1.19
0.88,1.23,,,,,9.79,20.95,,,,1.18
0.88,1.23,,,,,9.79,20.94,,,,1.17
0.88,1.23,,,,,9.79,20.95,,,,1.16
0.88,1.23,,,,,9.79,20.95,,,,1.15
0.88,1.23,,,,,9.79,20.95,,,,1.15
0.88,1.23,,,,,9.79,20.94,,,,1.14
0.88,1.23,,,,,9.79,21.35,,,,1.13
0.88,1.23,,,,,9.79,24.23,,,,1.13
0.88,1.23,,,,,9.79,26.25,,,,1.11
0.88,1.23,,,,,9.79,26.23,,,,1.11
0.88,1.23,,,,,9.79,26.06,,,,1.1
0.88,1.23,,,,,9.8,25.72,,,,1.09
0.88,1.23,,,,,9.8,24.9,,,,1.09
0.88,1.23,,,,,9.8,24.69,,,,1.08
0.88,1.23,,,,,9.8,24.83,,,,1.08
0.88,1.23,,,,,9.8,24.89,,,,1.07
0.88,1.23,,,,,9.8,24.9,,,,1.06
0.88,1.24,,,,,9.8,24.9,,,,1.06
0.88,1.24,,,,,9.8,24.92,,,,1.05
0.88,1.24,,,,,9.8,24.93,,,,1.05
0.88,1.24,,,,,9.8,24.93,,,,1.04
0.88,1.24,,,,,9.81,24.93,,,,1.04
0.88,1.24,,,,,9.81,24.93,,,,1.03
0.88,1.24,,,,,9.81,24.93,,,,1.03
0.88,1.24,,,,,9.81,24.93,,,,1.02
0.9,1.24,,,,,9.43,24.93,,,,1.01
1.04,1.24,,,,,5.96,24.93,,,,1.01
1.12,1.24,,,,,1.94,24.93,,,,1.01
1.12,1.24,,,,,1.13,24.93,,,,1
1.12,1.24,,,,,0.98,24.93,,,,1
1.12,1.24,,,,,0.89,24.94,,,,1
1.11,1.24,,,,,0.82,24.94,,,,0.99
1.08,1.24,,,,,0.73,24.94,,,,0.99
1.06,1.24,,,,,0.69,24.94,,,,0.99
1.07,1.24,,,,,0.66,24.94,,,,0.98
1.07,1.24,,,,,0.63,24.94,,,,0.97
1.07,1.24,,,,,0.6,24.94,,,,0.97
1.07,1.24,,,,,0.58,24.94,,,,0.97
1.07,1.24,,,,,0.56,24.94,,,,0.96
1.07,1.24,,,,,0.54,24.94,,,,0.96
1.07,1.24,,,,,0.52,24.94,,,,0.96
1.07,1.24,,,,,0.49,24.94,,,,0.95
1.07,1.24,,,,,0.48,24.95,,,,0.95
1.07,1.24,,,,,0.47,24.95,,,,0.95
1.07,1.24,,,,,0.45,24.95,,,,0.94
1.07,1.24,,,,,0.44,24.95,,,,0.94
1.07,1.24,,,,,0.43,24.95,,,,0.94
1.07,1.24,,,,,0.42,24.98,,,,0.94
1.07,1.24,,,,,0.41,25.14,,,,0.93
1.07,1.24,,,,,0.4,25.29,,,,0.93
1.07,1.24,,,,,0.39,25.31,,,,0.93
1.07,1.24,,,,,0.38,25.31,,,,0.92
1.07,1.24,,,,,0.38,25.3,,,,0.92
1.07,1.24,,,,,0.37,25.28,,,,0.92
1.07,1.25,,,,,0.36,25.27,,,,0.91
1.07,1.25,,,,,0.36,25.27,,,,0.91
1.07,1.24,,,,,0.35,25.26,,,,0.91
1.08,1.25,,,,,0.35,25.26,,,,0.91
1.08,1.24,,,,,0.34,25.26,,,,0.91
1.08,1.25,,,,,0.33,25.25,,,,0.9
1.08,1.39,,,,,0.33,25.25,,,,0.9
1.08,1.89,,,,,0.32,25.25,,,,0.9
1.08,2.09,,,,,0.32,25.25,,,,0.89
1.08,2.1,,,,,0.31,25.25,,,,0.89
1.08,2.1,,,,,0.31,25.25,,,,0.89
1.08,2.09,,,,,0.31,25.25,,,,0.89
1.08,2.09,,,,,0.49,25.24,,,,0.89
1.08,1.99,,,,,1.93,25.24,,,,0.88
1.08,1.91,,,,,1.95,25.24,,,,0.88
1.08,1.91,,,,,1.95,25.24,,,,0.88
1.08,1.92,,,,,1.94,25.23,,,,0.88
1.08,1.92,,,,,1.93,25.23,,,,0.87
1.08,1.93,,,,,1.92,25.23,,,,0.87
1.08,1.93,,,,,1.91,25.23,,,,0.87
1.08,1.93,,,,,1.91,25.23,,,,0.87
1.08,1.93,,,,,1.9,25.23,,,,0.87
1.08,1.94,,,,,1.9,25.23,,,,0.87
1.08,1.94,,,,,1.9,25.23,,,,0.86
1.08,1.94,,,,,1.9,25.22,,,,0.86
1.08,1.94,,,,,1.89,25.22,,,,0.86
1.08,1.94,,,,,1.86,25.22,,,,0.86
1.08,1.94,,,,,1.77,25.22,,,,
1.08,1.94,,,,,1.68,25.22,,,,
1.08,1.94,,,,,1.65,25.22,,,,
1.08,1.94,,,,,1.64,25.22,,,,
1.08,1.95,,,,,1.65,25.22,,,,
1.08,1.95,,,,,1.65,25.22,,,,
1.08,1.95,,,,,1.64,25.22,,,,
1.08,1.95,,,,,1.64,25.22,,,,
1.08,1.95,,,,,1.64,25.21,,,,
1.08,1.96,,,,,1.64,25.21,,,,
1.08,1.96,,,,,1.64,25.21,,,,
1.08,1.96,,,,,1.64,25.21,,,,
1.08,1.96,,,,,1.65,25.21,,,,
1.08,1.96,,,,,1.65,25.21,,,,
1.08,1.96,,,,,1.65,25.21,,,,
1.08,1.96,,,,,1.65,25.21,,,,
1.08,1.96,,,,,1.65,25.21,,,,
1.08,1.96,,,,,1.65,25.21,,,,
1.08,1.96,,,,,1.65,25.21,,,,
1.14,1.96,,,,,1.65,25.21,,,,
1.29,1.96,,,,,1.65,25.21,,,,
1.33,1.96,,,,,1.65,25.2,,,,
1.32,1.96,,,,,1.65,25.2,,,,
1.32,1.96,,,,,1.65,25.2,,,,
1.29,1.97,,,,,1.65,25.2,,,,
1.26,1.97,,,,,1.65,25.2,,,,
1.26,1.97,,,,,1.65,25.2,,,,
1.26,1.97,,,,,1.65,25.2,,,,
1.26,1.97,,,,,1.65,25.63,,,,
1.27,1.97,,,,,1.65,28.25,,,,
1.27,1.97,,,,,1.65,29.82,,,,
1.27,1.97,,,,,1.65,29.77,,,,
1.27,1.97,,,,,1.65,29.68,,,,
1.27,1.97,,,,,1.65,29.47,,,,
1.27,1.97,,,,,1.64,28.87,,,,
1.27,1.97,,,,,1.64,28.57,,,,
1.27,1.97,,,,,1.64,28.65,,,,
1.27,1.97,,,,,1.64,28.71,,,,
1.27,1.97,,,,,1.64,28.73,,,,
1.27,1.97,,,,,1.64,28.75,,,,
1.27,1.97,,,,,1.64,28.76,,,,
1.27,1.97,,,,,1.64,28.77,,,,
1.27,1.97,,,,,1.64,28.77,,,,
1.27,1.97,,,,,1.64,28.77,,,,
1.27,1.97,,,,,1.64,28.77,,,,
1.27,1.97,,,,,1.64,28.77,,,,
1.27,1.97,,,,,1.97,28.79,,,,
1.27,1.97,,,,,3.02,28.81,,,,
1.27,1.97,,,,,3.39,28.81,,,,
1.27,1.98,,,,,3.39,28.81,,,,
1.27,1.98,,,,,3.37,28.81,,,,
1.27,1.98,,,,,3.36,28.81,,,,
1.27,1.98,,,,,3.35,28.81,,,,
1.27,1.98,,,,,3.35,28.81,,,,
1.27,1.98,,,,,3.31,28.81,,,,
1.27,1.98,,,,,2.95,28.81,,,,
1.27,1.98,,,,,2.92,28.81,,,,
1.28,1.98,,,,,2.94,28.81,,,,
1.28,1.98,,,,,2.95,28.81,,,,
1.28,1.98,,,,,2.95,28.81,,,,
1.28,1.98,,,,,2.95,28.81,,,,
1.28,1.98,,,,,2.95,28.81,,,,
1.28,1.98,,,,,2.95,28.82,,,,
1.28,1.98,,,,,2.95,28.84,,,,
1.28,1.98,,,,,2.95,28.84,,,,
1.28,1.98,,,,,2.95,28.84,,,,
1.28,1.98,,,,,2.95,28.84,,,,
1.28,1.98,,,,,2.95,28.84,,,,
1.28,1.98,,,,,2.95,28.84,,,,
1.28,1.98,,,,,2.95,28.83,,,,
1.28,1.98,,,,,2.95,28.83,,,,
1.28,1.98,,,,,2.95,28.83,,,,
1.28,1.98,,,,,2.95,28.83,,,,
1.28,1.98,,,,,2.95,28.83,,,,
1.28,1.98,,,,,2.96,28.83,,,,
1.28,1.98,,,,,2.96,28.84,,,,
1.28,1.98,,,,,2.97,28.84,,,,
1.28,1.98,,,,,2.97,28.84,,,,
1.28,1.98,,,,,2.97,28.84,,,,
1.28,1.98,,,,,2.97,28.83,,,,
1.28,1.98,,,,,2.97,28.83,,,,
1.28,1.98,,,,,2.97,28.83,,,,
1.28,1.98,,,,,2.97,28.83,,,,
1.28,1.98,,,,,2.97,28.83,,,,
1.28,1.98,,,,,2.97,28.83,,,,
1.28,1.98,,,,,2.97,28.83,,,,
1.28,1.98,,,,,2.97,28.83,,,,
1.28,1.98,,,,,2.97,28.83,,,,
1.28,1.98,,,,,2.97,28.83,,,,
1.28,1.98,,,,,2.97,28.84,,,,
1.28,1.98,,,,,2.97,28.84,,,,
1.28,2.02,,,,,2.97,28.84,,,,
1.28,2.39,,,,,2.97,28.84,,,,
1.28,2.79,,,,,2.97,28.84,,,,
1.28,2.84,,,,,2.97,28.84,,,,
1.28,2.84,,,,,2.97,28.84,,,,
1.28,2.83,,,,,2.97,28.84,,,,
1.28,2.83,,,,,2.97,28.84,,,,
1.28,2.83,,,,,2.97,28.84,,,,
1.28,2.71,,,,,2.97,28.84,,,,
1.28,2.7,,,,,2.97,28.84,,,,
1.28,2.7,,,,,2.97,28.84,,,,
1.28,2.7,,,,,2.97,28.84,,,,
1.28,2.7,,,,,2.97,28.84,,,,
1.28,2.7,,,,,2.97,28.85,,,,
1.28,2.7,,,,,2.97,28.85,,,,
1.28,2.71,,,,,2.97,28.84,,,,
1.28,2.71,,,,,2.97,28.85,,,,
1.28,2.71,,,,,2.97,28.85,,,,
1.28,2.71,,,,,2.97,28.85,,,,
1.28,2.71,,,,,2.97,28.85,,,,
1.28,2.71,,,,,2.97,29.09,,,,
1.28,2.72,,,,,3.09,29.25,,,,
1.28,2.72,,,,,3.9,29.24,,,,
1.28,2.72,,,,,4.47,29.2,,,,
1.28,2.72,,,,,4.5,29.16,,,,
1.28,2.72,,,,,4.48,29.14,,,,
1.28,2.72,,,,,4.47,29.13,,,,
1.3,2.73,,,,,4.46,29.12,,,,
1.42,2.73,,,,,4.46,29.09,,,,
1.5,2.73,,,,,4.46,29.09,,,,
1.5,2.73,,,,,4.45,29.08,,,,
1.5,2.73,,,,,4.44,29.08,,,,
1.5,2.73,,,,,4.35,29.08,,,,
1.49,2.73,,,,,4.24,29.08,,,,
1.47,2.73,,,,,4.25,29.08,,,,
1.46,2.73,,,,,4.26,29.07,,,,
1.46,2.73,,,,,4.27,29.07,,,,
1.46,2.73,,,,,4.27,28.24,,,,
1.46,2.73,,,,,4.27,18.11,,,,
1.46,2.74,,,,,4.27,4.35,,,,
1.46,2.74,,,,,4.27,1.48,,,,
1.46,2.74,,,,,4.28,1.19,,,,
1.46,2.74,,,,,4.28,1.03,,,,
1.47,2.74,,,,,4.28,0.91,,,,
1.47,2.74,,,,,4.28,0.82,,,,
1.47,2.74,,,,,4.28,0.74,,,,
1.47,2.74,,,,,4.28,0.63,,,,
1.47,2.74,,,,,4.28,0.58,,,,
1.47,2.74,,,,,4.28,0.54,,,,
1.47,2.74,,,,,4.28,0.5,,,,
1.47,2.74,,,,,4.28,0.47,,,,
1.47,2.75,,,,,4.28,0.44,,,,
1.47,2.75,,,,,4.28,0.41,,,,
1.47,2.75,,,,,4.28,0.39,,,,
1.47,2.75,,,,,4.28,0.34,,,,
1.47,2.75,,,,,4.28,0.32,,,,
1.47,2.75,,,,,4.29,0.31,,,,
1.47,2.75,,,,,4.29,0.29,,,,
1.47,2.75,,,,,4.29,0.27,,,,
1.47,2.75,,,,,4.29,0.26,,,,
1.47,2.75,,,,,4.29,0.24,,,,
1.47,2.75,,,,,4.29,0.23,,,,
1.47,2.75,,,,,4.29,0.21,,,,
1.47,2.75,,,,,4.29,0.19,,,,
1.47,2.75,,,,,4.29,0.18,,,,
1.47,2.76,,,,,4.29,0.17,,,,
1.47,2.76,,,,,4.29,0.16,,,,
1.47,2.76,,,,,4.29,0.16,,,,
1.47,2.76,,,,,4.29,0.15,,,,
1.47,2.76,,,,,4.29,0.14,,,,
1.47,2.76,,,,,4.29,0.13,,,,
1.47,2.76,,,,,4.29,0.12,,,,
1.47,2.76,,,,,4.3,0.11,,,,
1.47,2.76,,,,,4.3,0.1,,,,
1.47,2.76,,,,,4.3,0.1,,,,
1.47,2.76,,,,,4.3,0.1,,,,
1.47,2.76,,,,,4.3,0.1,,,,
1.47,2.76,,,,,4.3,0.1,,,,
1.47,2.76,,,,,4.3,0.11,,,,
1.48,2.76,,,,,4.3,0.11,,,,
1.48,2.76,,,,,4.3,0.11,,,,
1.48,2.76,,,,,4.3,0.11,,,,
1.48,2.76,,,,,4.3,0.11,,,,
1.48,2.76,,,,,4.3,0.12,,,,
1.48,2.76,,,,,4.3,0.12,,,,
1.48,2.76,,,,,4.3,0.12,,,,
1.48,2.76,,,,,4.3,0.12,,,,
1.48,2.76,,,,,4.3,0.13,,,,
1.48,2.77,,,,,4.3,0.13,,,,
1.48,2.77,,,,,4.3,0.13,,,,
1.48,2.77,,,,,4.3,0.13,,,,
1.48,2.77,,,,,4.3,0.14,,,,
1.48,2.77,,,,,4.3,0.14,,,,
1.48,2.77,,,,,4.3,0.14,,,,
1.48,2.77,,,,,4.3,0.14,,,,
1.48,2.77,,,,,4.3,0.14,,,,
1.48,2.77,,,,,4.3,0.15,,,,
1.48,2.77,,,,,4.3,0.15,,,,
1.48,2.77,,,,,4.3,0.15,,,,
1.48,2.77,,,,,4.3,0.15,,,,
1.48,2.77,,,,,4.3,0.15,,,,
1.48,2.77,,,,,4.3,0.16,,,,
1.48,2.77,,,,,4.3,0.16,,,,
1.48,2.77,,,,,4.3,0.16,,,,
1.48,2.77,,,,,4.3,0.16,,,,
1.48,2.77,,,,,4.3,0.17,,,,
1.48,2.77,,,,,4.3,,,,,
1.48,2.77,,,,,4.3,,,,,
1.48,2.77,,,,,4.3,,,,,
1.48,2.77,,,,,4.3,,,,,
1.48,2.77,,,,,4.3,,,,,
1.48,2.77,,,,,4.3,,,,,
1.48,2.78,,,,,4.3,,,,,
1.48,2.78,,,,,4.3,,,,,
1.48,3.02,,,,,4.3,,,,,
1.48,3.55,,,,,4.3,,,,,
1.48,3.7,,,,,4.3,,,,,
1.48,3.7,,,,,4.3,,,,,
1.48,3.7,,,,,4.3,,,,,
1.48,3.7,,,,,4.3,,,,,
1.48,3.67,,,,,5.17,,,,,
1.48,3.52,,,,,5.88,,,,,
1.49,3.52,,,,,5.92,,,,,
1.49,3.53,,,,,5.91,,,,,
1.49,3.53,,,,,5.89,,,,,
1.49,3.53,,,,,5.88,,,,,
1.49,3.54,,,,,5.88,,,,,
1.49,3.54,,,,,5.81,,,,,
1.49,3.54,,,,,5.64,,,,,
1.49,3.55,,,,,5.59,,,,,
1.49,3.55,,,,,5.6,,,,,
1.49,3.55,,,,,5.61,,,,,
1.49,3.55,,,,,5.61,,,,,
1.49,3.55,,,,,5.61,,,,,
1.49,3.56,,,,,5.61,,,,,
1.49,3.56,,,,,5.61,,,,,
1.49,3.56,,,,,5.62,,,,,
1.49,3.56,,,,,5.63,,,,,
1.49,3.56,,,,,5.63,,,,,
0.95,3.56,,,,,5.63,,,,,
0.37,3.56,,,,,5.63,,,,,
0.25,3.57,,,,,5.63,,,,,
0.22,3.57,,,,,5.63,,,,,
0.2,3.57,,,,,5.63,,,,,
0.19,3.57,,,,,5.63,,,,,
0.18,3.57,,,,,5.64,,,,,
0.18,3.57,,,,,5.64,,,,,
0.17,3.57,,,,,5.64,,,,,
0.16,3.57,,,,,5.65,,,,,
0.16,3.57,,,,,5.65,,,,,
0.15,3.57,,,,,5.65,,,,,
0.15,3.58,,,,,5.65,,,,,
0.15,3.58,,,,,5.65,,,,,
0.15,3.58,,,,,5.65,,,,,
0.14,3.58,,,,,5.65,,,,,
0.14,3.58,,,,,5.65,,,,,
0.14,3.58,,,,,5.66,,,,,
0.13,3.58,,,,,5.66,,,,,
0.13,3.58,,,,,5.66,,,,,
0.13,3.58,,,,,5.66,,,,,
0.13,3.58,,,,,5.66,,,,,
0.13,3.58,,,,,5.66,,,,,
0.13,3.58,,,,,5.66,,,,,
0.13,3.58,,,,,5.66,,,,,
0.12,3.59,,,,,5.66,,,,,
0.12,3.59,,,,,5.66,,,,,
0.12,3.59,,,,,5.66,,,,,
0.12,3.59,,,,,5.66,,,,,
0.12,3.59,,,,,5.66,,,,,
0.12,3.59,,,,,5.66,,,,,
0.12,3.59,,,,,5.66,,,,,
0.12,3.59,,,,,5.66,,,,,
0.11,3.59,,,,,5.67,,,,,
0.11,3.59,,,,,5.67,,,,,
0.11,3.59,,,,,5.67,,,,,
0.11,3.59,,,,,5.67,,,,,
0.11,3.59,,,,,5.67,,,,,
0.11,3.6,,,,,5.67,,,,,
0.11,3.6,,,,,5.67,,,,,
0.11,3.6,,,,,5.67,,,,,
0.11,3.6,,,,,5.67,,,,,
0.11,3.6,,,,,5.67,,,,,
0.11,3.6,,,,,5.67,,,,,
0.11,3.6,,,,,5.67,,,,,
0.11,3.6,,,,,5.68,,,,,
0.11,3.6,,,,,5.67,,,,,
0.1,3.6,,,,,5.67,,,,,
0.1,3.6,,,,,5.67,,,,,
0.1,3.6,,,,,5.68,,,,,
0.1,3.6,,,,,5.68,,,,,
0.1,3.61,,,,,5.68,,,,,
0.1,3.61,,,,,5.68,,,,,
0.1,3.61,,,,,5.68,,,,,
0.1,3.61,,,,,5.68,,,,,
0.1,3.61,,,,,5.68,,,,,
0.1,3.61,,,,,5.68,,,,,
0.1,3.61,,,,,5.68,,,,,
0.1,3.61,,,,,5.68,,,,,
0.1,3.61,,,,,5.68,,,,,
0.1,3.61,,,,,5.68,,,,,
0.1,3.61,,,,,5.68,,,,,
0.1,3.61,,,,,5.68,,,,,
0.1,3.61,,,,,5.68,,,,,
0.1,3.61,,,,,5.68,,,,,
0.1,3.61,,,,,5.68,,,,,
0.1,3.61,,,,,5.68,,,,,
0.1,3.61,,,,,5.68,,,,,
0.1,3.61,,,,,5.68,,,,,
0.1,3.61,,,,,5.68,,,,,
0.1,3.62,,,,,5.68,,,,,
0.1,3.62,,,,,5.68,,,,,
0.1,3.62,,,,,5.68,,,,,
,3.62,,,,,5.68,,,,,
,3.62,,,,,5.68,,,,,
,3.67,,,,,5.68,,,,,
,4.14,,,,,5.68,,,,,
,4.62,,,,,5.68,,,,,
,4.62,,,,,5.68,,,,,
,4.62,,,,,5.68,,,,,
,4.57,,,,,5.68,,,,,
,4.44,,,,,5.68,,,,,
,4.39,,,,,5.69,,,,,
,4.4,,,,,5.68,,,,,
,4.41,,,,,5.68,,,,,
,4.41,,,,,5.68,,,,,
,4.42,,,,,5.68,,,,,
,4.42,,,,,5.69,,,,,
,4.42,,,,,5.68,,,,,
,4.42,,,,,5.68,,,,,
,4.42,,,,,5.68,,,,,
,4.43,,,,,5.69,,,,,
,4.43,,,,,5.68,,,,,
,4.43,,,,,5.68,,,,,
,4.43,,,,,5.68,,,,,
,4.44,,,,,5.68,,,,,
,4.44,,,,,5.68,,,,,
,4.44,,,,,5.68,,,,,
,4.44,,,,,5.68,,,,,
,4.44,,,,,5.69,,,,,
,4.44,,,,,6.03,,,,,
,4.45,,,,,7.03,,,,,
,4.45,,,,,7.31,,,,,
,4.45,,,,,7.29,,,,,
,4.45,,,,,7.28,,,,,
,4.45,,,,,7.26,,,,,
,4.46,,,,,7.1,,,,,
,4.46,,,,,6.95,,,,,
,4.46,,,,,6.95,,,,,
,4.46,,,,,6.97,,,,,
,4.46,,,,,6.98,,,,,
,4.46,,,,,6.99,,,,,
,4.47,,,,,7,,,,,
,4.47,,,,,7.01,,,,,
,4.47,,,,,7.01,,,,,
,4.48,,,,,7.01,,,,,
,4.48,,,,,7.01,,,,,
,4.48,,,,,7.01,,,,,
,4.48,,,,,7.01,,,,,
,4.48,,,,,7.02,,,,,
,4.48,,,,,7.02,,,,,
,4.49,,,,,7.02,,,,,
,4.49,,,,,7.02,,,,,
,4.49,,,,,7.02,,,,,
,4.49,,,,,7.02,,,,,
,4.49,,,,,7.02,,,,,
,4.49,,,,,7.02,,,,,
,4.49,,,,,7.02,,,,,
,4.5,,,,,7.02,,,,,
,4.5,,,,,7.03,,,,,
,4.5,,,,,7.03,,,,,
,4.5,,,,,7.03,,,,,
,4.5,,,,,7.03,,,,,
,4.5,,,,,7.03,,,,,
,4.51,,,,,7.03,,,,,
,4.51,,,,,7.03,,,,,
,4.51,,,,,7.03,,,,,
,4.51,,,,,7.03,,,,,
,4.51,,,,,7.03,,,,,
,4.51,,,,,7.03,,,,,
,4.51,,,,,7.03,,,,,
,4.51,,,,,7.03,,,,,
,4.52,,,,,7.03,,,,,
,4.52,,,,,7.04,,,,,
,4.52,,,,,7.04,,,,,
,4.52,,,,,7.04,,,,,
,4.52,,,,,7.04,,,,,
,4.52,,,,,7.05,,,,,
,4.52,,,,,7.05,,,,,
,4.53,,,,,7.05,,,,,
,4.53,,,,,7.05,,,,,
,4.53,,,,,7.05,,,,,
,4.53,,,,,7.05,,,,,
,4.53,,,,,7.05,,,,,
,4.53,,,,,7.05,,,,,
,4.53,,,,,7.05,,,,,
,4.53,,,,,7.05,,,,,
,4.54,,,,,7.05,,,,,
,4.54,,,,,7.05,,,,,
,4.54,,,,,7.05,,,,,
,4.54,,,,,7.05,,,,,
,4.54,,,,,7.05,,,,,
,4.54,,,,,7.05,,,,,
,4.54,,,,,7.05,,,,,
,4.54,,,,,7.05,,,,,
,4.55,,,,,7.05,,,,,
,4.55,,,,,7.05,,,,,
,4.55,,,,,7.05,,,,,
,4.55,,,,,7.05,,,,,
,4.55,,,,,7.05,,,,,
,4.55,,,,,7.05,,,,,
,4.55,,,,,7.05,,,,,
,4.55,,,,,7.05,,,,,
,4.56,,,,,7.05,,,,,
,4.56,,,,,7.05,,,,,
,4.56,,,,,7.05,,,,,
,4.57,,,,,7.05,,,,,
,4.57,,,,,7.05,,,,,
,4.57,,,,,7.05,,,,,
,4.57,,,,,7.06,,,,,
,4.57,,,,,7.05,,,,,
,4.57,,,,,7.05,,,,,
,4.58,,,,,7.06,,,,,
,4.58,,,,,7.06,,,,,
,4.58,,,,,7.06,,,,,
,4.58,,,,,7.07,,,,,
,4.59,,,,,7.07,,,,,
,4.89,,,,,7.07,,,,,
,5.73,,,,,7.07,,,,,
,6.07,,,,,7.07,,,,,
,6.07,,,,,7.07,,,,,
,6.05,,,,,7.07,,,,,
,5.93,,,,,7.07,,,,,
,5.85,,,,,7.07,,,,,
,5.85,,,,,7.39,,,,,
,5.86,,,,,8.38,,,,,
,5.86,,,,,8.69,,,,,
,5.86,,,,,8.67,,,,,
,5.86,,,,,8.64,,,,,
,5.86,,,,,8.56,,,,,
,5.86,,,,,8.36,,,,,
,5.86,,,,,8.3,,,,,
,5.86,,,,,8.33,,,,,
,5.86,,,,,8.34,,,,,
,5.86,,,,,8.35,,,,,
,5.86,,,,,8.35,,,,,
,5.86,,,,,8.35,,,,,
,5.86,,,,,8.36,,,,,
,5.86,,,,,8.36,,,,,
,5.86,,,,,8.36,,,,,
,5.86,,,,,8.36,,,,,
,5.86,,,,,8.36,,,,,
,5.86,,,,,8.37,,,,,
,5.86,,,,,8.37,,,,,
,5.87,,,,,8.37,,,,,
,5.86,,,,,8.38,,,,,
,5.87,,,,,8.38,,,,,
,5.87,,,,,8.38,,,,,
,5.87,,,,,8.39,,,,,
,5.87,,,,,8.39,,,,,
,5.87,,,,,8.39,,,,,
,5.87,,,,,8.39,,,,,
,5.87,,,,,8.39,,,,,
,5.87,,,,,8.39,,,,,
,5.87,,,,,8.39,,,,,
,5.87,,,,,8.4,,,,,
,5.87,,,,,8.4,,,,,
,5.87,,,,,8.41,,,,,
,5.87,,,,,8.41,,,,,
,5.87,,,,,8.41,,,,,
,5.87,,,,,8.41,,,,,
,5.87,,,,,8.41,,,,,
,5.87,,,,,8.42,,,,,
,5.87,,,,,8.42,,,,,
,5.87,,,,,8.42,,,,,
,5.87,,,,,8.42,,,,,
,5.87,,,,,8.42,,,,,
,5.87,,,,,8.42,,,,,
,5.87,,,,,8.42,,,,,
,5.87,,,,,8.42,,,,,
,5.87,,,,,8.42,,,,,
,5.87,,,,,8.43,,,,,
,5.87,,,,,8.43,,,,,
,5.87,,,,,8.43,,,,,
,5.87,,,,,8.43,,,,,
,5.87,,,,,8.43,,,,,
,5.87,,,,,8.43,,,,,
,5.87,,,,,8.43,,,,,
,5.87,,,,,8.43,,,,,
,5.88,,,,,8.43,,,,,
,5.87,,,,,8.43,,,,,
,5.87,,,,,8.43,,,,,
,5.88,,,,,8.43,,,,,
,5.88,,,,,8.43,,,,,
,5.88,,,,,8.43,,,,,
,5.88,,,,,8.43,,,,,
,5.88,,,,,8.43,,,,,
,5.88,,,,,8.43,,,,,
,5.88,,,,,8.43,,,,,
,5.88,,,,,8.43,,,,,
,5.88,,,,,8.43,,,,,
,5.88,,,,,8.43,,,,,
,5.88,,,,,8.43,,,,,
,5.88,,,,,8.43,,,,,
,5.88,,,,,8.43,,,,,
,5.88,,,,,8.44,,,,,
,5.88,,,,,8.44,,,,,
,5.88,,,,,8.44,,,,,
,5.88,,,,,8.44,,,,,
,5.88,,,,,8.44,,,,,
,5.89,,,,,8.44,,,,,
,5.89,,,,,8.44,,,,,
,5.89,,,,,8.44,,,,,
,5.89,,,,,8.44,,,,,
,5.89,,,,,8.45,,,,,
,5.89,,,,,8.45,,,,,
,5.89,,,,,8.44,,,,,
,5.89,,,,,8.44,,,,,
,5.89,,,,,8.45,,,,,
,5.89,,,,,8.45,,,,,
,5.89,,,,,8.45,,,,,
,5.89,,,,,8.45,,,,,
,5.89,,,,,8.45,,,,,
,5.89,,,,,8.45,,,,,
,5.89,,,,,8.45,,,,,
,5.89,,,,,8.45,,,,,
,5.89,,,,,8.45,,,,,
,5.89,,,,,8.45,,,,,
,5.89,,,,,8.45,,,,,
,5.89,,,,,8.45,,,,,
,5.89,,,,,8.45,,,,,
,5.89,,,,,8.45,,,,,
,5.89,,,,,8.45,,,,,
,5.89,,,,,8.45,,,,,
,5.89,,,,,8.45,,,,,
,5.89,,,,,8.45,,,,,
,5.89,,,,,8.46,,,,,
,5.89,,,,,8.76,,,,,
,5.89,,,,,9.77,,,,,
,5.78,,,,,10.1,,,,,
,4.16,,,,,10.08,,,,,
,1.64,,,,,10.06,,,,,
,0.97,,,,,9.9,,,,,
,0.77,,,,,9.71,,,,,
,0.72,,,,,9.69,,,,,
,0.68,,,,,9.72,,,,,
,0.65,,,,,9.73,,,,,
,0.62,,,,,9.74,,,,,
,0.6,,,,,9.75,,,,,
,0.58,,,,,9.75,,,,,
,0.56,,,,,9.75,,,,,
,0.54,,,,,9.76,,,,,
,0.51,,,,,9.76,,,,,
,0.5,,,,,9.76,,,,,
,0.48,,,,,9.76,,,,,
,0.47,,,,,9.76,,,,,
,0.46,,,,,9.77,,,,,
,0.45,,,,,9.77,,,,,
,0.44,,,,,9.77,,,,,
,0.44,,,,,9.78,,,,,
,0.42,,,,,9.78,,,,,
,0.41,,,,,9.79,,,,,
,0.4,,,,,9.79,,,,,
,0.4,,,,,9.79,,,,,
,0.39,,,,,9.79,,,,,
,0.38,,,,,9.79,,,,,
,0.38,,,,,9.79,,,,,
,0.37,,,,,9.79,,,,,
,0.37,,,,,9.8,,,,,
,0.35,,,,,9.8,,,,,
,0.35,,,,,9.8,,,,,
,0.34,,,,,9.8,,,,,
,0.34,,,,,9.81,,,,,
,0.34,,,,,9.81,,,,,
,0.33,,,,,9.81,,,,,
,0.33,,,,,9.81,,,,,
,0.32,,,,,9.81,,,,,
,0.32,,,,,9.81,,,,,
,0.31,,,,,9.82,,,,,
,0.31,,,,,9.82,,,,,
,0.3,,,,,9.82,,,,,
,0.3,,,,,9.82,,,,,
,0.29,,,,,9.82,,,,,
,0.29,,,,,9.82,,,,,
,0.29,,,,,9.82,,,,,
,0.28,,,,,9.83,,,,,
,0.28,,,,,9.83,,,,,
,0.27,,,,,9.83,,,,,
,0.27,,,,,9.83,,,,,
,0.27,,,,,9.83,,,,,
,0.26,,,,,9.84,,,,,
,0.26,,,,,9.84,,,,,
,0.26,,,,,9.84,,,,,
,0.25,,,,,9.84,,,,,
,0.25,,,,,9.84,,,,,
,0.25,,,,,9.84,,,,,
,0.24,,,,,9.84,,,,,
,0.24,,,,,9.84,,,,,
,0.24,,,,,9.84,,,,,
,0.24,,,,,9.84,,,,,
,0.23,,,,,9.84,,,,,
,0.23,,,,,9.84,,,,,
,0.23,,,,,9.84,,,,,
,0.23,,,,,9.84,,,,,
,0.22,,,,,9.84,,,,,
,0.22,,,,,9.84,,,,,
,0.22,,,,,9.84,,,,,
,0.22,,,,,9.84,,,,,
,0.21,,,,,9.84,,,,,
,0.21,,,,,9.85,,,,,
,0.21,,,,,9.84,,,,,
,0.21,,,,,9.85,,,,,
,0.2,,,,,9.85,,,,,
,0.2,,,,,9.85,,,,,
,0.2,,,,,9.85,,,,,
,0.2,,,,,9.85,,,,,
,0.2,,,,,9.85,,,,,
,,,,,,9.85,,,,,
,,,,,,9.85,,,,,
,,,,,,9.85,,,,,
,,,,,,9.93,,,,,
,,,,,,9.97,,,,,
,,,,,,9.97,,,,,
,,,,,,9.97,,,,,
,,,,,,9.97,,,,,
,,,,,,9.97,,,,,
,,,,,,9.97,,,,,
,,,,,,9.96,,,,,
,,,,,,9.96,,,,,
,,,,,,9.96,,,,,
,,,,,,9.95,,,,,
,,,,,,9.95,,,,,
,,,,,,9.95,,,,,
,,,,,,9.95,,,,,
,,,,,,9.96,,,,,
,,,,,,9.95,,,,,
,,,,,,9.95,,,,,
,,,,,,9.96,,,,,
,,,,,,9.96,,,,,
,,,,,,9.96,,,,,
,,,,,,9.96,,,,,
,,,,,,9.96,,,,,
,,,,,,9.96,,,,,
,,,,,,9.96,,,,,
,,,,,,9.96,,,,,
,,,,,,9.96,,,,,
,,,,,,9.96,,,,,
,,,,,,9.96,,,,,
,,,,,,9.96,,,,,
,,,,,,9.96,,,,,
,,,,,,9.96,,,,,
,,,,,,9.96,,,,,
,,,,,,9.96,,,,,
,,,,,,9.96,,,,,
,,,,,,9.96,,,,,
,,,,,,9.96,,,,,
,,,,,,9.96,,,,,
,,,,,,9.96,,,,,
,,,,,,9.96,,,,,
,,,,,,9.96,,,,,
,,,,,,9.96,,,,,
,,,,,,9.96,,,,,
,,,,,,9.96,,,,,
,,,,,,7.21,,,,,
,,,,,,2.6,,,,,
,,,,,,1.27,,,,,
,,,,,,1.08,,,,,
,,,,,,0.98,,,,,
,,,,,,0.9,,,,,
,,,,,,0.85,,,,,
,,,,,,0.8,,,,,
,,,,,,0.76,,,,,
,,,,,,0.7,,,,,
,,,,,,0.67,,,,,
,,,,,,0.65,,,,,
,,,,,,0.63,,,,,
,,,,,,0.61,,,,,
,,,,,,0.59,,,,,
,,,,,,0.57,,,,,
,,,,,,0.56,,,,,
,,,,,,0.54,,,,,
,,,,,,0.52,,,,,
,,,,,,0.51,,,,,
,,,,,,0.5,,,,,
,,,,,,0.49,,,,,
,,,,,,0.48,,,,,
,,,,,,0.47,,,,,
,,,,,,0.46,,,,,
,,,,,,0.45,,,,,
,,,,,,0.44,,,,,
,,,,,,0.43,,,,,
,,,,,,0.42,,,,,
,,,,,,0.42,,,,,
,,,,,,0.41,,,,,
,,,,,,0.41,,,,,
,,,,,,0.4,,,,,
,,,,,,0.4,,,,,
,,,,,,0.39,,,,,
,,,,,,0.38,,,,,
,,,,,,0.38,,,,,
,,,,,,0.37,,,,,
,,,,,,0.37,,,,,
,,,,,,0.36,,,,,
,,,,,,0.36,,,,,
,,,,,,0.36,,,,,
,,,,,,0.35,,,,,
,,,,,,0.35,,,,,
,,,,,,0.34,,,,,
,,,,,,0.34,,,,,
,,,,,,0.34,,,,,
,,,,,,0.33,,,,,
,,,,,,0.33,,,,,
,,,,,,0.33,,,,,
,,,,,,0.32,,,,,
,,,,,,0.32,,,,,
,,,,,,0.31,,,,,
,,,,,,0.31,,,,,
,,,,,,0.31,,,,,
,,,,,,0.31,,,,,
,,,,,,0.3,,,,,
,,,,,,0.3,,,,,
,,,,,,0.3,,,,,
,,,,,,0.3,,,,,
,,,,,,0.3,,,,,
,,,,,,0.29,,,,,
,,,,,,0.29,,,,,
,,,,,,0.29,,,,,
,,,,,,0.29,,,,,
,,,,,,0.28,,,,,
,,,,,,0.28,,,,,
,,,,,,0.28,,,,,
,,,,,,0.28,,,,,
,,,,,,0.28,,,,,
,,,,,,0.27,,,,,
,,,,,,0.27,,,,,
,,,,,,0.27,,,,,
,,,,,,0.27,,,,,
,,,,,,0.27,,,,,
,,,,,,0.26,,,,,
,,,,,,0.26,,,,,
,,,,,,0.26,,,,,
,,,,,,0.26,,,,,
,,,,,,0.26,,,,,
,,,,,,0.25,,,,,
,,,,,,0.25,,,,,
,,,,,,0.25,,,,,
,,,,,,0.25,,,,,
,,,,,,0.25,,,,,
,,,,,,0.25,,,,,
,,,,,,0.25,,,,,
,,,,,,0.24,,,,,
,,,,,,0.24,,,,,
,,,,,,0.24,,,,,
,,,,,,0.24,,,,,
,,,,,,0.24,,,,,
,,,,,,0.24,,,,,
,,,,,,0.24,,,,,
,,,,,,0.23,,,,,
,,,,,,0.23,,,,,
,,,,,,0.23,,,,,
,,,,,,0.23,,,,,
,,,,,,0.23,,,,,
,,,,,,0.23,,,,,
,,,,,,0.23,,,,,
,,,,,,0.22,,,,,
,,,,,,0.22,,,,,
,,,,,,0.22,,,,,
,,,,,,0.22,,,,,
,,,,,,0.22,,,,,
,,,,,,0.22,,,,,
,,,,,,0.22,,,,,
,,,,,,0.22,,,,,
,,,,,,0.22,,,,,
,,,,,,0.22,,,,,
,,,,,,0.21,,,,,
,,,,,,0.21,,,,,
,,,,,,0.21,,,,,
,,,,,,0.21,,,,,
,,,,,,0.21,,,,,
,,,,,,0.21,,,,,
,,,,,,0.21,,,,,
,,,,,,0.21,,,,,
,,,,,,0.21,,,,,
,,,,,,0.21,,,,,
,,,,,,0.21,,,,,
,,,,,,0.2,,,,,
,,,,,,0.2,,,,,
,,,,,,0.2,,,,,
,,,,,,0.2,,,,,
,,,,,,0.2,,,,,
,,,,,,0.2,,,,,
,,,,,,0.2,,,,,
,,,,,,0.2,,,,,
,,,,,,0.2,,,,,
,,,,,,0.2,,,,,
,,,,,,0.2,,,,,
,,,,,,0.2,,,,,
,,,,,,0.2,,,,,
,,,,,,0.19,,,,,
,,,,,,0.19,,,,,
,,,,,,0.19,,,,,
,,,,,,0.19,,,,,
,,,,,,0.19,,,,,
,,,,,,0.19,,,,,
,,,,,,0.19,,,,,
,,,,,,0.19,,,,,
,,,,,,0.19,,,,,
,,,,,,0.19,,,,,
,,,,,,0.19,,,,,
,,,,,,0.19,,,,,
,,,,,,0.19,,,,,
,,,,,,0.19,,,,,
,,,,,,0.19,,,,,
,,,,,,0.18,,,,,
,,,,,,0.18,,,,,
,,,,,,0.18,,,,,
,,,,,,0.18,,,,,
,,,,,,0.18,,,,,
,,,,,,0.18,,,,,
,,,,,,0.18,,,,,
,,,,,,0.18,,,,,
,,,,,,0.18,,,,,
,,,,,,0.18,,,,,
,,,,,,0.18,,,,,
,,,,,,0.18,,,,,
,,,,,,0.18,,,,,
,,,,,,0.18,,,,,
,,,,,,0.18,,,,,
,,,,,,0.18,,,,,
,,,,,,0.17,,,,,
,,,,,,0.17,,,,,
,,,,,,0.17,,,,,
,,,,,,0.17,,,,,
,,,,,,0.17,,,,,
,,,,,,0.17,,,,,
,,,,,,0.17,,,,,
,,,,,,0.17,,,,,
,,,,,,0.17,,,,,
,,,,,,0.17,,,,,
,,,,,,0.17,,,,,
,,,,,,0.17,,,,,
,,,,,,0.17,,,,,
,,,,,,0.17,,,,,
,,,,,,0.17,,,,,
,,,,,,0.17,,,,,
,,,,,,0.17,,,,,
,,,,,,0.17,,,,,
