Weight_18.1,Weight_18.2,Weight_18.3,Weight_21.1,Weight_21.2,Weight_21.3,Weight_27.1,Weight_27.2,Weight_27.3,Weight_30.1,Weight_30.2,Weight_30.3,Weight_33.1,Weight_30.2.1,Weight_33.3
0.11,0.15,0.43,0.1,0.33,0.12,0.11,0.16,0.52,0.2,0.19,0.1,0.11,0.1,0.1
0.17,0.2,0.43,0.14,0.31,0.12,0.16,0.19,0.28,0.65,0.18,0.21,0.11,0.1,0.1
0.16,0.19,0.43,0.23,0.31,0.11,0.15,0.19,0.69,0.74,0.17,0.2,0.11,0.14,0.21
0.15,0.19,0.43,0.22,0.3,0.11,0.15,0.18,0.18,1.89,0.17,0.2,0.11,0.27,0.26
0.15,0.18,0.43,0.21,0.3,0.11,0.14,0.18,0.82,1.91,0.17,0.2,0.11,0.26,0.25
0.15,0.18,0.43,0.21,0.29,0.11,0.14,0.18,0.82,1.92,0.17,0.2,0.1,0.25,0.25
0.15,0.18,0.43,0.21,0.29,0.11,0.14,0.18,0.81,1.71,0.17,0.2,0.1,0.25,0.25
0.15,0.18,0.43,0.2,0.29,0.11,0.14,0.18,0.7,1.77,0.17,0.2,0.1,0.25,0.25
0.14,0.18,0.43,0.2,0.29,0.1,0.13,0.18,0.25,0.7,0.17,0.21,0.1,0.25,0.24
0.14,0.18,0.43,0.2,0.29,0.17,0.13,0.18,0.35,0.2,0.2,0.21,0.22,0.25,0.24
0.19,0.26,0.43,0.2,0.41,0.28,0.18,0.27,0.73,0.2,0.39,0.23,0.27,0.25,0.24
0.3,0.36,0.43,0.24,0.61,0.27,0.26,0.35,0.75,0.2,0.39,0.41,0.26,0.25,0.24
0.29,0.35,0.43,0.38,0.59,0.26,0.25,0.34,0.74,0.2,0.38,0.41,0.26,0.29,0.36
0.28,0.34,0.43,0.36,0.58,0.26,0.25,0.34,0.73,0.2,0.38,0.4,0.26,0.48,0.47
0.28,0.34,0.43,0.36,0.58,0.26,0.25,0.34,0.73,0.2,0.37,0.4,0.25,0.47,0.46
0.27,0.34,0.43,0.35,0.58,0.25,0.24,0.33,0.72,0.2,0.37,0.4,0.25,0.47,0.46
0.27,0.33,0.43,0.35,0.57,0.25,0.24,0.33,0.72,0.2,0.37,0.4,0.25,0.47,0.45
0.27,0.33,0.43,0.34,0.57,0.25,0.24,0.33,0.71,0.2,0.37,0.4,0.25,0.46,0.45
0.26,0.33,0.43,0.34,0.57,0.25,0.24,0.33,0.12,0.2,0.37,0.4,0.25,0.46,0.45
0.26,0.33,0.43,0.34,0.57,0.3,0.24,0.33,0.11,0.2,0.52,0.4,0.37,0.46,0.45
0.29,0.39,0.43,0.34,0.65,0.52,0.27,0.4,0.1,0.14,0.62,0.54,0.5,0.46,0.45
0.44,0.56,0.43,0.37,0.93,0.5,0.42,0.56,0.1,0.22,0.61,0.66,0.49,0.45,0.44
0.42,0.53,0.43,0.61,0.9,0.5,0.4,0.54,0.1,0.21,0.6,0.64,0.48,0.62,0.53
0.42,0.53,0.43,0.6,0.89,0.49,0.39,0.54,0.1,0.21,0.6,0.64,0.47,0.71,0.7
0.41,0.52,0.43,0.59,0.89,0.49,0.39,0.54,0.1,0.2,0.59,0.64,0.47,0.69,0.69
0.41,0.52,0.43,0.58,0.88,0.48,0.39,0.53,0.1,0.2,0.59,0.63,0.47,0.69,0.68
0.4,0.51,0.43,0.57,0.88,0.48,0.38,0.53,0.1,0.2,0.59,0.63,0.47,0.69,0.68
0.4,0.51,0.43,0.57,0.88,0.48,0.38,0.53,0.16,0.2,0.59,0.63,0.47,0.68,0.68
0.4,0.51,0.43,0.56,0.87,0.48,0.38,0.53,0.16,0.2,0.59,0.63,0.46,0.68,0.67
0.4,0.5,0.43,0.56,0.87,0.69,0.38,0.53,0.15,0.19,0.71,0.63,0.54,0.68,0.67
0.55,0.53,0.43,0.56,0.91,0.79,0.55,0.58,0.15,0.27,0.88,0.75,0.71,0.67,0.67
0.66,0.72,0.43,0.71,1.21,0.77,0.62,0.79,0.15,0.42,0.87,0.95,0.69,0.67,0.67
0.74,0.7,0.11,0.84,1.19,0.76,0.61,0.78,0.15,0.41,0.94,0.94,0.69,0.79,0.72
0.83,0.7,0.25,0.82,1.18,0.76,0.6,0.78,0.15,0.4,0.92,0.93,0.68,0.93,0.93
0.89,0.69,0.24,0.81,1.18,0.75,0.59,0.77,0.15,0.4,0.89,0.92,0.68,0.92,0.92
0.89,0.68,0.24,0.8,1.17,0.74,0.59,0.77,0.15,0.39,0.88,0.92,0.68,0.91,0.91
0.89,0.68,0.24,0.8,1.16,0.74,0.59,0.76,0.3,0.39,0.86,0.92,0.67,0.9,0.91
0.88,0.68,0.23,0.79,1.16,0.74,0.58,0.76,0.39,0.39,0.87,0.92,0.67,0.9,0.91
0.88,0.67,0.23,0.79,1.16,0.73,0.58,0.76,0.38,0.39,0.85,0.92,0.67,0.9,0.9
0.87,0.67,0.23,0.78,1.16,0.91,0.58,0.76,0.37,0.38,0.95,0.91,0.72,0.89,0.9
0.97,0.82,0.23,0.78,1.34,1.08,0.72,0.97,0.37,0.43,1.23,0.98,0.94,0.89,0.9
0.93,0.92,0.23,0.9,1.5,1.06,0.85,1.08,0.37,0.63,1.15,1.23,0.93,0.89,0.9
0.69,0.9,0.34,1.12,1.48,1.05,0.83,1.07,0.37,0.62,1.16,1.21,0.93,0.98,1.08
0.7,0.89,0.42,1.09,1.47,1.04,0.83,1.06,0.36,0.61,1.16,1.21,0.92,1.18,1.17
0.7,0.88,0.41,1.08,1.46,1.03,0.82,1.05,0.36,0.61,1.13,1.2,0.91,1.16,1.16
0.7,0.88,0.41,1.07,1.45,1.03,0.81,1.05,0.36,0.6,1.24,1.2,0.91,1.15,1.15
0.7,0.87,0.4,1.06,1.45,1.02,0.81,1.04,0.48,0.6,1.13,1.19,0.91,1.14,1.14
0.7,0.87,0.4,1.06,1.45,1.02,0.81,1.04,0.63,0.6,1.09,1.19,0.91,1.14,1.14
0.7,0.87,0.4,1.05,1.44,1.01,0.8,1.04,0.62,0.59,1.09,1.19,0.9,1.14,1.13
0.7,0.86,0.39,1.04,1.44,1.12,0.8,1.04,0.61,0.59,1.13,1.19,1.08,1.13,1.13
0.77,0.97,0.39,1.04,1.57,1.35,0.89,1.21,0.6,0.78,1.41,1.42,1.18,1.13,1.13
0.96,1.12,0.39,1.11,1.8,1.32,1.07,1.4,0.6,0.87,1.39,1.51,1.17,1.13,1.13
0.94,1.1,0.48,1.38,1.78,1.31,1.05,1.38,0.6,0.86,1.39,1.5,1.16,1.17,1.27
0.93,1.09,0.63,1.35,1.77,1.3,1.04,1.37,0.6,0.85,1.38,1.49,1.15,1.4,1.41
0.92,1.08,0.61,1.34,1.76,1.3,1.04,1.36,0.6,0.84,1.37,1.48,1.15,1.39,1.4
0.92,1.08,0.6,1.33,1.76,1.29,1.03,1.36,0.59,0.84,1.37,1.48,1.14,1.38,1.39
0.91,1.07,0.6,1.32,1.75,1.28,1.03,1.36,0.69,0.83,1.37,1.48,1.14,1.38,1.38
0.91,1.07,0.59,1.31,1.74,1.28,1.02,1.35,0.96,0.83,1.37,1.47,1.14,1.37,1.38
0.9,1.07,0.59,1.31,1.74,1.28,1.02,1.35,0.93,0.83,1.36,1.47,1.13,1.37,1.37
0.9,1.06,0.58,1.3,1.74,1.33,1.01,1.35,0.93,0.82,1.57,1.47,1.26,1.36,1.37
0.94,1.13,0.58,1.3,1.81,1.6,1.09,1.47,0.92,0.98,1.72,1.65,1.41,1.36,1.37
1.18,1.33,0.58,1.52,2.08,1.58,1.37,1.75,0.92,1.13,1.7,1.82,1.4,1.36,1.36
1.16,1.3,0.63,1.61,2.05,1.57,1.36,1.72,0.91,1.11,1.7,1.81,1.39,1.55,1.46
1.15,1.29,0.81,1.59,2.04,1.56,1.35,1.71,0.91,1.1,1.69,1.8,1.38,1.65,1.66
1.15,1.29,0.79,1.58,2.03,1.56,1.34,1.71,0.91,1.09,1.68,1.79,1.38,1.64,1.64
1.14,1.28,0.78,1.57,2.03,1.55,1.33,1.7,0.91,1.09,1.68,1.79,1.37,1.63,1.63
1.13,1.27,0.78,1.56,2.02,1.55,1.32,1.7,0.96,1.09,1.67,1.78,1.37,1.62,1.63
1.13,1.27,0.78,1.56,2.02,1.54,1.32,1.69,1.27,1.08,1.67,1.78,1.36,1.62,1.62
1.12,1.26,0.77,1.55,2.01,1.54,1.32,1.69,1.26,1.08,1.67,1.78,1.36,1.61,1.62
1.12,1.26,0.77,1.54,2.01,1.78,1.31,1.69,1.25,1.08,1.8,1.77,1.45,1.61,1.61
1.28,1.3,0.77,1.54,2.25,1.9,1.56,1.74,1.24,1.17,2.02,1.89,1.67,1.6,1.61
1.39,1.55,0.76,1.72,2.34,1.88,1.68,2.04,1.24,1.38,2,2.11,1.65,1.6,1.61
1.37,1.53,0.95,1.88,2.32,1.87,1.66,2.02,1.23,1.35,1.99,2.09,1.64,1.74,1.66
1.36,1.52,1.02,1.86,2.31,1.86,1.65,2.01,1.23,1.35,1.98,2.08,1.63,1.91,1.89
1.35,1.51,1.01,1.85,2.3,1.85,1.64,2,1.23,1.34,1.98,2.08,1.63,1.89,1.88
1.34,1.5,1,1.84,2.29,1.84,1.63,2,1.23,1.34,1.97,2.07,1.62,1.88,1.87
1.34,1.5,0.99,1.83,2.29,1.84,1.63,1.99,1.45,1.33,1.97,2.07,1.62,1.87,1.86
1.33,1.49,0.98,1.82,2.29,1.83,1.62,1.99,1.6,1.33,1.96,2.06,1.61,1.87,1.86
1.33,1.49,0.98,1.82,2.28,1.83,1.62,1.99,1.58,1.33,1.96,2.06,1.61,1.86,1.85
1.32,1.48,0.98,1.81,2.28,1.99,1.61,1.98,1.57,1.32,2.04,2.06,1.65,1.86,1.85
1.44,1.65,0.98,1.8,2.45,2.17,1.79,2.22,1.56,1.38,2.33,2.13,1.89,1.85,1.85
1.62,1.76,0.97,1.92,2.61,2.15,1.97,2.36,1.56,1.66,2.31,2.41,1.88,1.85,1.84
1.59,1.74,1.12,2.13,2.59,2.13,1.95,2.34,1.56,1.64,2.3,2.4,1.87,1.93,2.05
1.58,1.73,1.24,2.11,2.58,2.12,1.94,2.33,1.55,1.63,2.29,2.39,1.86,2.14,2.15
1.57,1.72,1.22,2.09,2.57,2.12,1.93,2.32,1.55,1.63,2.28,2.38,1.86,2.11,2.14
1.56,1.71,1.21,2.08,2.56,2.11,1.92,2.31,1.55,1.62,2.28,2.38,1.85,2.11,2.13
1.56,1.71,1.21,2.08,2.55,2.11,1.91,2.31,1.7,1.62,2.27,2.37,1.85,2.1,2.12
1.55,1.7,1.2,2.07,2.55,2.1,1.91,2.3,1.93,1.61,2.27,2.37,1.84,2.09,2.11
1.54,1.7,1.2,2.06,2.54,2.09,1.9,2.3,1.91,1.61,2.26,2.37,1.84,2.09,2.11
1.54,1.69,1.19,2.06,2.54,2.2,1.9,2.29,1.9,1.6,2.52,2.36,2.03,2.09,2.1
1.61,1.8,1.19,2.05,2.64,2.46,2.02,2.46,1.89,1.84,2.62,2.58,2.14,2.08,2.1
1.84,1.97,1.18,2.12,2.84,2.43,2.29,2.65,1.88,1.96,2.6,2.68,2.12,2.08,2.1
1.81,1.95,1.28,2.39,2.82,2.41,2.26,2.63,1.88,1.94,2.6,2.67,2.12,2.13,2.23
1.8,1.93,1.46,2.37,2.8,2.41,2.25,2.62,1.87,1.93,2.59,2.66,2.11,2.4,2.37
1.79,1.92,1.44,2.36,2.79,2.4,2.24,2.61,1.87,1.92,2.58,2.65,2.1,2.39,2.36
1.78,1.92,1.43,2.35,2.79,2.39,2.24,2.6,1.87,1.92,2.57,2.64,2.09,2.38,2.34
1.77,1.91,1.42,2.34,2.78,2.39,2.23,2.6,1.95,1.91,2.57,2.64,2.09,2.37,2.34
1.77,1.91,1.42,2.33,2.78,2.38,2.22,2.59,2.23,1.91,2.57,2.64,2.09,2.36,2.33
1.76,1.9,1.41,2.33,2.77,2.38,2.22,2.59,2.2,1.9,2.56,2.63,2.08,2.36,2.33
1.76,1.9,1.4,2.32,2.77,2.43,2.21,2.58,2.19,1.9,2.71,2.63,2.22,2.36,2.32
1.79,1.97,1.4,2.32,2.84,2.72,2.27,2.66,2.19,2.06,2.85,2.79,2.39,2.35,2.32
2.03,2.22,1.4,2.55,3.13,2.7,2.56,2.86,2.18,2.25,2.83,2.95,2.38,2.35,2.32
2.02,2.19,1.46,2.65,3.11,2.69,2.54,2.84,2.17,2.23,2.82,2.93,2.36,2.52,2.4
2,2.18,1.69,2.63,3.1,2.68,2.53,2.83,2.17,2.22,2.81,2.92,2.35,2.63,2.62
1.99,2.17,1.67,2.62,3.09,2.67,2.52,2.82,2.17,2.21,2.81,2.91,2.35,2.62,2.59
1.98,2.16,1.66,2.61,3.09,2.66,2.52,2.82,2.16,2.2,2.8,2.91,2.34,2.61,2.59
1.98,2.15,1.66,2.6,3.08,2.66,2.51,2.81,2.21,2.2,2.8,2.9,2.34,2.6,2.58
1.97,2.14,1.65,2.59,3.07,2.65,2.5,2.81,2.53,2.19,2.79,2.9,2.33,2.59,2.57
1.97,2.14,1.64,2.59,3.07,2.65,2.5,2.8,2.51,2.19,2.79,2.89,2.33,2.59,2.57
1.96,2.13,1.64,2.58,3.06,2.83,2.49,2.8,2.5,2.18,2.93,2.89,2.41,2.58,2.56
2.14,2.16,1.63,2.57,3.28,2.94,2.73,2.86,2.5,2.3,3.18,3.01,2.64,2.58,2.56
2.27,2.39,1.63,2.73,3.37,2.92,2.86,3.2,2.49,2.56,3.16,3.27,2.61,2.57,2.56
2.25,2.38,1.83,2.9,3.36,2.91,2.84,3.18,2.48,2.53,3.14,3.24,2.6,2.69,2.61
2.23,2.37,1.92,2.88,3.35,2.9,2.83,3.17,2.48,2.52,3.13,3.23,2.59,2.85,2.86
2.22,2.36,1.9,2.86,3.34,2.89,2.82,3.16,2.48,2.51,3.13,3.22,2.59,2.83,2.85
2.21,2.35,1.89,2.85,3.32,2.89,2.81,3.15,2.47,2.51,3.12,3.22,2.58,2.82,2.84
2.21,2.34,1.88,2.84,3.32,2.88,2.8,3.14,2.66,2.5,3.11,3.21,2.57,2.81,2.83
2.2,2.33,1.87,2.84,3.31,2.88,2.79,3.14,2.8,2.49,3.11,3.21,2.57,2.81,2.83
2.19,2.33,1.87,2.83,3.31,2.87,2.79,3.13,2.78,2.49,3.1,3.2,2.56,2.8,2.82
2.19,2.32,1.86,2.82,3.3,3.04,2.78,3.13,2.77,2.49,3.17,3.2,2.61,2.8,2.81
2.3,2.49,1.86,2.82,3.46,3.24,2.95,3.3,2.76,2.54,3.42,3.25,2.89,2.79,2.81
2.49,2.62,1.85,2.93,3.61,3.22,3.14,3.41,2.76,2.8,3.4,3.48,2.87,2.79,2.81
2.46,2.6,2,3.18,3.59,3.2,3.12,3.39,2.75,2.79,3.39,3.47,2.86,2.88,2.95
2.45,2.58,2.14,3.15,3.58,3.19,3.1,3.38,2.75,2.78,3.39,3.46,2.85,3.13,3.03
2.44,2.57,2.13,3.14,3.57,3.18,3.1,3.37,2.74,2.77,3.38,3.46,2.84,3.1,3.01
2.43,2.56,2.11,3.13,3.56,3.17,3.09,3.37,2.74,2.76,3.37,3.45,2.84,3.1,3.01
2.42,2.56,2.1,3.12,3.56,3.17,3.08,3.36,2.86,2.76,3.37,3.44,2.83,3.09,3
2.41,2.55,2.09,3.11,3.55,3.16,3.08,3.36,3.06,2.75,3.36,3.44,2.83,3.08,2.99
2.41,2.54,2.09,3.1,3.54,3.16,3.07,3.35,3.04,2.74,3.36,3.44,2.82,3.07,2.99
2.4,2.54,2.08,3.09,3.54,3.25,3.06,3.35,3.03,2.74,3.56,3.43,3,3.07,2.99
2.46,2.65,2.08,3.09,3.66,3.49,3.15,3.48,3.02,2.96,3.64,3.67,3.13,3.06,2.98
2.67,2.84,2.07,3.14,3.92,3.46,3.36,3.65,3.01,3.08,3.63,3.79,3.11,3.06,2.98
2.64,2.82,2.18,3.39,3.89,3.45,3.33,3.63,3.01,3.06,3.62,3.78,3.1,3.09,3.14
2.63,2.8,2.39,3.38,3.87,3.44,3.32,3.62,3,3.05,3.61,3.77,3.09,3.28,3.35
2.62,2.79,2.36,3.36,3.86,3.43,3.32,3.61,3,3.04,3.6,3.76,3.08,3.27,3.33
2.62,2.78,2.35,3.35,3.86,3.42,3.31,3.61,3,3.03,3.6,3.75,3.08,3.26,3.31
2.61,2.78,2.34,3.35,3.85,3.41,3.3,3.6,3.08,3.03,3.6,3.74,3.07,3.26,3.3
2.6,2.77,2.34,3.33,3.84,3.41,3.29,3.59,3.38,3.02,3.59,3.74,3.07,3.25,3.3
2.59,2.76,2.33,3.33,3.83,3.4,3.29,3.59,3.34,3.02,3.58,3.74,3.06,3.25,3.29
2.59,2.76,2.32,3.32,3.83,3.45,3.28,3.58,3.33,3.01,3.78,3.73,3.17,3.24,3.29
2.81,2.8,2.32,3.32,3.87,3.7,3.34,3.69,3.33,3.17,3.97,3.9,3.33,3.24,3.28
2.89,2.97,2.31,3.52,4.08,3.69,3.66,3.99,3.32,3.35,3.95,4.08,3.32,3.24,3.28
2.87,2.94,2.36,3.61,4.07,3.67,3.64,3.96,3.31,3.33,3.93,4.06,3.3,3.44,3.35
2.86,2.93,2.58,3.59,4.06,3.66,3.63,3.95,3.31,3.32,3.92,4.05,3.29,3.57,3.53
2.85,2.93,2.57,3.58,4.05,3.65,3.62,3.94,3.3,3.31,3.92,4.04,3.29,3.56,3.51
2.83,2.92,2.56,3.57,4.04,3.65,3.61,3.93,3.3,3.3,3.91,4.03,3.28,3.55,3.5
2.83,2.91,2.55,3.56,4.03,3.64,3.6,3.92,3.33,3.3,3.9,4.03,3.27,3.53,3.5
2.82,2.91,2.54,3.55,4.03,3.64,3.59,3.92,3.59,3.29,3.9,4.02,3.27,3.53,3.49
2.82,2.9,2.53,3.55,4.02,3.63,3.59,3.91,3.57,3.28,3.89,4.02,3.27,3.52,3.48
2.81,2.9,2.53,3.54,4.02,3.86,3.58,3.91,3.56,3.28,3.97,4.01,3.35,3.52,3.48
2.95,3.15,2.52,3.53,4.26,4,3.79,3.93,3.56,3.36,4.14,4.09,3.6,3.51,3.47
3.07,3.25,2.52,3.71,4.38,3.98,3.91,4.13,3.55,3.57,4.12,4.28,3.57,3.51,3.47
3.05,3.23,2.71,3.9,4.36,3.97,3.89,4.12,3.54,3.54,4.11,4.25,3.56,3.63,3.51
3.04,3.22,2.81,3.88,4.34,3.95,3.88,4.11,3.54,3.53,4.11,4.24,3.55,3.81,3.75
3.03,3.21,2.79,3.86,4.33,3.94,3.86,4.1,3.53,3.52,4.1,4.24,3.55,3.79,3.73
3.02,3.19,2.78,3.85,4.32,3.94,3.86,4.09,3.53,3.52,4.09,4.23,3.54,3.77,3.72
3.01,3.19,2.77,3.84,4.31,3.93,3.85,4.09,3.73,3.51,4.09,4.23,3.53,3.77,3.72
3,3.18,2.76,3.83,4.31,3.92,3.84,4.08,3.89,3.5,4.08,4.22,3.53,3.76,3.71
3,3.17,2.75,3.82,4.3,3.92,3.84,4.08,3.87,3.5,4.08,4.22,3.52,3.75,3.7
2.99,3.17,2.75,3.81,4.29,4.04,3.83,4.07,3.86,3.49,4.15,4.21,3.55,3.75,3.7
3.1,3.29,2.74,3.81,4.45,4.2,3.96,4.32,3.85,3.55,4.44,4.28,3.8,3.74,3.69
3.29,3.39,2.74,3.89,4.61,4.18,4.12,4.49,3.84,3.86,4.43,4.63,3.78,3.74,3.69
3.27,3.38,2.87,4.08,4.59,4.16,4.1,4.47,3.83,3.84,4.42,4.61,3.77,3.79,3.92
3.25,3.36,3.02,4.06,4.57,4.15,4.08,4.45,3.83,3.83,4.41,4.6,3.76,3.95,4.06
3.24,3.35,3,4.04,4.56,4.15,4.08,4.44,3.82,3.82,4.4,4.59,3.75,3.94,4.04
3.23,3.34,2.99,4.03,4.55,4.14,4.07,4.43,3.82,3.81,4.39,4.59,3.75,3.93,4.03
3.23,3.34,2.98,4.03,4.55,4.13,4.06,4.42,3.94,3.8,4.39,4.58,3.74,3.92,4.01
3.22,3.33,2.97,4.02,4.54,4.12,4.06,4.42,4.16,3.8,4.38,4.57,3.74,3.92,4.01
3.21,3.32,2.97,4.01,4.53,4.12,4.05,4.41,4.14,3.79,4.38,4.57,3.73,3.91,4
3.2,3.32,2.96,4,4.52,4.21,4.04,4.41,4.12,3.79,4.6,4.56,3.91,3.9,3.99
3.26,3.42,2.95,4,4.59,4.49,4.15,4.53,4.11,3.97,4.71,4.75,4.05,3.9,3.99
3.5,3.6,2.95,4.06,4.75,4.45,4.42,4.72,4.11,4.08,4.69,4.86,4.04,3.9,3.98
3.48,3.58,3.02,4.35,4.72,4.44,4.39,4.7,4.1,4.07,4.68,4.84,4.02,3.95,4.07
3.46,3.56,3.2,4.33,4.71,4.43,4.38,4.68,4.09,4.06,4.67,4.83,4.01,4.3,4.18
3.45,3.55,3.18,4.31,4.7,4.42,4.37,4.68,4.09,4.05,4.66,4.82,4,4.28,4.17
3.45,3.55,3.17,4.3,4.7,4.41,4.36,4.67,4.08,4.04,4.66,4.81,4,4.27,4.16
3.43,3.54,3.16,4.29,4.69,4.4,4.35,4.66,4.13,4.03,4.65,4.81,3.99,4.26,4.15
3.43,3.53,3.15,4.28,4.68,4.4,4.34,4.65,4.33,4.03,4.65,4.8,3.99,4.25,4.15
3.42,3.53,3.15,4.27,4.67,4.39,4.34,4.65,4.31,4.02,4.64,4.8,3.98,4.24,4.14
3.41,3.52,3.14,4.27,4.67,4.44,4.33,4.64,4.3,4.01,4.76,4.79,4.1,4.24,4.14
3.6,3.59,3.14,4.26,4.73,4.73,4.37,4.7,4.29,4.14,4.89,4.93,4.29,4.23,4.13
3.67,3.86,3.13,4.47,5.04,4.71,4.59,4.9,4.29,4.3,4.87,5.11,4.27,4.23,4.13
3.65,3.84,3.18,4.58,5.02,4.69,4.57,4.88,4.28,4.28,4.86,5.09,4.25,4.36,4.23
3.64,3.82,3.44,4.56,5,4.68,4.56,4.87,4.27,4.27,4.85,5.08,4.24,4.45,4.54
3.63,3.81,3.42,4.55,4.99,4.67,4.55,4.86,4.27,4.26,4.84,5.07,4.23,4.44,4.51
3.61,3.8,3.41,4.53,4.98,4.66,4.54,4.85,4.27,4.25,4.84,5.06,4.23,4.43,4.49
3.61,3.79,3.4,4.53,4.97,4.66,4.54,4.84,4.54,4.25,4.83,5.06,4.22,4.42,4.48
3.6,3.78,3.39,4.52,4.96,4.65,4.53,4.84,4.66,4.24,4.83,5.05,4.22,4.41,4.48
3.59,3.78,3.38,4.51,4.95,4.64,4.53,4.83,4.64,4.23,4.82,5.04,4.21,4.41,4.47
3.59,3.77,3.37,4.5,4.94,4.79,4.52,4.83,4.62,4.23,4.95,5.04,4.26,4.4,4.46
3.76,3.9,3.37,4.5,5.11,4.89,4.74,4.89,4.61,4.33,5.24,5.15,4.45,4.4,4.46
3.92,3.96,3.37,4.6,5.19,4.87,4.88,5.28,4.6,4.6,5.21,5.44,4.43,4.39,4.45
3.89,3.95,3.54,4.73,5.17,4.86,4.86,5.26,4.59,4.57,5.2,5.41,4.42,4.52,4.49
3.88,3.93,3.64,4.71,5.15,4.85,4.84,5.24,4.59,4.55,5.19,5.4,4.41,4.7,4.74
3.86,3.93,3.62,4.69,5.14,4.84,4.83,5.23,4.58,4.54,5.18,5.39,4.4,4.68,4.72
3.85,3.92,3.61,4.69,5.13,4.83,4.82,5.22,4.57,4.54,5.17,5.38,4.4,4.67,4.71
3.85,3.91,3.6,4.68,5.12,4.83,4.82,5.21,4.72,4.53,5.17,5.37,4.39,4.66,4.7
3.84,3.9,3.59,4.67,5.11,4.82,4.81,5.2,4.86,4.52,5.16,5.37,4.38,4.65,4.69
3.83,3.9,3.59,4.67,5.1,4.81,4.8,5.2,4.84,4.52,5.15,5.36,4.38,4.65,4.69
3.82,3.89,3.58,4.66,5.09,4.97,4.8,5.19,4.83,4.51,5.19,5.35,4.64,4.64,4.68
3.92,4.07,3.57,4.65,5.22,5.2,4.93,5.33,4.81,4.54,5.4,5.39,4.74,4.64,4.68
4.11,4.25,3.57,4.76,5.37,5.17,5.12,5.42,4.81,4.74,5.39,5.61,4.72,4.63,4.67
4.08,4.23,3.68,5.03,5.34,5.15,5.1,5.41,4.8,4.72,5.38,5.6,4.71,4.72,4.81
4.06,4.21,3.83,4.99,5.31,5.14,5.08,5.4,4.79,4.71,5.37,5.59,4.7,5.01,4.91
4.05,4.19,3.81,4.98,5.3,5.13,5.07,5.38,4.78,4.71,5.36,5.58,4.69,4.97,4.9
4.05,4.18,3.79,4.97,5.29,5.12,5.06,5.38,4.78,4.7,5.35,5.57,4.68,4.96,4.88
4.04,4.18,3.78,4.96,5.28,5.11,5.05,5.37,4.88,4.69,5.35,5.56,4.68,4.95,4.87
4.03,4.17,3.78,4.95,5.27,5.1,5.05,5.36,5.07,4.69,5.34,5.56,4.67,4.94,4.87
4.02,4.16,3.77,4.94,5.25,5.1,5.04,5.35,5.05,4.68,5.34,5.55,4.66,4.93,4.86
4.01,4.15,3.76,4.93,5.24,5.16,5.03,5.35,5.03,4.68,5.56,5.55,4.8,4.93,4.86
4.06,4.24,3.75,4.93,5.34,5.37,5.1,5.49,5.02,4.91,5.67,5.79,4.93,4.92,4.85
4.27,4.43,3.75,4.96,5.56,5.34,5.29,5.71,5.01,5.07,5.65,5.94,4.91,4.92,4.85
4.25,4.4,3.84,5.19,5.5,5.33,5.27,5.69,5.01,5.05,5.64,5.92,4.9,4.94,5.02
4.24,4.39,4.08,5.17,5.48,5.32,5.26,5.66,5,5.03,5.63,5.91,4.89,5.1,5.27
4.23,4.38,4.05,5.16,5.45,5.31,5.25,5.65,4.99,5.02,5.62,5.89,4.88,5.09,5.24
4.22,4.37,4.04,5.15,5.44,5.3,5.24,5.64,4.98,5.01,5.62,5.89,4.87,5.08,5.22
4.21,4.36,4.03,5.14,5.42,5.29,5.23,5.63,5.05,5,5.61,5.88,4.87,5.07,5.21
4.2,4.35,4.02,5.13,5.39,5.28,5.22,5.62,5.34,5,5.6,5.87,4.86,5.06,5.2
4.2,4.34,4.01,5.12,5.38,5.28,5.22,5.61,5.31,4.99,5.6,5.87,4.86,5.06,5.2
4.19,4.34,4,5.12,5.36,5.31,5.21,5.61,5.3,4.98,5.77,5.86,4.95,5.05,5.19
4.41,4.37,4,5.11,5.38,5.56,5.27,5.69,5.28,5.12,5.98,6,5.12,5.05,5.18
4.5,4.54,3.99,5.28,5.52,5.54,5.61,5.98,5.27,5.32,5.96,6.2,5.1,5.04,5.17
4.48,4.52,4.02,5.38,5.49,5.52,5.59,5.93,5.26,5.3,5.94,6.17,5.08,5.28,5.24
4.47,4.51,4.22,5.36,5.47,5.51,5.57,5.91,5.25,5.28,5.93,6.16,5.08,5.46,5.4
4.45,4.5,4.21,5.34,5.45,5.5,5.56,5.9,5.24,5.27,5.92,6.15,5.07,5.43,5.38
4.44,4.49,4.2,5.33,5.42,5.49,5.55,5.89,5.24,5.26,5.91,6.14,5.06,5.42,5.37
4.43,4.48,4.19,5.32,5.4,5.48,5.54,5.87,5.39,5.26,5.9,6.13,5.06,5.4,5.36
4.42,4.48,4.17,5.31,5.39,5.47,5.53,5.86,5.45,5.25,5.9,6.12,5.05,5.4,5.35
4.42,4.47,4.17,5.31,5.37,5.47,5.53,5.85,5.43,5.24,5.89,6.12,5.05,5.39,5.34
4.41,4.47,4.16,5.3,5.36,5.66,5.52,5.84,5.41,5.23,5.95,6.11,5.11,5.38,5.34
4.52,4.74,4.16,5.29,5.55,5.8,5.69,5.86,5.4,5.29,6.11,6.18,5.37,5.37,5.33
4.63,4.87,4.15,5.44,5.64,5.77,5.8,6.02,5.39,5.48,6.09,6.39,5.36,5.37,5.33
4.61,4.84,4.35,5.65,5.59,5.75,5.78,6,5.38,5.45,6.08,6.36,5.35,5.47,5.37
4.6,4.82,4.48,5.62,5.56,5.73,5.77,5.98,5.37,5.44,6.07,6.35,5.34,5.65,5.66
4.59,4.81,4.46,5.6,5.53,5.72,5.76,5.97,5.37,5.44,6.06,6.34,5.33,5.63,5.64
4.58,4.8,4.44,5.58,5.5,5.71,5.75,5.95,5.36,5.43,6.06,6.34,5.32,5.61,5.62
4.57,4.79,4.43,5.58,5.49,5.7,5.74,5.95,5.54,5.42,6.05,6.32,5.31,5.6,5.61
4.56,4.78,4.42,5.57,5.47,5.68,5.74,5.94,5.7,5.41,6.04,6.32,5.31,5.6,5.6
4.55,4.77,4.41,5.56,5.45,5.67,5.73,5.93,5.67,5.41,6.04,6.31,5.3,5.59,5.59
4.55,4.76,4.4,5.55,5.43,5.75,5.72,5.92,5.64,5.4,6.11,6.31,5.46,5.58,5.59
4.66,4.86,4.4,5.54,5.54,5.88,5.85,6.15,5.63,5.46,6.49,6.36,5.52,5.57,5.58
4.89,4.96,4.39,5.6,5.65,5.85,6.05,6.32,5.62,5.83,6.46,6.69,5.51,5.57,5.57
4.85,4.94,4.51,5.76,5.61,5.82,6.02,6.28,5.6,5.81,6.45,6.66,5.5,5.62,5.77
4.84,4.93,4.68,5.74,5.57,5.81,6,6.26,5.6,5.79,6.44,6.65,5.49,5.82,5.92
4.82,4.92,4.66,5.72,5.55,5.79,5.99,6.23,5.58,5.78,6.42,6.64,5.48,5.79,5.89
4.81,4.91,4.64,5.71,5.53,5.78,5.98,6.22,5.57,5.77,6.42,6.62,5.47,5.78,5.88
4.8,4.9,4.63,5.7,5.52,5.77,5.98,6.2,5.66,5.76,6.41,6.62,5.47,5.77,5.86
4.79,4.9,4.62,5.69,5.5,5.75,5.96,6.19,5.85,5.75,6.4,6.61,5.46,5.76,5.85
4.78,4.89,4.61,5.68,5.48,5.74,5.96,6.17,5.81,5.75,6.4,6.6,5.46,5.75,5.84
4.78,4.88,4.61,5.68,5.46,5.82,5.95,6.16,5.79,5.74,6.59,6.6,5.64,5.75,5.83
4.83,4.97,4.6,5.67,5.51,6.07,6.04,6.26,5.77,5.91,6.7,6.78,5.82,5.74,5.82
5.06,5.19,4.59,5.72,5.64,6,6.32,6.42,5.75,6.04,6.68,6.9,5.8,5.74,5.82
5.04,5.15,4.65,6.04,5.59,5.97,6.29,6.39,5.74,6.02,6.67,6.88,5.78,5.78,5.89
5.03,5.14,4.82,6.01,5.57,5.95,6.27,6.35,5.72,6.01,6.66,6.86,5.77,6.15,6
5.02,5.13,4.79,5.99,5.55,5.93,6.26,6.33,5.71,5.99,6.65,6.85,5.76,6.13,5.98
5.01,5.12,4.78,5.98,5.53,5.9,6.25,6.32,5.7,5.98,6.64,6.84,5.75,6.11,5.97
4.99,5.11,4.77,5.96,5.51,5.88,6.24,6.3,5.73,5.97,6.63,6.83,5.75,6.1,5.96
4.99,5.1,4.77,5.95,5.49,5.86,6.23,6.28,5.89,5.97,6.63,6.82,5.74,6.08,5.95
4.98,5.09,4.76,5.94,5.48,5.85,6.22,6.26,5.86,5.96,6.62,6.81,5.73,6.07,5.94
4.97,5.08,4.75,5.93,5.47,5.87,6.22,6.25,5.84,5.95,6.72,6.81,5.83,6.06,5.93
5.11,5.14,4.74,5.93,5.5,6.06,6.24,6.29,5.82,6.08,6.86,6.94,6.03,6.06,5.93
5.18,5.42,4.74,6.11,5.68,6.02,6.46,6.44,5.8,6.28,6.84,7.12,6.01,6.05,5.92
5.16,5.4,4.78,6.22,5.64,6,6.44,6.39,5.78,6.26,6.83,7.09,5.99,6.17,6.02
5.15,5.38,5.08,6.19,5.61,5.97,6.43,6.36,5.77,6.24,6.82,7.07,5.98,6.26,6.34
5.14,5.37,5.06,6.17,5.58,5.94,6.42,6.34,5.76,6.23,6.81,7.06,5.98,6.25,6.3
5.13,5.36,5.05,6.15,5.55,5.92,6.41,6.32,5.75,6.22,6.8,7.05,5.97,6.23,6.28
5.12,5.34,5.03,6.13,5.53,5.9,6.4,6.3,5.96,6.21,6.79,7.04,5.96,6.22,6.26
5.11,5.33,5.02,6.12,5.5,5.89,6.39,6.28,6.04,6.21,6.79,7.02,5.95,6.21,6.25
5.1,5.33,5.01,6.11,5.48,5.87,6.39,6.26,6,6.2,6.78,7.01,5.95,6.2,6.24
5.09,5.32,5,6.1,5.47,5.97,6.38,6.25,5.97,6.19,6.9,7.01,5.99,6.2,6.23
5.27,5.43,5,6.08,5.56,6.04,6.6,6.5,5.94,6.28,7.24,7.09,6.19,6.18,6.22
5.46,5.49,4.99,6.18,5.58,6,6.76,6.57,5.92,6.58,7.19,7.33,6.18,6.18,6.21
5.43,5.47,5.13,6.31,5.53,5.98,6.73,6.52,5.91,6.54,7.18,7.28,6.17,6.31,6.24
5.4,5.46,5.23,6.28,5.49,5.95,6.71,6.49,5.9,6.53,7.17,7.27,6.16,6.54,6.48
5.39,5.45,5.21,6.24,5.44,5.93,6.68,6.47,5.88,6.52,7.16,7.25,6.15,6.51,6.45
5.38,5.44,5.2,6.23,5.4,5.91,6.67,6.44,5.87,6.51,7.14,7.24,6.14,6.49,6.44
5.37,5.43,5.18,6.21,5.37,5.9,6.65,6.42,5.97,6.5,7.13,7.22,6.14,6.47,6.42
5.36,5.42,5.17,6.19,5.34,5.88,6.64,6.41,6.08,6.49,7.13,7.21,6.13,6.46,6.41
5.35,5.42,5.16,6.17,5.31,5.87,6.62,6.39,6.05,6.48,7.12,7.19,6.12,6.45,6.4
5.34,5.41,5.16,6.15,5.27,5.98,6.61,6.38,6.02,6.48,7.15,7.19,6.39,6.44,6.39
5.42,5.58,5.15,6.14,5.32,6.14,6.73,6.47,6,6.5,7.33,7.21,6.51,6.43,6.38
5.6,5.78,5.14,6.21,5.35,6.09,6.91,6.54,5.99,6.71,7.32,7.41,6.49,6.42,6.36
5.57,5.75,5.25,6.44,5.28,6.05,6.87,6.52,5.98,6.7,7.3,7.38,6.47,6.5,6.48
5.55,5.72,5.41,6.36,5.2,6.03,6.83,6.5,5.97,6.69,7.29,7.36,6.46,6.77,6.57
5.54,5.7,5.39,6.32,5.15,6.01,6.81,6.47,5.95,6.68,7.28,7.34,6.45,6.73,6.55
5.53,5.69,5.37,6.29,5.11,5.99,6.79,6.46,5.94,6.67,7.27,7.32,6.44,6.71,6.53
5.52,5.68,5.36,6.26,5.07,5.96,6.77,6.45,6.02,6.66,7.26,7.31,6.43,6.7,6.51
5.51,5.67,5.35,6.22,5.02,5.95,6.75,6.44,6.19,6.65,7.26,7.3,6.42,6.69,6.49
5.5,5.66,5.34,6.2,4.99,5.93,6.73,6.42,6.15,6.65,7.25,7.28,6.42,6.67,6.48
5.49,5.64,5.33,6.17,4.96,5.97,6.72,6.41,6.13,6.64,7.46,7.27,6.55,6.66,6.47
5.53,5.71,5.32,6.15,4.98,6.13,6.77,6.51,6.12,6.87,7.6,7.45,6.7,6.65,6.45
5.75,5.89,5.31,6.17,5.05,6.07,6.95,6.68,6.1,7.05,7.57,7.57,6.68,6.65,6.44
5.73,5.84,5.39,6.33,4.97,6.05,6.9,6.64,6.09,7.02,7.55,7.53,6.66,6.78,6.58
5.72,5.82,5.64,6.28,,6.02,6.88,6.61,6.08,7.01,7.53,7.5,6.65,6.82,6.79
5.7,5.8,5.59,6.25,,6,6.87,6.6,6.07,6.99,7.51,7.47,6.64,6.8,6.75
5.69,5.78,5.58,6.22,,5.98,6.85,6.58,6.06,6.98,7.5,7.46,6.63,6.79,6.7
5.68,5.77,5.56,6.18,,5.96,6.83,6.57,6.1,6.97,7.49,7.44,6.62,6.78,6.68
5.67,5.74,5.55,6.16,,5.94,6.82,6.56,6.31,6.96,7.48,7.43,6.62,6.77,6.66
5.66,5.72,5.53,6.14,,5.93,6.81,6.55,6.28,6.95,7.47,7.41,6.61,6.76,6.64
5.65,5.71,5.52,6.12,,6.07,6.8,6.54,6.27,6.95,7.62,7.39,6.71,6.75,6.61
5.86,5.72,5.52,6.1,,6.08,6.83,6.59,6.25,7.07,7.82,7.5,6.94,6.74,6.6
5.96,5.84,5.51,6.23,,6.04,7.12,6.81,6.23,7.28,7.78,7.65,6.9,6.73,6.59
5.93,5.79,5.52,6.3,,6,7.08,6.78,6.22,7.25,7.74,7.61,6.89,6.96,6.62
5.91,5.74,5.67,6.25,,5.97,7.06,6.76,6.21,7.23,7.72,7.56,6.88,7.14,6.79
5.89,5.7,5.64,6.22,,5.93,7.04,6.75,6.2,7.22,7.7,7.54,6.87,7.11,6.74
5.88,5.63,5.63,6.18,,5.91,7.01,6.73,6.19,7.21,7.68,7.52,6.86,7.08,6.72
5.87,5.6,5.61,6.16,,5.88,6.99,6.72,6.3,7.2,7.66,7.5,6.85,7.06,6.71
5.86,5.56,5.59,6.14,,5.86,6.97,6.71,6.35,7.19,7.64,7.47,6.84,7.04,6.69
5.85,5.53,5.57,6.12,,5.82,6.95,6.7,6.33,7.19,7.63,7.45,6.83,7.03,6.67
5.84,5.5,5.56,6.1,,5.92,6.93,6.69,6.32,7.18,7.67,7.44,6.89,7.02,6.66
5.93,5.65,5.55,6.08,,5.95,7.07,6.79,6.3,7.23,7.8,7.48,7.16,7,6.64
6.04,5.68,5.53,6.18,,5.88,7.15,6.82,6.29,7.44,7.75,7.63,7.14,6.99,6.64
6.02,5.61,5.7,6.29,,5.82,7.09,6.8,6.28,7.41,7.73,7.56,7.12,7.09,6.83
5.99,5.56,5.79,6.25,,5.75,7.05,6.79,6.28,7.4,7.71,7.53,7.11,7.26,6.89
5.98,5.49,5.73,6.2,,5.71,7,6.78,6.27,7.39,7.69,7.5,7.1,7.22,6.86
5.97,5.45,5.68,6.18,,5.67,6.96,6.76,6.26,7.38,7.67,7.48,7.08,7.18,6.84
5.96,5.41,5.61,6.15,,5.63,6.93,6.75,6.4,7.37,7.65,7.44,7.07,7.16,6.82
5.94,5.37,5.57,6.13,,5.58,6.91,6.74,6.55,7.36,7.64,7.42,7.06,7.14,6.8
5.93,5.34,5.53,6.1,,5.54,6.87,6.73,6.52,7.35,7.62,7.4,7.05,7.12,6.78
5.92,5.29,5.5,6.09,,5.57,6.85,6.72,6.49,7.35,7.66,7.38,7.22,7.1,6.77
6,5.33,5.45,6.07,,,6.93,6.9,6.48,7.64,7.95,7.57,7.3,7.08,6.76
6.22,5.36,5.42,6.1,,,7.06,7.05,6.47,7.74,7.9,7.6,7.28,7.06,6.75
6.14,5.31,5.49,6.22,,,7.02,7.02,6.45,7.71,7.87,7.55,7.26,7.09,6.91
6.11,5.25,5.59,6.16,,,6.97,6.99,6.44,7.7,7.84,7.52,7.24,7.23,7.03
6.07,5.21,5.52,6.13,,,6.95,6.97,6.43,7.68,7.8,7.49,7.23,7.2,7
6.03,5.18,5.46,6.1,,,6.93,6.96,6.42,7.67,7.78,7.46,7.22,7.17,6.97
5.99,5.15,5.42,6.08,,,6.91,6.94,6.49,7.66,7.76,7.44,7.21,7.15,6.95
5.92,,5.39,6.04,,,6.88,6.93,6.66,7.65,7.74,7.42,7.2,7.13,6.93
5.88,,5.36,6.02,,,6.87,6.92,6.62,7.64,7.72,7.41,7.18,7.1,6.92
5.83,,5.31,6,,,6.85,6.91,6.6,7.63,7.84,7.38,7.35,7.08,6.91
5.82,,5.29,5.98,,,6.91,6.98,6.59,7.79,7.9,7.5,7.53,7.07,6.89
5.9,,5.26,5.98,,,7.12,7.12,6.58,7.92,7.85,7.57,7.5,7.05,6.88
5.82,,5.28,6.1,,,7.06,7.08,6.56,7.89,7.81,7.53,7.47,7.31,6.94
5.75,,5.36,6.03,,,7.04,7.06,6.55,7.88,7.75,7.5,7.45,7.39,7.05
5.7,,5.29,5.97,,,7.02,7.05,6.54,7.86,7.72,7.46,7.44,7.35,7.03
5.62,,5.25,5.92,,,7,7.04,6.53,7.84,7.69,7.44,7.43,7.32,7
5.58,,5.22,5.84,,,6.98,7.03,6.55,7.83,7.66,7.42,7.42,7.29,6.99
5.54,,5.19,5.79,,,6.97,7.01,6.69,7.82,7.63,7.4,7.4,7.26,6.97
5.5,,5.15,,,,6.95,7,6.67,7.81,7.6,7.38,7.39,7.25,6.96
5.47,,5.13,,,,6.94,6.99,6.66,7.8,7.67,7.36,7.49,7.23,6.95
5.53,,5.11,,,,7.09,7.02,6.64,7.91,7.75,7.42,7.74,7.22,6.94
5.52,,5.08,,,,7.13,7.16,6.63,8.11,7.7,7.52,7.65,7.2,6.93
5.45,,5.24,,,,7.1,7.14,6.62,8.08,7.65,7.47,7.73,7.3,6.99
5.39,,5.25,,,,7.09,7.12,6.61,8.04,7.63,7.41,7.68,7.38,7.22
5.32,,5.2,,,,7.07,7.11,6.6,8.02,7.61,7.38,7.93,7.35,7.19
5.27,,5.16,,,,7.05,7.09,6.59,8.01,7.59,7.35,7.76,7.33,7.16
5.23,,5.13,,,,7.04,7.08,6.77,7.99,7.56,7.32,7.56,7.31,7.14
5.2,,5.09,,,,7.02,7.07,6.86,7.97,7.54,7.29,7.78,7.29,7.13
,,,,,,7.01,7.06,6.82,7.95,7.52,7.26,7.73,7.28,7.11
,,,,,,7,7.05,6.8,7.94,7.59,7.24,7.63,7.27,7.09
,,,,,,7.16,7.26,6.78,8,7.79,7.27,7.81,7.25,7.08
,,,,,,7.28,7.33,6.76,8.21,7.71,7.37,8.05,7.24,7.07
,,,,,,7.24,7.29,6.75,8.17,7.67,,8.06,7.33,7.24
,,,,,,7.22,7.27,6.74,8.13,7.64,,7.91,7.52,7.3
,,,,,,7.2,7.25,6.73,8.1,7.62,,7.78,7.46,7.27
,,,,,,7.18,7.22,6.72,8.07,7.58,,7.84,7.44,7.25
,,,,,,7.17,7.21,6.8,8.03,7.56,,7.8,7.43,7.23
,,,,,,7.16,7.19,6.91,8.01,7.54,,7.7,7.41,7.21
,,,,,,7.14,7.18,6.88,7.98,7.52,,7.69,7.4,7.2
,,,,,,7.13,7.16,6.85,7.96,7.52,,7.92,7.38,7.18
,,,,,,7.22,7.23,6.83,8.09,7.61,,8.07,7.36,7.18
,,,,,,7.37,7.29,6.82,8.12,7.56,,8,7.35,7.16
,,,,,,7.34,7.27,6.81,8.07,7.53,,7.97,7.4,7.26
,,,,,,7.31,7.24,6.79,8.03,7.49,,8.01,7.6,7.34
,,,,,,7.29,7.22,6.78,8,7.44,,7.95,7.57,7.32
,,,,,,7.28,7.2,6.77,7.96,7.41,,7.88,7.55,7.3
,,,,,,7.26,7.19,6.81,7.93,7.38,,7.94,7.53,7.28
,,,,,,7.25,7.18,6.96,7.9,7.35,,8.07,7.51,7.27
,,,,,,7.24,7.16,6.91,7.87,,,7.97,7.49,7.26
,,,,,,7.23,7.15,6.89,7.84,,,8.04,7.47,7.25
,,,,,,7.26,7.22,6.87,7.97,,,8.16,7.46,7.23
,,,,,,7.41,7.36,6.86,8.04,,,8.13,7.45,7.22
,,,,,,7.38,7.31,6.83,7.97,,,8.14,7.56,7.32
,,,,,,7.37,7.28,6.82,7.91,,,8.08,7.6,7.51
,,,,,,7.35,7.26,6.81,7.85,,,8.07,7.57,7.46
,,,,,,7.34,7.24,6.8,7.81,,,8.05,7.55,7.44
,,,,,,7.32,7.22,6.82,7.77,,,8.03,7.54,7.43
,,,,,,7.31,7.2,6.98,7.74,,,8,7.52,7.41
,,,,,,7.3,7.18,6.94,7.7,,,7.98,7.51,7.4
,,,,,,7.29,7.17,6.92,7.67,,,8.04,7.49,7.39
,,,,,,7.48,7.2,6.9,7.74,,,8.21,7.48,7.38
,,,,,,7.53,7.34,6.87,7.86,,,8.12,7.47,7.37
,,,,,,7.5,7.3,6.86,,,,8.07,7.62,7.4
,,,,,,7.47,7.28,6.84,,,,8.03,7.75,7.55
,,,,,,7.45,7.25,6.83,,,,7.99,7.71,7.53
,,,,,,7.43,7.23,6.81,,,,7.94,7.68,7.51
,,,,,,7.42,7.21,6.91,,,,7.91,7.67,7.49
,,,,,,7.4,7.19,6.95,,,,7.89,7.65,7.48
,,,,,,7.39,7.18,6.92,,,,7.86,7.64,7.47
,,,,,,7.37,7.17,6.9,,,,7.89,7.62,7.46
,,,,,,7.48,7.23,6.88,,,,8.09,7.61,7.45
,,,,,,7.56,7.25,6.86,,,,8.05,7.6,7.44
,,,,,,7.53,7.23,6.85,,,,8.02,7.67,7.6
,,,,,,7.51,7.21,6.83,,,,7.99,7.83,7.66
,,,,,,7.48,7.18,6.81,,,,7.96,7.78,7.63
,,,,,,7.46,7.17,6.8,,,,7.94,7.76,7.61
,,,,,,7.45,7.15,6.89,,,,7.92,7.75,7.59
,,,,,,7.43,7.14,7,,,,7.9,7.73,7.58
,,,,,,7.41,7.13,6.96,,,,7.88,7.72,7.57
,,,,,,7.4,7.11,6.92,,,,8.02,7.7,7.56
,,,,,,7.46,7.23,6.91,,,,8.09,7.69,7.55
,,,,,,7.58,7.33,6.89,,,,8.06,7.68,7.54
,,,,,,7.52,7.29,6.88,,,,8.03,7.71,7.66
,,,,,,7.5,7.25,6.86,,,,7.99,7.85,7.77
,,,,,,7.48,7.23,6.84,,,,7.98,7.83,7.74
,,,,,,7.46,7.21,6.83,,,,7.96,7.81,7.71
,,,,,,7.44,7.19,6.87,,,,7.94,7.8,7.7
,,,,,,7.41,7.18,7,,,,7.92,7.79,7.68
,,,,,,7.39,7.16,6.95,,,,7.9,7.77,7.67
,,,,,,7.38,7.15,6.93,,,,8.01,7.76,7.66
,,,,,,7.41,7.19,6.91,,,,8.13,7.75,7.65
,,,,,,7.53,7.3,6.9,,,,8.09,7.74,7.64
,,,,,,7.49,7.25,6.88,,,,8.05,7.93,7.68
,,,,,,7.46,7.23,6.87,,,,8.02,8,7.8
,,,,,,7.44,7.21,6.85,,,,8,7.97,7.76
,,,,,,7.41,7.19,6.84,,,,7.98,7.94,7.75
,,,,,,7.38,7.18,6.96,,,,7.96,7.92,7.74
,,,,,,7.36,7.16,6.97,,,,7.94,7.91,7.73
,,,,,,7.35,7.15,6.94,,,,7.92,7.89,7.72
,,,,,,7.33,7.13,6.93,,,,7.98,7.88,7.7
,,,,,,7.43,7.14,6.91,,,,8.15,7.87,7.69
,,,,,,7.44,7.22,6.89,,,,8.09,7.86,7.68
,,,,,,7.41,7.2,6.88,,,,8.07,7.95,7.72
,,,,,,7.38,7.18,6.87,,,,8.05,8.04,7.92
,,,,,,7.36,7.17,6.85,,,,8.03,8.01,7.89
,,,,,,7.33,7.15,6.84,,,,8.01,7.99,7.88
,,,,,,7.31,7.13,6.95,,,,7.99,7.97,7.86
,,,,,,7.29,7.12,7,,,,7.98,7.96,7.84
,,,,,,7.28,7.11,6.97,,,,7.97,7.95,7.83
,,,,,,7.26,7.1,6.95,,,,7.99,7.94,7.82
,,,,,,7.36,7.24,6.92,,,,8.15,7.92,7.81
,,,,,,7.43,7.28,6.91,,,,8.13,7.91,7.8
,,,,,,7.38,7.25,6.89,,,,8.1,7.98,7.94
,,,,,,7.34,7.22,6.88,,,,8.09,8.13,8
,,,,,,7.32,7.19,6.87,,,,8.06,8.08,7.97
,,,,,,7.3,7.18,6.85,,,,8.05,8.06,7.95
,,,,,,7.28,7.16,6.91,,,,8.04,8.05,7.93
,,,,,,7.27,7.15,6.99,,,,8.02,8.03,7.92
,,,,,,7.25,7.14,6.96,,,,8.01,8.02,7.91
,,,,,,7.23,7.12,6.93,,,,8.16,8.01,7.9
,,,,,,7.28,7.17,6.92,,,,8.24,8,7.89
,,,,,,7.38,7.23,6.9,,,,8.21,7.99,7.87
,,,,,,7.32,7.2,6.89,,,,8.18,8.02,7.94
,,,,,,7.3,7.17,6.87,,,,8.16,8.2,8.02
,,,,,,7.28,7.15,6.86,,,,8.14,8.17,7.99
,,,,,,7.26,7.13,6.85,,,,8.13,8.15,7.97
,,,,,,7.25,7.12,6.88,,,,8.11,8.13,7.96
,,,,,,7.22,7.11,6.97,,,,8.1,8.12,7.95
,,,,,,7.21,7.09,6.94,,,,8.08,8.1,7.94
,,,,,,7.2,7.08,6.93,,,,8.16,8.09,7.93
,,,,,,7.21,7.12,6.91,,,,8.28,8.08,7.92
,,,,,,,7.22,6.89,,,,8.25,8.07,7.91
,,,,,,,7.17,6.87,,,,8.22,8.17,7.98
,,,,,,,7.15,6.86,,,,8.2,8.21,8.15
,,,,,,,7.13,6.85,,,,8.18,8.18,8.1
,,,,,,,7.11,6.84,,,,8.17,8.17,8.08
,,,,,,,7.09,6.95,,,,8.15,8.15,8.07
,,,,,,,7.08,6.96,,,,8.14,8.14,8.05
,,,,,,,7.07,6.94,,,,8.13,8.13,8.03
,,,,,,,7.05,6.92,,,,8.17,8.12,8.02
,,,,,,,7.07,6.9,,,,8.32,8.11,8.01
,,,,,,,7.18,6.88,,,,8.28,8.09,8
,,,,,,,7.15,6.86,,,,8.26,8.21,8.03
,,,,,,,7.12,6.85,,,,8.24,8.33,8.16
,,,,,,,7.1,6.84,,,,8.23,8.3,8.14
,,,,,,,7.08,6.82,,,,8.21,8.27,8.12
,,,,,,,7.06,6.9,,,,8.19,8.25,8.11
,,,,,,,7.05,6.94,,,,8.18,8.24,8.09
,,,,,,,7.03,6.91,,,,8.17,8.23,8.08
,,,,,,,7.02,6.89,,,,8.19,8.21,8.07
,,,,,,,7.07,6.86,,,,8.36,8.2,8.06
,,,,,,,7.09,6.85,,,,8.34,8.19,8.04
,,,,,,,7.06,6.84,,,,8.32,8.24,8.16
,,,,,,,7.04,6.82,,,,8.3,8.38,8.21
,,,,,,,7.02,6.81,,,,8.28,8.34,8.18
,,,,,,,7.01,6.8,,,,8.26,8.32,8.16
,,,,,,,6.99,6.85,,,,8.25,8.31,8.14
,,,,,,,6.98,6.93,,,,8.24,8.29,8.13
,,,,,,,6.97,6.88,,,,8.22,8.28,8.11
,,,,,,,6.95,6.86,,,,8.33,8.26,8.1
,,,,,,,7.02,6.85,,,,8.39,8.25,8.09
,,,,,,,,6.83,,,,8.36,8.24,8.08
,,,,,,,,6.82,,,,8.35,8.26,8.16
,,,,,,,,6.8,,,,8.32,8.37,8.26
,,,,,,,,6.79,,,,8.31,8.35,8.22
,,,,,,,,6.78,,,,8.3,8.34,8.19
,,,,,,,,6.8,,,,8.29,8.32,8.17
,,,,,,,,6.88,,,,8.27,8.3,8.15
,,,,,,,,6.86,,,,8.26,8.29,8.14
,,,,,,,,6.83,,,,8.34,8.28,8.12
,,,,,,,,6.82,,,,8.46,8.27,8.1
,,,,,,,,6.8,,,,8.43,8.26,8.09
,,,,,,,,6.78,,,,8.4,8.41,8.12
,,,,,,,,6.77,,,,8.38,8.47,8.21
,,,,,,,,6.76,,,,8.37,8.44,8.16
,,,,,,,,6.75,,,,8.35,8.41,8.14
,,,,,,,,6.82,,,,8.34,8.39,8.12
,,,,,,,,6.83,,,,8.33,8.38,8.1
,,,,,,,,6.81,,,,8.32,8.36,8.07
,,,,,,,,6.79,,,,8.36,8.35,8.06
,,,,,,,,6.77,,,,8.51,8.34,8.04
,,,,,,,,6.75,,,,8.46,8.32,8.02
,,,,,,,,6.74,,,,8.44,8.39,8.04
,,,,,,,,6.73,,,,8.43,8.47,8.16
,,,,,,,,6.72,,,,8.41,8.44,8.12
,,,,,,,,6.7,,,,8.39,8.41,8.09
,,,,,,,,6.78,,,,8.38,8.39,8.06
,,,,,,,,6.82,,,,8.37,8.38,8.02
,,,,,,,,6.79,,,,8.36,8.36,8
,,,,,,,,6.76,,,,8.48,8.35,7.98
,,,,,,,,6.74,,,,8.51,8.33,7.96
,,,,,,,,6.73,,,,8.48,8.32,7.95
,,,,,,,,6.72,,,,8.46,8.36,8.02
,,,,,,,,6.7,,,,8.45,8.46,8.05
,,,,,,,,6.68,,,,8.43,8.42,8.02
,,,,,,,,6.67,,,,8.42,8.39,7.99
,,,,,,,,6.71,,,,8.4,8.37,7.95
,,,,,,,,,,,,8.39,8.35,7.93
,,,,,,,,,,,,8.38,8.33,7.91
,,,,,,,,,,,,8.49,8.31,7.9
,,,,,,,,,,,,8.56,8.3,7.88
,,,,,,,,,,,,8.53,8.28,7.86
,,,,,,,,,,,,8.51,8.3,7.9
,,,,,,,,,,,,8.49,8.41,7.96
,,,,,,,,,,,,8.47,8.38,7.93
,,,,,,,,,,,,8.46,8.35,7.89
,,,,,,,,,,,,8.45,8.38,7.88
,,,,,,,,,,,,8.43,8.34,7.86
,,,,,,,,,,,,8.42,8.32,7.84
,,,,,,,,,,,,8.47,8.29,7.82
,,,,,,,,,,,,8.58,8.27,7.81
,,,,,,,,,,,,8.53,8.25,7.8
,,,,,,,,,,,,8.51,8.28,7.83
,,,,,,,,,,,,8.49,8.3,7.94
,,,,,,,,,,,,8.48,8.23,7.88
,,,,,,,,,,,,8.46,8.2,7.86
,,,,,,,,,,,,8.44,8.17,7.84
,,,,,,,,,,,,8.43,8.15,7.82
,,,,,,,,,,,,8.42,8.13,7.8
,,,,,,,,,,,,8.44,8.11,
,,,,,,,,,,,,8.54,8.09,
,,,,,,,,,,,,8.51,8.07,
,,,,,,,,,,,,8.49,8.13,
,,,,,,,,,,,,8.47,8.2,
,,,,,,,,,,,,8.45,8.15,
,,,,,,,,,,,,8.43,8.11,
,,,,,,,,,,,,8.41,8.09,
,,,,,,,,,,,,8.4,8.07,
,,,,,,,,,,,,8.39,8.05,
,,,,,,,,,,,,8.5,8.03,
,,,,,,,,,,,,8.51,8.01,
,,,,,,,,,,,,8.48,7.99,
,,,,,,,,,,,,8.45,8.02,
,,,,,,,,,,,,8.42,8.1,
,,,,,,,,,,,,8.39,8.05,
,,,,,,,,,,,,8.37,8.02,
,,,,,,,,,,,,8.35,8,
,,,,,,,,,,,,8.33,7.98,
,,,,,,,,,,,,8.3,7.96,
,,,,,,,,,,,,8.36,7.94,
,,,,,,,,,,,,8.39,7.92,
,,,,,,,,,,,,8.35,7.91,
,,,,,,,,,,,,8.3,7.91,
,,,,,,,,,,,,8.28,7.97,
,,,,,,,,,,,,8.25,7.94,
,,,,,,,,,,,,8.23,7.92,
,,,,,,,,,,,,8.21,7.9,
,,,,,,,,,,,,8.17,7.87,
,,,,,,,,,,,,8.15,7.85,
,,,,,,,,,,,,8.19,7.83,
,,,,,,,,,,,,,7.82,
,,,,,,,,,,,,,7.79,
,,,,,,,,,,,,,7.88,
,,,,,,,,,,,,,7.9,
,,,,,,,,,,,,,7.87,
,,,,,,,,,,,,,7.84,
,,,,,,,,,,,,,7.81,
,,,,,,,,,,,,,7.79,
,,,,,,,,,,,,,7.78,
,,,,,,,,,,,,,7.76,
,,,,,,,,,,,,,7.74,
,,,,,,,,,,,,,7.73,
,,,,,,,,,,,,,7.76,
,,,,,,,,,,,,,7.81,
,,,,,,,,,,,,,7.79,
,,,,,,,,,,,,,7.75,
,,,,,,,,,,,,,7.74,
,,,,,,,,,,,,,7.72,
,,,,,,,,,,,,,7.71,
,,,,,,,,,,,,,7.69,
,,,,,,,,,,,,,7.67,
,,,,,,,,,,,,,7.66,
,,,,,,,,,,,,,7.68,
,,,,,,,,,,,,,7.75,
,,,,,,,,,,,,,7.71,
,,,,,,,,,,,,,7.7,
,,,,,,,,,,,,,7.68,
,,,,,,,,,,,,,7.67,
,,,,,,,,,,,,,7.65,
,,,,,,,,,,,,,7.63,
,,,,,,,,,,,,,7.62,
,,,,,,,,,,,,,7.61,
,,,,,,,,,,,,,7.7,
,,,,,,,,,,,,,7.71,
,,,,,,,,,,,,,7.68,
,,,,,,,,,,,,,7.66,
,,,,,,,,,,,,,7.64,
,,,,,,,,,,,,,7.63,
,,,,,,,,,,,,,7.62,
,,,,,,,,,,,,,7.61,
,,,,,,,,,,,,,7.6,
