,Weight_n4.1,Weight_n4.2,Weight_n4.3,Weight_n6.1,Weight_n6.2,Weight_n6.3,Weight_n8.1,Weight_n8.2,Weight_n8.3,Weight_n10.1,Weight_n10.2,Weight_n10.3,Weight_n12.1,Weight_n12.2,Weight_n12.3,Weight_n4.1.1,Weight_n4.2.1,Weight_n4.3.1,Weight_n6.1.1,Weight_n6.2.1,Weight_n6.3.1,Weight_n8.1.1,Weight_n8.2.1,Weight_n8.3.1,Weight_n10.1.1,Weight_n10.2.1,Weight_n10.3.1,Weight_n12.1.1,Weight_n12.2.1,Weight_12.3
max_val,6.6,6.44,6.06,9.07,8.7,8.61,7.44,7.12,7.1,6.69,6.18,5.9,7.18,6.29,6.11,0.74,0.13,0.11,0.1,0.45,0.24,0.13,0.11,0.23,0.1,0.13,0.14,0.17,0.15,0.18
,,,,,,,,,,,,,,,,0.4,0.12,0.18,0.18,0.29,0.23,0.16,0.17,0.22,0.1,0.2,0.12,0.25,0.15,0.23
,,,,,,,,,,,,,,,,0.53,0.12,0.18,0.17,0.35,0.23,0.16,0.16,0.22,0.1,0.2,0.14,0.23,0.15,0.22
,,exp_origin,,,,,,,,,,,,,,0.18,0.12,0.17,0.17,0.36,0.23,0.15,0.16,0.22,0.14,0.19,0.15,0.22,0.15,0.22
,,,,,,,,,,,,,,,,0.22,0.12,0.17,0.17,0.36,0.23,0.15,0.16,0.22,0.22,0.19,0.15,0.21,0.15,0.22
,,,,,,,,,,,,,,,,0.21,0.12,0.17,0.17,0.36,0.22,0.15,0.15,0.22,0.21,0.19,0.15,0.21,0.15,0.22
,,,,,,,new,origin,,,,,,,,0.2,0.12,0.17,0.16,0.36,0.22,0.15,0.15,0.21,0.2,0.19,0.15,0.21,0.15,0.22
,,n4,6.05,5.93,5.92,average,5.97,6.37,,,,,,,,0.2,0.12,0.17,0.16,0.35,0.22,0.15,0.15,0.21,0.2,0.19,0.15,0.21,0.15,0.22
,,n6,7.36,7.55,7.33,average,7.41,8.79,,,,,,,,0.2,0.12,0.17,0.16,0.36,0.22,0.15,0.15,0.21,0.2,0.19,0.15,0.21,0.15,0.23
,,n8,7.91,7.43,7.28,average,7.54,7.22,,,,,,,,0.2,0.2,0.17,0.16,0.36,0.37,0.14,0.15,0.35,0.2,0.19,0.15,0.2,0.2,0.23
,,n10,6.81,6.31,6.28,average,6.47,6.26,,,,,,,,0.19,0.38,0.26,0.27,0.36,0.46,0.29,0.3,0.45,0.19,0.2,0.15,0.31,0.33,0.33
,,n12,6.71,6.5,6.17,average,6.46,6.53,,,,,,,,0.19,0.36,0.42,0.4,0.35,0.45,0.42,0.47,0.44,0.19,0.21,0.15,0.46,0.32,0.47
,,,,,,,,,,,,,,,,0.19,0.36,0.4,0.39,0.36,0.45,0.41,0.46,0.43,0.19,0.21,0.15,0.45,0.32,0.46
,,,,,,std,0.059066817,0.226470503,,,,,,,,0.25,0.35,0.4,0.38,0.13,0.44,0.4,0.45,0.43,0.22,0.21,0.15,0.44,0.31,0.46
,,,,,,std,0.097410928,0.199053315,,,,,,,,0.47,0.35,0.39,0.38,0.13,0.44,0.4,0.44,0.43,0.3,0.21,0.15,0.43,0.31,0.45
,,,,,,std,0.268700577,0.155777619,,,,,,,,0.46,0.35,0.39,0.37,0.12,0.43,0.39,0.44,0.43,0.29,0.21,0.15,0.43,0.31,0.45
,,,,,,std,0.243082062,0.327040602,,,,,,,,0.46,0.35,0.39,0.37,0.12,0.43,0.39,0.44,0.42,0.28,0.21,0.1,0.43,0.31,0.45
,,,,,,std,0.222261108,0.467784376,,,,,,,,0.45,0.35,0.39,0.37,0.12,0.43,0.39,0.43,0.42,0.28,0.21,0.31,0.43,0.31,0.45
,,,,,,,,,,,,,,,,0.45,0.35,0.39,0.36,0.12,0.43,0.38,0.43,0.42,0.28,0.21,0.17,0.42,0.31,0.45
,,,,,,,,,,,,,,,,0.44,0.39,0.38,0.36,0.12,0.54,0.38,0.43,0.53,0.28,0.21,0.14,0.42,0.35,0.45
,,,,,,,,,,,,,,,,0.44,0.59,0.45,0.44,0.12,0.69,0.49,0.52,0.73,0.28,0.35,0.12,0.49,0.58,0.53
,,,,,,,,,,,,,,,,0.44,0.58,0.67,0.63,0.12,0.67,0.7,0.76,0.71,0.27,0.41,0.14,0.71,0.57,0.73
,,,,,,,,,,,,,,,,0.44,0.57,0.64,0.61,0.2,0.66,0.69,0.74,0.7,0.27,0.4,0.15,0.69,0.56,0.71
,,,,,,,,,,,,,,,,0.62,0.57,0.64,0.6,0.34,0.66,0.67,0.73,0.7,0.3,0.4,0.15,0.68,0.56,0.71
,,,,,,,,,,,,,,,,0.69,0.57,0.63,0.6,0.33,0.65,0.67,0.72,0.7,0.45,0.39,0.15,0.67,0.56,0.71
,,,,,,,,,,,,,,,,0.68,0.56,0.63,0.59,0.32,0.65,0.66,0.72,0.69,0.44,0.39,0.15,0.67,0.55,0.7
,,,,,,,,,,,,,,,,0.67,0.56,0.63,0.59,0.32,0.65,0.66,0.71,0.69,0.44,0.39,0.15,0.66,0.55,0.7
,,,,,,,,,,,,,,,,0.67,0.56,0.62,0.58,0.32,0.65,0.65,0.71,0.69,0.43,0.39,0.15,0.66,0.55,0.7
,,,,,,,,,,,,,,,,0.66,0.56,0.62,0.58,0.31,0.65,0.65,0.71,0.68,0.43,0.39,0.15,0.66,0.55,0.7
,,,,,,,,,,,,,,,,0.65,0.76,0.62,0.58,0.31,0.71,0.65,0.71,0.75,0.43,0.39,0.15,0.66,0.71,0.7
,,,,,,,,,,,,,,,,0.65,0.86,0.85,0.62,0.31,0.9,0.71,0.75,0.99,0.42,0.52,0.15,0.69,0.82,0.73
,,,,,,,,,,,,,,,,0.65,0.85,0.92,0.86,0.31,0.88,0.96,1.03,0.98,0.42,0.66,0.15,0.93,0.81,0.96
,,,,,,,,,,,,,,,,0.65,0.84,0.91,0.84,0.36,0.87,0.95,1.02,0.97,0.42,0.64,0.15,0.92,0.8,0.95
,,,,,,,,,,,,,,,,0.82,0.83,0.9,0.84,0.55,0.87,0.94,1.01,0.97,0.57,0.64,0.15,0.91,0.79,0.95
,,,,,,,,,,,,,,,,0.96,0.83,0.89,0.83,0.54,0.86,0.94,1,0.96,0.68,0.63,0.15,0.9,0.79,0.94
,,,,,,,,,,,,,,,,0.95,0.82,0.89,0.82,0.53,0.86,0.93,1,0.96,0.67,0.63,0.11,0.9,0.79,0.94
,,,,,,,,,,,,,,,,0.94,0.82,0.89,0.82,0.53,0.86,0.92,0.99,0.95,0.66,0.63,0.15,0.89,0.79,0.94
,,,,,,,,,,,,,,,,0.93,0.82,0.88,0.81,0.53,0.86,0.92,0.99,0.95,0.65,0.62,0.14,0.89,0.79,0.94
,,,,,,,,,,,,,,,,0.92,0.81,0.88,0.81,0.52,0.85,0.92,0.98,0.95,0.65,0.62,0.14,0.89,0.78,0.93
,,,,,,,,,,,,,,,,0.92,0.96,0.88,0.81,0.52,0.89,0.91,0.98,1.19,0.64,0.62,0.14,0.89,0.9,0.93
,,,,,,,,,,,,,,,,0.91,1.13,1.03,1,0.52,1.16,1.15,1.19,1.29,0.64,0.71,0.14,1.06,1.06,1.1
,,,,,,,,,,,,,,,,0.91,1.11,1.17,1.13,0.52,1.14,1.25,1.33,1.28,0.64,0.91,0.13,1.19,1.05,1.22
,,,,,,,,,,,,,,,,0.9,1.1,1.15,1.11,0.69,1.13,1.23,1.31,1.27,0.63,0.89,0.13,1.18,1.04,1.2
,,,,,,,,,,,,,,,,1.02,1.09,1.14,1.1,0.77,1.13,1.23,1.31,1.26,0.74,0.89,0.13,1.17,1.03,1.2
,,,,,,,,,,,,,,,,1.23,1.09,1.13,1.09,0.76,1.12,1.22,1.29,1.26,0.92,0.88,0.13,1.16,1.03,1.19
,,,,,,,,,,,,,,,,1.21,1.08,1.13,1.09,0.75,1.12,1.21,1.29,1.25,0.91,0.88,0.14,1.15,1.03,1.19
,,,,,,,,,,,,,,,,1.19,1.08,1.12,1.08,0.74,1.11,1.21,1.28,1.25,0.89,0.87,0.13,1.15,1.02,1.18
,,,,,,,,,,,,,,,,1.19,1.07,1.12,1.08,0.74,1.11,1.2,1.28,1.24,0.89,0.87,0.13,1.14,1.02,1.18
,,,,,,,,,,,,,,,,1.18,1.07,1.12,1.07,0.74,1.11,1.2,1.28,1.24,0.88,0.87,0.13,1.14,1.02,1.18
,,,,,,,,,,,,,,,,1.18,1.16,1.11,1.07,0.73,1.3,1.19,1.27,1.4,0.88,0.87,0.13,1.13,1.09,1.18
,,,,,,,,,,,,,,,,1.17,1.36,1.23,1.22,0.73,1.45,1.35,1.4,1.58,0.87,0.91,0.13,1.24,1.32,1.29
,,,,,,,,,,,,,,,,1.16,1.34,1.44,1.43,0.73,1.43,1.52,1.61,1.56,0.87,1.14,0.13,1.43,1.3,1.47
,,,,,,,,,,,,,,,,1.16,1.33,1.42,1.41,0.87,1.42,1.51,1.6,1.55,0.87,1.13,0.13,1.41,1.29,1.46
,,,,,,,,,,,,,,,,1.22,1.33,1.41,1.4,1,1.41,1.49,1.58,1.54,0.92,1.12,0.13,1.4,1.29,1.44
,,,,,,,,,,,,,,,,1.46,1.32,1.4,1.39,0.98,1.41,1.49,1.57,1.54,1.15,1.11,0.13,1.39,1.28,1.44
,,,,,,,,,,,,,,,,1.44,1.31,1.4,1.38,0.97,1.4,1.48,1.57,1.53,1.13,1.11,0.18,1.38,1.28,1.44
,,,,,,,,,,,,,,,,1.43,1.31,1.39,1.37,0.96,1.4,1.47,1.56,1.53,1.12,1.1,0.31,1.38,1.28,1.43
,,,,,,,,,,,,,,,,1.42,1.31,1.38,1.37,0.96,1.39,1.47,1.56,1.52,1.11,1.1,0.3,1.37,1.27,1.43
,,,,,,,,,,,,,,,,1.41,1.3,1.38,1.36,0.96,1.39,1.46,1.56,1.52,1.11,1.1,0.3,1.37,1.27,1.43
,,,,,,,,,,,,,,,,1.41,1.36,1.38,1.36,0.95,1.51,1.46,1.55,1.62,1.1,1.1,0.29,1.36,1.3,1.43
,,,,,,,,,,,,,,,,1.4,1.63,1.44,1.44,0.95,1.73,1.56,1.63,1.86,1.1,1.3,0.29,1.43,1.54,1.49
,,,,,,,,,,,,,,,,1.4,1.61,1.67,1.7,0.95,1.71,1.79,1.91,1.84,1.09,1.41,0.29,1.66,1.53,1.72
,,,,,,,,,,,,,,,,1.39,1.6,1.66,1.67,1.05,1.69,1.76,1.89,1.83,1.09,1.39,0.29,1.64,1.52,1.69
,,,,,,,,,,,,,,,,1.63,1.59,1.65,1.66,1.26,1.68,1.75,1.88,1.82,1.31,1.38,0.29,1.63,1.52,1.69
,,,,,,,,,,,,,,,,1.72,1.58,1.64,1.65,1.24,1.68,1.74,1.87,1.82,1.4,1.37,0.29,1.62,1.51,1.68
,,,,,,,,,,,,,,,,1.7,1.58,1.63,1.64,1.23,1.67,1.74,1.86,1.81,1.38,1.37,0.33,1.62,1.51,1.68
,,,,,,,,,,,,,,,,1.69,1.58,1.63,1.63,1.23,1.67,1.73,1.86,1.81,1.37,1.36,0.53,1.61,1.51,1.67
,,,,,,,,,,,,,,,,1.68,1.57,1.62,1.63,1.22,1.66,1.72,1.85,1.8,1.37,1.36,0.52,1.61,1.5,1.67
,,,,,,,,,,,,,,,,1.67,1.57,1.62,1.62,1.22,1.66,1.72,1.85,1.8,1.36,1.36,0.52,1.6,1.5,1.67
,,,,,,,,,,,,,,,,1.67,1.76,1.61,1.62,1.21,1.74,1.72,1.84,1.86,1.36,1.35,0.51,1.6,1.65,1.67
,,,,,,,,,,,,,,,,1.66,1.87,1.81,1.66,1.21,2.03,1.78,2.1,2.15,1.35,1.49,0.51,1.82,1.78,1.88
,,,,,,,,,,,,,,,,1.66,1.85,1.9,1.96,1.21,2,2.08,2.2,2.13,1.35,1.67,0.51,1.91,1.77,1.97
,,,,,,,,,,,,,,,,1.65,1.84,1.88,1.94,1.26,1.99,2.06,2.19,2.12,1.34,1.65,0.5,1.89,1.76,1.95
,,,,,,,,,,,,,,,,1.82,1.83,1.87,1.93,1.53,1.98,2.05,2.18,2.11,1.5,1.64,0.5,1.88,1.75,1.94
,,,,,,,,,,,,,,,,1.96,1.82,1.87,1.92,1.52,1.98,2.04,2.17,2.11,1.65,1.63,0.5,1.87,1.74,1.94
,,,,,,,,,,,,,,,,1.94,1.82,1.86,1.91,1.51,1.97,2.04,2.16,2.1,1.63,1.63,0.67,1.86,1.74,1.93
,,,,,,,,,,,,,,,,1.93,1.81,1.85,1.9,1.5,1.96,2.03,2.15,2.1,1.62,1.62,0.78,1.86,1.74,1.93
,,,,,,,,,,,,,,,,1.92,1.81,1.85,1.9,1.5,1.96,2.02,2.15,2.09,1.61,1.62,0.76,1.85,1.73,1.93
,,,,,,,,,,,,,,,,1.91,1.8,1.84,1.89,1.49,1.96,2.02,2.14,2.09,1.6,1.61,0.76,1.85,1.73,1.92
,,,,,,,,,,,,,,,,1.91,1.93,1.84,1.89,1.49,2.19,2.01,2.14,2.28,1.6,1.61,0.75,1.84,1.83,1.92
,,,,,,,,,,,,,,,,1.9,2.09,2,2.09,1.48,2.29,2.22,2.32,2.39,1.59,1.69,0.75,2,2.01,2.06
,,,,,,,,,,,,,,,,1.89,2.07,2.15,2.24,1.48,2.27,2.35,2.49,2.38,1.59,1.93,0.74,2.14,2,2.19
,,,,,,,,,,,,,,,,1.89,2.06,2.12,2.22,1.72,2.26,2.33,2.47,2.37,1.58,1.9,0.74,2.12,1.99,2.18
,,,,,,,,,,,,,,,,2,2.05,2.11,2.2,1.84,2.26,2.32,2.46,2.36,1.68,1.9,0.74,2.11,1.98,2.17
,,,,,,,,,,,,,,,,2.19,2.04,2.1,2.19,1.82,2.25,2.31,2.45,2.35,1.9,1.89,0.74,2.1,1.97,2.16
,,,,,,,,,,,,,,,,2.17,2.04,2.09,2.18,1.81,2.24,2.3,2.44,2.35,1.87,1.88,0.86,2.1,1.97,2.16
,,,,,,,,,,,,,,,,2.16,2.03,2.09,2.18,1.8,2.24,2.3,2.44,2.34,1.86,1.88,1.02,2.09,1.97,2.16
,,,,,,,,,,,,,,,,2.15,2.03,2.08,2.17,1.79,2.23,2.29,2.43,2.34,1.85,1.87,1.01,2.09,1.96,2.15
,,,,,,,,,,,,,,,,2.14,2.02,2.08,2.16,1.79,2.23,2.29,2.42,2.33,1.85,1.87,0.99,2.08,1.96,2.15
,,,,,,,,,,,,,,,,2.13,2.11,2.07,2.16,1.78,2.4,2.28,2.42,2.48,1.84,1.87,0.99,2.07,2.01,2.15
,,,,,,,,,,,,,,,,2.12,2.34,2.16,2.28,1.78,2.58,2.43,2.55,2.67,1.84,1.91,0.98,2.18,2.21,2.24
,,,,,,,,,,,,,,,,2.12,2.31,2.35,2.5,1.77,2.56,2.63,2.81,2.65,1.83,2.18,0.98,2.39,2.19,2.42
,,,,,,,,,,,,,,,,2.12,2.3,2.33,2.48,1.93,2.55,2.61,2.78,2.64,1.83,2.17,0.98,2.37,2.19,2.4
,,,,,,,,,,,,,,,,2.19,2.29,2.32,2.46,2.12,2.53,2.6,2.77,2.63,1.88,2.16,0.97,2.36,2.18,2.39
,,,,,,,,,,,,,,,,2.45,2.28,2.31,2.45,2.1,2.53,2.59,2.76,2.62,2.15,2.15,0.97,2.35,2.18,2.39
,,,,,,,,,,,,,,,,2.42,2.28,2.3,2.45,2.08,2.52,2.58,2.75,2.62,2.13,2.14,1.05,2.34,2.17,2.38
,,,,,,,,,,,,,,,,2.41,2.27,2.29,2.44,2.07,2.52,2.57,2.75,2.61,2.12,2.14,1.28,2.33,2.17,2.38
,,,,,,,,,,,,,,,,2.4,2.27,2.29,2.43,2.07,2.51,2.57,2.74,2.61,2.11,2.13,1.26,2.33,2.16,2.38
,,,,,,,,,,,,,,,,2.39,2.26,2.28,2.42,2.06,2.5,2.56,2.73,2.6,2.1,2.13,1.25,2.32,2.16,2.37
,,,,,,,,,,,,,,,,2.38,2.3,2.28,2.42,2.06,2.61,2.56,2.73,2.69,2.1,2.12,1.24,2.32,2.39,2.37
,,,,,,,,,,,,,,,,2.38,2.54,2.33,2.49,2.05,2.84,2.65,2.79,2.94,2.09,2.3,1.24,2.37,2.49,2.43
,,,,,,,,,,,,,,,,2.37,2.52,2.56,2.78,2.05,2.81,2.91,3.09,2.92,2.09,2.43,1.23,2.62,2.47,2.69
,,,,,,,,,,,,,,,,2.37,2.51,2.54,2.75,2.14,2.8,2.88,3.07,2.9,2.08,2.41,1.23,2.6,2.46,2.68
,,,,,,,,,,,,,,,,2.58,2.5,2.53,2.74,2.39,2.8,2.87,3.06,2.9,2.27,2.4,1.23,2.59,2.45,2.67
,,,,,,,,,,,,,,,,2.65,2.49,2.52,2.73,2.36,2.79,2.86,3.05,2.89,2.38,2.39,1.23,2.58,2.45,2.66
,,,,,,,,,,,,,,,,2.64,2.48,2.51,2.72,2.36,2.78,2.85,3.05,2.88,2.36,2.38,1.26,2.58,2.44,2.66
,,,,,,,,,,,,,,,,2.63,2.48,2.5,2.71,2.35,2.78,2.84,3.04,2.88,2.35,2.38,1.53,2.57,2.44,2.65
,,,,,,,,,,,,,,,,2.62,2.47,2.5,2.7,2.34,2.77,2.84,3.03,2.87,2.34,2.38,1.52,2.56,2.43,2.64
,,,,,,,,,,,,,,,,2.6,2.47,2.5,2.7,2.33,2.77,2.83,3.03,2.87,2.33,2.37,1.51,2.56,2.43,2.64
,,,,,,,,,,,,,,,,2.6,2.65,2.49,2.69,2.33,2.82,2.83,3.02,2.9,2.33,2.37,1.5,2.55,2.56,2.64
,,,,,,,,,,,,,,,,2.59,2.76,2.68,2.92,2.32,3.07,2.87,3.24,3.13,2.32,2.49,1.5,2.72,2.7,2.8
,,,,,,,,,,,,,,,,2.59,2.74,2.77,3.02,2.32,3.06,3.17,3.35,3.11,2.32,2.67,1.49,2.8,2.69,2.88
,,,,,,,,,,,,,,,,2.58,2.73,2.75,3,2.37,3.05,3.15,3.33,3.1,2.31,2.66,1.49,2.79,2.68,2.87
,,,,,,,,,,,,,,,,2.75,2.72,2.74,2.98,2.68,3.04,3.14,3.32,3.1,2.44,2.64,1.49,2.78,2.67,2.86
,,,,,,,,,,,,,,,,2.9,2.71,2.73,2.98,2.66,3.03,3.13,3.31,3.09,2.6,2.63,1.48,2.77,2.67,2.86
,,,,,,,,,,,,,,,,2.88,2.7,2.72,2.96,2.65,3.02,3.12,3.3,3.08,2.59,2.63,1.67,2.76,2.66,2.85
,,,,,,,,,,,,,,,,2.87,2.7,2.72,2.96,2.64,3.02,3.11,3.3,3.08,2.57,2.62,1.81,2.76,2.66,2.85
,,,,,,,,,,,,,,,,2.85,2.69,2.71,2.95,2.63,3.01,3.11,3.29,3.07,2.56,2.62,1.79,2.75,2.65,2.84
,,,,,,,,,,,,,,,,2.84,2.69,2.7,2.95,2.62,3.01,3.1,3.29,3.07,2.56,2.61,1.78,2.75,2.65,2.84
,,,,,,,,,,,,,,,,2.84,2.81,2.7,2.94,2.62,3.24,3.1,3.28,3.28,2.55,2.61,1.77,2.74,2.73,2.83
,,,,,,,,,,,,,,,,2.83,2.98,2.81,3.1,2.61,3.35,3.31,3.45,3.45,2.55,2.68,1.76,2.9,2.91,2.98
,,,,,,,,,,,,,,,,2.82,2.95,2.94,3.25,2.61,3.33,3.47,3.65,3.42,2.54,2.95,1.76,3.09,2.89,3.16
,,,,,,,,,,,,,,,,2.81,2.94,2.92,3.23,2.81,3.32,3.45,3.63,3.41,2.53,2.92,1.76,3.07,2.88,3.14
,,,,,,,,,,,,,,,,2.93,2.93,2.91,3.22,2.94,3.31,3.44,3.61,3.4,2.62,2.91,1.75,3.05,2.88,3.12
,,,,,,,,,,,,,,,,3.14,2.92,2.9,3.2,2.92,3.3,3.42,3.6,3.39,2.85,2.9,1.75,3.04,2.87,3.12
,,,,,,,,,,,,,,,,3.11,2.91,2.89,3.19,2.91,3.29,3.41,3.59,3.39,2.82,2.89,1.87,3.03,2.87,3.11
,,,,,,,,,,,,,,,,3.09,2.9,2.89,3.19,2.9,3.28,3.41,3.58,3.38,2.81,2.89,2.06,3.03,2.86,3.11
,,,,,,,,,,,,,,,,3.08,2.9,2.88,3.18,2.89,3.28,3.4,3.58,3.37,2.8,2.88,2.04,3.02,2.86,3.1
,,,,,,,,,,,,,,,,3.07,2.89,2.87,3.17,2.89,3.27,3.4,3.57,3.37,2.8,2.88,2.03,3.03,2.85,3.1
,,,,,,,,,,,,,,,,3.06,2.95,2.87,3.17,2.88,3.43,3.39,3.57,3.47,2.79,2.87,2.02,3.02,2.91,3.09
,,,,,,,,,,,,,,,,3.05,3.16,2.95,3.28,2.88,3.6,3.52,3.66,3.63,2.78,3.1,2.02,3.11,3.18,3.18
,,,,,,,,,,,,,,,,3.05,3.12,3.18,3.52,2.87,3.57,3.75,3.91,3.62,2.78,3.18,2.01,3.33,3.17,3.4
,,,,,,,,,,,,,,,,3.04,3.11,3.14,3.49,3.01,3.56,3.73,3.88,3.6,2.77,3.16,2.01,3.28,3.16,3.37
,,,,,,,,,,,,,,,,3.1,3.1,3.13,3.47,3.21,3.55,3.71,3.87,3.59,2.81,3.15,2,3.26,3.15,3.37
,,,,,,,,,,,,,,,,3.32,3.1,3.12,3.46,3.19,3.54,3.7,3.86,3.59,3.08,3.14,2,3.26,3.14,3.36
,,,,,,,,,,,,,,,,3.29,3.09,3.11,3.46,3.18,3.54,3.69,3.85,3.58,3.06,3.14,2.06,3.24,3.14,3.35
,,,,,,,,,,,,,,,,3.27,3.08,3.1,3.45,3.17,3.53,3.68,3.84,3.57,3.05,3.13,2.29,3.25,3.13,3.35
,,,,,,,,,,,,,,,,3.26,3.08,3.09,3.44,3.16,3.52,3.67,3.84,3.57,3.04,3.12,2.27,3.25,3.13,3.34
,,,,,,,,,,,,,,,,3.26,3.07,3.09,3.43,3.16,3.52,3.67,3.83,3.57,3.03,3.12,2.26,3.26,3.12,3.34
,,,,,,,,,,,,,,,,3.25,3.11,3.08,3.43,3.15,3.61,3.66,3.83,3.63,3.03,3.11,2.25,3.26,3.26,3.33
,,,,,,,,,,,,,,,,3.24,3.37,3.12,3.48,3.14,3.82,3.74,3.88,3.88,3.02,3.31,2.25,3.31,3.34,3.36
,,,,,,,,,,,,,,,,3.23,3.35,3.33,3.73,3.14,3.8,4.01,4.18,3.85,3.02,3.47,2.24,3.48,3.32,3.54
,,,,,,,,,,,,,,,,3.23,3.34,3.32,3.71,3.21,3.79,3.98,4.16,3.84,3.01,3.45,2.24,3.46,3.32,3.53
,,,,,,,,,,,,,,,,3.47,3.33,3.3,3.7,3.47,3.78,3.97,4.15,3.84,3.23,3.44,2.23,3.46,3.31,3.52
,,,,,,,,,,,,,,,,3.56,3.32,3.29,3.69,3.44,3.77,3.96,4.14,3.83,3.37,3.42,2.23,3.45,3.3,3.51
,,,,,,,,,,,,,,,,3.53,3.31,3.28,3.68,3.43,3.76,3.95,4.13,3.82,3.35,3.42,2.45,3.45,3.3,3.51
,,,,,,,,,,,,,,,,3.52,3.3,3.28,3.67,3.42,3.75,3.94,4.12,3.81,3.34,3.41,2.54,3.44,3.29,3.5
,,,,,,,,,,,,,,,,3.51,3.29,3.27,3.67,3.41,3.75,3.94,4.11,3.81,3.32,3.41,2.52,3.44,3.29,3.5
,,,,,,,,,,,,,,,,3.5,3.29,3.26,3.66,3.4,3.74,3.93,4.11,3.8,3.32,3.4,2.51,3.42,3.28,3.5
,,,,,,,,,,,,,,,,3.49,3.44,3.26,3.66,3.4,3.79,3.93,4.1,4.07,3.31,3.39,2.51,3.41,3.43,3.49
,,,,,,,,,,,,,,,,3.48,3.55,3.4,3.89,3.39,4.08,4.19,4.33,4.18,3.3,3.5,2.5,3.61,3.62,3.71
,,,,,,,,,,,,,,,,3.47,3.53,3.5,4,3.39,4.06,4.3,4.46,4.16,3.3,3.71,2.49,3.74,3.6,3.86
,,,,,,,,,,,,,,,,3.46,3.51,3.48,3.98,3.42,4.05,4.28,4.44,4.15,3.29,3.68,2.49,3.73,3.58,3.84
,,,,,,,,,,,,,,,,3.61,3.5,3.46,3.97,3.68,4.04,4.26,4.43,4.14,3.43,3.67,2.48,3.74,3.58,3.83
,,,,,,,,,,,,,,,,3.74,3.49,3.45,3.95,3.67,4.03,4.25,4.42,4.13,3.63,3.66,2.48,3.75,3.57,3.81
,,,,,,,,,,,,,,,,3.72,3.48,3.44,3.95,3.66,4.02,4.24,4.41,4.12,3.61,3.65,2.64,3.72,3.56,3.81
,,,,,,,,,,,,,,,,3.7,3.48,3.43,3.94,3.65,4.01,4.23,4.4,4.11,3.59,3.65,2.79,3.7,3.56,3.8
,,,,,,,,,,,,,,,,3.69,3.47,3.43,3.93,3.64,4.01,4.23,4.39,4.11,3.58,3.64,2.78,3.7,3.55,3.8
,,,,,,,,,,,,,,,,3.68,3.46,3.42,3.93,3.63,4,4.22,4.39,4.1,3.57,3.63,2.76,3.68,3.55,3.79
,,,,,,,,,,,,,,,,3.67,3.56,3.41,3.92,3.62,4.18,4.21,4.38,4.21,3.56,3.63,2.75,3.67,3.62,3.78
,,,,,,,,,,,,,,,,3.66,3.71,3.54,4.08,3.62,4.29,4.38,4.52,4.31,3.56,3.69,2.75,3.75,3.85,3.87
,,,,,,,,,,,,,,,,3.65,3.69,3.7,4.27,3.61,4.27,4.54,4.71,4.3,3.55,3.97,2.74,3.89,3.82,4
,,,,,,,,,,,,,,,,3.65,3.67,3.68,4.24,3.81,4.25,4.52,4.69,4.29,3.54,3.95,2.74,3.89,3.82,3.99
,,,,,,,,,,,,,,,,3.74,3.66,3.66,4.22,3.96,4.24,4.51,4.67,4.28,3.62,3.94,2.73,3.89,3.81,3.98
,,,,,,,,,,,,,,,,3.91,3.65,3.65,4.21,3.93,4.23,4.49,4.66,4.27,3.86,3.93,2.73,3.88,3.8,3.97
,,,,,,,,,,,,,,,,3.89,3.64,3.64,4.2,3.92,4.23,4.48,4.65,4.27,3.83,3.92,2.83,3.88,3.79,3.97
,,,,,,,,,,,,,,,,3.87,3.63,3.63,4.2,3.91,4.22,4.48,4.65,4.26,3.82,3.91,3.05,3.87,3.79,3.96
,,,,,,,,,,,,,,,,3.86,3.63,3.62,4.19,3.9,4.22,4.47,4.64,4.25,3.81,3.91,3.02,3.87,3.78,3.95
,,,,,,,,,,,,,,,,3.85,3.62,3.61,4.18,3.89,4.21,4.46,4.63,4.25,3.81,3.9,3.01,3.86,3.78,3.95
,,,,,,,,,,,,,,,,3.84,3.68,3.61,4.18,3.89,4.36,4.46,4.63,4.39,3.8,3.9,3,3.86,3.81,3.95
,,,,,,,,,,,,,,,,3.83,3.92,3.65,4.25,3.88,4.55,4.58,4.72,4.68,3.79,4.12,3,3.92,4,4.01
,,,,,,,,,,,,,,,,3.82,3.88,3.81,4.47,3.87,4.53,4.82,5.01,4.64,3.78,4.22,2.99,4.17,3.99,4.23
,,,,,,,,,,,,,,,,3.81,3.87,3.78,4.44,3.99,4.51,4.79,4.97,4.63,3.78,4.2,2.98,4.13,3.98,4.2
,,,,,,,,,,,,,,,,3.88,3.85,3.77,4.43,4.19,4.5,4.78,4.96,4.62,3.82,4.19,2.98,4.12,3.98,4.19
,,,,,,,,,,,,,,,,4.13,3.84,3.76,4.42,4.17,4.49,4.77,4.95,4.61,4.12,4.18,2.98,4.11,3.97,4.19
,,,,,,,,,,,,,,,,4.1,3.83,3.76,4.41,4.15,4.48,4.76,4.94,4.61,4.11,4.17,3.04,4.1,3.96,4.18
,,,,,,,,,,,,,,,,4.09,3.82,3.75,4.4,4.14,4.48,4.75,4.93,4.59,4.09,4.16,3.33,4.09,3.96,4.17
,,,,,,,,,,,,,,,,4.08,3.82,3.74,4.39,4.13,4.47,4.74,4.92,4.59,4.08,4.15,3.32,4.09,3.95,4.17
,,,,,,,,,,,,,,,,4.06,3.81,3.73,4.38,4.12,4.46,4.73,4.92,4.58,4.07,4.15,3.31,4.08,3.95,4.16
,,,,,,,,,,,,,,,,4.05,3.96,3.73,4.38,4.11,4.55,4.73,4.91,4.63,4.06,4.14,3.3,4.07,4.15,4.16
,,,,,,,,,,,,,,,,4.04,4.01,3.76,4.43,4.11,4.81,4.79,4.95,4.89,4.06,4.28,3.29,4.11,4.3,4.2
,,,,,,,,,,,,,,,,4.03,3.99,4,4.75,4.1,4.77,5.09,5.26,4.87,4.05,4.43,3.28,4.37,4.28,4.49
,,,,,,,,,,,,,,,,4.02,3.98,3.98,4.73,4.17,4.76,5.07,5.24,4.86,4.04,4.41,3.27,4.37,4.27,4.48
,,,,,,,,,,,,,,,,4.18,3.97,3.96,4.71,4.44,4.75,5.06,5.22,4.85,4.21,4.39,3.27,4.36,4.26,4.47
,,,,,,,,,,,,,,,,4.24,3.95,3.95,4.7,4.43,4.74,5.05,5.21,4.84,4.35,4.39,3.26,4.34,4.25,4.46
,,,,,,,,,,,,,,,,4.22,3.95,3.94,4.69,4.41,4.73,5.04,5.2,4.83,4.33,4.38,3.47,4.33,4.25,4.44
,,,,,,,,,,,,,,,,4.21,3.94,3.93,4.68,4.4,4.72,5.02,5.19,4.82,4.32,4.37,3.57,4.31,4.24,4.44
,,,,,,,,,,,,,,,,4.2,3.93,3.92,4.67,4.39,4.71,5.02,5.19,4.82,4.3,4.37,3.55,4.31,4.23,4.43
,,,,,,,,,,,,,,,,4.18,3.93,3.91,4.66,4.38,4.71,5.01,5.18,4.81,4.29,4.36,3.54,4.31,4.23,4.43
,,,,,,,,,,,,,,,,4.17,4.08,3.9,4.66,4.38,4.74,5,5.17,4.97,4.29,4.35,3.53,4.3,4.32,4.42
,,,,,,,,,,,,,,,,4.16,4.21,4.05,4.86,4.37,4.96,5.2,5.35,5.05,4.28,4.47,3.52,4.42,4.46,4.52
,,,,,,,,,,,,,,,,4.16,4.18,4.15,4.99,4.36,4.95,5.3,5.49,5.03,4.27,4.72,3.52,4.53,4.45,4.59
,,,,,,,,,,,,,,,,4.15,4.16,4.13,4.96,4.6,4.93,5.28,5.47,5.02,4.27,4.69,3.51,4.52,4.43,4.58
,,,,,,,,,,,,,,,,4.31,4.15,4.11,4.95,4.7,4.92,5.27,5.46,5.01,4.39,4.68,3.5,4.51,4.43,4.57
,,,,,,,,,,,,,,,,4.44,4.14,4.1,4.93,4.68,4.91,5.26,5.44,5,4.61,4.67,3.5,4.51,4.42,4.56
,,,,,,,,,,,,,,,,4.42,4.13,4.09,4.92,4.67,4.9,5.25,5.43,5,4.59,4.66,3.66,4.5,4.42,4.55
,,,,,,,,,,,,,,,,4.4,4.12,4.08,4.91,4.65,4.9,5.24,5.43,4.99,4.57,4.65,3.85,4.49,4.41,4.55
,,,,,,,,,,,,,,,,4.38,4.11,4.07,4.91,4.64,4.89,5.23,5.42,4.99,4.56,4.64,3.83,4.49,4.4,4.55
,,,,,,,,,,,,,,,,4.37,4.1,4.06,4.9,4.63,4.89,5.23,5.41,4.98,4.55,4.64,3.81,4.48,4.4,4.54
,,,,,,,,,,,,,,,,4.36,4.19,4.06,4.89,4.63,5.11,5.22,5.41,5.19,4.55,4.63,3.8,4.47,4.46,4.54
,,,,,,,,,,,,,,,,4.35,4.36,4.12,5.01,4.62,5.26,5.4,5.54,5.45,4.54,4.68,3.8,4.58,4.69,4.67
,,,,,,,,,,,,,,,,4.34,4.33,4.24,5.18,4.61,5.23,5.6,5.77,5.42,4.53,4.94,3.79,4.79,4.66,4.9
,,,,,,,,,,,,,,,,4.33,4.31,4.22,5.16,4.76,5.22,5.58,5.75,5.4,4.52,4.93,3.78,4.77,4.65,4.88
,,,,,,,,,,,,,,,,4.42,4.3,4.2,5.14,4.9,5.2,5.56,5.72,5.39,4.59,4.91,3.78,4.75,4.65,4.86
,,,,,,,,,,,,,,,,4.6,4.29,4.19,5.13,4.88,5.19,5.55,5.71,5.38,4.85,4.9,3.77,4.74,4.64,4.85
,,,,,,,,,,,,,,,,4.57,4.28,4.18,5.12,4.87,5.18,5.54,5.71,5.37,4.83,4.89,3.87,4.74,4.63,4.84
,,,,,,,,,,,,,,,,4.54,4.26,4.17,5.11,4.85,5.17,5.53,5.7,5.36,4.82,4.88,4.12,4.73,4.62,4.84
,,,,,,,,,,,,,,,,4.53,4.26,4.16,5.1,4.84,5.16,5.52,5.69,5.35,4.81,4.88,4.09,4.72,4.62,4.83
,,,,,,,,,,,,,,,,4.52,4.25,4.15,5.09,4.84,5.15,5.51,5.68,5.34,4.8,4.87,4.08,4.71,4.61,4.82
,,,,,,,,,,,,,,,,4.51,4.28,4.15,5.09,4.83,5.27,5.5,5.67,5.41,4.79,4.86,4.07,4.71,4.84,4.82
,,,,,,,,,,,,,,,,4.5,4.42,4.21,5.17,4.82,5.45,5.6,5.73,5.59,4.78,5.05,4.07,4.76,4.93,4.86
,,,,,,,,,,,,,,,,4.49,4.4,4.43,5.45,4.81,5.43,5.86,5.97,5.56,4.77,5.15,4.06,4.97,4.92,5.06
,,,,,,,,,,,,,,,,4.48,4.39,4.41,5.41,4.93,5.41,5.83,5.95,5.55,4.77,5.13,4.05,4.95,4.9,5.03
,,,,,,,,,,,,,,,,4.52,4.38,4.39,5.4,5.17,5.39,5.81,5.94,5.54,4.94,5.12,4.04,4.94,4.89,5.02
,,,,,,,,,,,,,,,,4.67,4.37,4.38,5.38,5.13,5.38,5.8,5.93,5.53,5.02,5.1,4.04,4.93,4.88,5.01
,,,,,,,,,,,,,,,,4.65,4.36,4.37,5.37,5.12,5.38,5.79,5.92,5.52,5.01,5.09,4.08,4.92,4.88,5.01
,,,,,,,,,,,,,,,,4.63,4.35,4.35,5.35,5.1,5.37,5.78,5.91,5.52,5,5.09,4.33,4.91,4.87,5
,,,,,,,,,,,,,,,,4.62,4.35,4.35,5.35,5.1,5.36,5.77,5.9,5.51,4.98,5.08,4.31,4.9,4.86,4.99
,,,,,,,,,,,,,,,,4.61,4.34,4.34,5.34,5.09,5.35,5.77,5.89,5.51,4.97,5.07,4.3,4.9,4.86,4.98
,,,,,,,,,,,,,,,,4.6,4.54,4.33,5.33,5.08,5.41,5.76,5.89,5.55,4.97,5.07,4.29,4.9,4.95,4.98
,,,,,,,,,,,,,,,,4.59,4.62,4.48,5.36,5.07,5.65,5.8,6.15,5.86,4.96,5.22,4.28,5.06,5.03,5.13
,,,,,,,,,,,,,,,,4.58,4.59,4.53,5.6,5.06,5.61,6.08,6.26,5.84,4.95,5.41,4.28,5.14,5.02,5.18
,,,,,,,,,,,,,,,,4.57,4.57,4.51,5.58,5.11,5.6,6.06,6.23,5.83,4.95,5.38,4.27,5.13,5.01,5.17
,,,,,,,,,,,,,,,,4.79,4.56,4.5,5.56,5.36,5.58,6.04,6.22,5.81,5.13,5.36,4.27,5.12,5,5.16
,,,,,,,,,,,,,,,,4.87,4.55,4.49,5.55,5.33,5.58,6.03,6.21,5.8,5.32,5.35,4.26,5.11,4.99,5.15
,,,,,,,,,,,,,,,,4.84,4.54,4.47,5.53,5.32,5.56,6.02,6.19,5.79,5.29,5.34,4.5,5.1,4.99,5.13
,,,,,,,,,,,,,,,,4.82,4.53,4.46,5.52,5.31,5.55,6.01,6.19,5.79,5.27,5.33,4.64,5.09,4.98,5.13
,,,,,,,,,,,,,,,,4.81,4.52,4.46,5.51,5.3,5.55,6,6.18,5.78,5.26,5.32,4.62,5.08,4.98,5.12
,,,,,,,,,,,,,,,,4.79,4.51,4.45,5.5,5.29,5.54,6,6.17,5.77,5.25,5.31,4.61,5.08,4.97,5.12
,,,,,,,,,,,,,,,,4.78,4.61,4.44,5.49,5.28,5.8,5.99,6.16,6,5.24,5.3,4.59,5.07,5.1,5.11
,,,,,,,,,,,,,,,,4.77,4.72,4.55,5.7,5.27,5.89,6.22,6.34,6.16,5.24,5.37,4.58,5.21,5.35,5.29
,,,,,,,,,,,,,,,,4.76,4.69,4.64,5.85,5.27,5.87,6.37,6.51,6.13,5.23,5.56,4.58,5.36,5.32,5.45
,,,,,,,,,,,,,,,,4.74,4.67,4.62,5.82,5.44,5.85,6.34,6.49,6.11,5.22,5.53,4.57,5.34,5.3,5.42
,,,,,,,,,,,,,,,,4.86,4.66,4.61,5.8,5.53,5.83,6.33,6.47,6.09,5.31,5.51,4.56,5.33,5.29,5.4
,,,,,,,,,,,,,,,,4.95,4.65,4.59,5.78,5.51,5.82,6.31,6.45,6.08,5.53,5.49,4.55,5.32,5.28,5.37
,,,,,,,,,,,,,,,,4.93,4.64,4.58,5.77,5.5,5.81,6.3,6.45,6.07,5.5,5.48,4.69,5.31,5.28,5.36
,,,,,,,,,,,,,,,,4.91,4.63,4.57,5.76,5.48,5.8,6.29,6.44,6.07,5.49,5.46,4.88,5.3,5.27,5.35
,,,,,,,,,,,,,,,,4.89,4.62,4.56,5.74,5.47,5.79,6.28,6.43,6.06,5.48,5.45,4.85,5.29,5.26,5.33
,,,,,,,,,,,,,,,,4.88,4.61,4.55,5.73,5.46,5.78,6.27,6.42,6.05,5.47,5.44,4.83,5.29,5.26,5.32
,,,,,,,,,,,,,,,,4.87,4.68,4.55,5.72,5.46,5.91,6.26,6.41,6.12,5.46,5.43,4.83,5.28,5.3,5.31
,,,,,,,,,,,,,,,,4.86,4.82,4.64,5.84,5.45,6.01,6.39,6.5,6.24,5.45,5.46,4.82,5.34,5.49,5.36
,,,,,,,,,,,,,,,,4.85,4.79,4.82,6.04,5.44,5.99,6.57,6.7,6.22,5.44,5.73,4.81,5.49,5.48,5.47
,,,,,,,,,,,,,,,,4.84,4.77,4.78,6.01,5.6,5.98,6.55,6.67,6.2,5.44,5.7,4.8,5.46,5.47,5.43
,,,,,,,,,,,,,,,,4.92,4.76,4.76,5.98,5.78,5.96,6.53,6.66,6.19,5.48,5.67,4.79,5.45,5.46,5.41
,,,,,,,,,,,,,,,,5.07,4.75,4.75,5.96,5.75,5.95,6.52,6.65,6.18,5.73,5.66,4.79,5.44,5.45,5.4
,,,,,,,,,,,,,,,,5.03,4.74,4.74,5.95,5.73,5.94,6.51,6.64,6.17,5.71,5.63,4.86,5.43,5.44,5.39
,,,,,,,,,,,,,,,,5.02,4.73,4.73,5.94,5.71,5.94,6.5,6.63,6.16,5.7,5.62,5.11,5.42,5.43,5.38
,,,,,,,,,,,,,,,,5,4.72,4.72,5.92,5.7,5.92,6.49,6.62,6.15,5.69,5.61,5.07,5.42,5.43,5.36
,,,,,,,,,,,,,,,,4.99,4.71,4.71,5.91,5.69,5.92,6.48,6.61,6.15,5.68,5.59,5.06,5.41,5.42,5.35
,,,,,,,,,,,,,,,,4.98,4.76,4.7,5.9,5.69,6.05,6.47,6.6,6.25,5.67,5.58,5.05,5.41,5.55,5.34
,,,,,,,,,,,,,,,,4.96,4.96,4.73,5.96,5.67,6.28,6.57,6.67,6.58,5.66,5.76,5.04,5.46,5.62,5.38
,,,,,,,,,,,,,,,,4.95,4.94,4.85,6.16,5.67,6.25,6.86,6.97,6.52,5.65,5.87,5.03,5.71,5.6,5.57
,,,,,,,,,,,,,,,,4.95,4.92,4.83,6.14,5.74,6.22,6.82,6.95,6.49,5.64,5.84,5.02,5.69,5.59,5.55
,,,,,,,,,,,,,,,,5,4.91,4.82,6.12,5.93,6.21,6.81,6.93,6.46,5.88,5.82,5.02,5.68,5.58,5.53
,,,,,,,,,,,,,,,,5.21,4.89,4.81,6.11,5.89,6.2,6.79,6.92,6.44,6,5.79,5.01,5.67,5.57,5.51
,,,,,,,,,,,,,,,,5.18,4.88,4.8,6.09,5.88,6.19,6.78,6.91,6.41,5.98,5.78,5.05,5.66,5.56,5.5
,,,,,,,,,,,,,,,,5.16,4.87,4.79,6.07,5.87,6.17,6.77,6.89,6.38,5.96,5.77,5.36,5.65,5.56,5.48
,,,,,,,,,,,,,,,,5.15,4.86,4.78,6.06,5.86,6.16,6.76,6.88,6.36,5.94,5.76,5.34,5.65,5.55,5.47
,,,,,,,,,,,,,,,,5.13,4.85,4.77,6.05,5.85,6.15,6.75,6.87,6.34,5.93,5.74,5.32,5.64,5.54,5.46
,,,,,,,,,,,,,,,,5.11,4.97,4.77,6.05,5.84,6.21,6.74,6.87,6.49,5.92,5.73,5.31,5.63,5.72,5.45
,,,,,,,,,,,,,,,,5.1,5.02,4.94,6.3,5.83,6.43,6.79,7.07,6.51,5.91,5.82,5.29,5.8,5.91,5.61
,,,,,,,,,,,,,,,,5.09,5,5.02,6.39,5.82,6.41,7.09,7.18,6.45,5.91,5.97,5.28,5.9,5.88,5.69
,,,,,,,,,,,,,,,,5.09,4.98,4.99,6.36,5.87,6.39,7.07,7.15,6.4,5.89,5.94,5.28,5.88,5.85,5.66
,,,,,,,,,,,,,,,,5.2,4.97,4.97,6.34,6.16,6.38,7.05,7.13,6.37,6.01,5.91,5.27,5.86,5.84,5.64
,,,,,,,,,,,,,,,,5.25,4.96,4.95,6.32,6.14,6.37,7.04,7.11,6.32,6.15,5.9,5.26,5.85,5.83,5.62
,,,,,,,,,,,,,,,,5.22,4.95,4.94,6.3,6.12,6.35,7.02,7.1,6.29,6.13,5.89,5.4,5.84,5.81,5.6
,,,,,,,,,,,,,,,,5.21,4.94,4.93,6.28,6.11,6.34,7.01,7.09,6.27,6.11,5.88,5.51,5.83,5.8,5.59
,,,,,,,,,,,,,,,,5.19,4.93,4.92,6.27,6.09,6.33,7,7.07,6.25,6.09,5.86,5.49,5.83,5.78,5.58
,,,,,,,,,,,,,,,,5.18,4.92,4.91,6.26,6.08,6.33,6.99,7.06,6.22,6.08,5.85,5.47,5.82,5.77,5.57
,,,,,,,,,,,,,,,,5.17,5.04,4.9,6.25,6.07,6.49,6.98,7.05,6.34,6.07,5.85,5.44,5.81,5.82,5.56
,,,,,,,,,,,,,,,,5.16,5.17,5.01,6.39,6.06,6.56,7.16,7.18,6.43,6.06,5.92,5.43,5.9,5.93,5.62
,,,,,,,,,,,,,,,,5.15,5.14,5.12,6.51,6.05,6.53,7.29,7.33,6.39,6.05,6.17,5.42,6.01,5.89,5.68
,,,,,,,,,,,,,,,,5.14,5.12,5.09,6.49,6.25,6.52,7.27,7.3,6.37,6.04,6.12,5.41,6,5.87,5.66
,,,,,,,,,,,,,,,,5.29,5.1,5.06,6.46,6.37,6.51,7.25,7.26,6.34,6.14,6.1,5.39,5.98,5.86,5.64
,,,,,,,,,,,,,,,,5.42,5.09,5.05,6.44,6.34,6.49,7.23,7.23,6.32,6.41,6.08,5.38,5.97,5.84,5.63
,,,,,,,,,,,,,,,,5.38,5.08,5.04,6.43,6.32,6.48,7.22,7.21,6.31,6.34,6.07,5.51,5.96,5.83,5.62
,,,,,,,,,,,,,,,,5.36,5.07,5.03,6.42,6.3,6.47,7.21,7.18,6.29,6.32,6.05,5.72,5.96,5.8,5.62
,,,,,,,,,,,,,,,,5.34,5.06,5.02,6.4,6.29,6.46,7.2,7.16,6.27,6.29,6.04,5.68,5.95,5.79,5.61
,,,,,,,,,,,,,,,,5.33,5.05,5.01,6.39,6.28,6.45,7.19,7.12,6.26,6.27,6.03,5.65,5.94,5.78,5.59
,,,,,,,,,,,,,,,,5.31,5.11,5,6.38,6.27,6.62,7.18,7.08,6.39,6.23,6.02,5.63,5.93,5.81,5.59
,,,,,,,,,,,,,,,,5.3,5.27,5.04,6.47,6.26,6.78,7.33,7.14,6.62,6.21,6.21,5.61,6.02,6.01,5.68
,,,,,,,,,,,,,,,,5.29,5.23,5.16,6.67,6.25,6.74,7.57,7.29,6.58,6.19,6.27,5.6,6.26,5.98,5.91
,,,,,,,,,,,,,,,,5.28,5.21,5.13,6.62,6.34,6.72,7.53,7.16,6.54,6.17,6.23,5.58,6.23,5.95,5.86
,,,,,,,,,,,,,,,,5.35,5.2,5.11,6.6,6.48,6.7,7.5,7.11,6.52,6.2,6.21,5.57,6.21,5.93,5.84
,,,,,,,,,,,,,,,,5.5,5.19,5.1,6.59,6.46,6.69,7.49,7.06,6.5,6.44,6.19,5.56,6.2,5.9,5.82
,,,,,,,,,,,,,,,,5.46,5.17,5.09,6.57,6.44,6.68,7.48,7.02,6.49,6.4,6.17,5.62,6.19,5.89,5.81
,,,,,,,,,,,,,,,,5.44,5.16,5.08,6.56,6.42,6.67,7.47,6.98,6.47,6.38,6.15,5.85,6.17,5.87,5.8
,,,,,,,,,,,,,,,,5.42,5.15,5.07,6.54,6.41,6.65,7.45,6.95,6.46,6.35,6.14,5.82,6.17,5.86,5.79
,,,,,,,,,,,,,,,,5.41,5.14,5.06,6.53,6.4,6.64,7.44,6.93,6.45,6.33,6.12,5.8,6.16,5.85,5.78
,,,,,,,,,,,,,,,,5.4,5.16,5.06,6.52,6.39,6.72,7.43,6.91,6.47,6.31,6.1,5.79,6.15,6.01,5.77
,,,,,,,,,,,,,,,,5.38,5.3,5.09,6.57,6.38,6.9,7.5,6.93,6.59,6.29,6.23,5.77,6.18,6.1,5.79
,,,,,,,,,,,,,,,,5.37,5.28,5.3,6.81,6.37,6.86,7.73,7.12,6.57,6.28,6.31,5.76,6.37,6.06,5.93
,,,,,,,,,,,,,,,,5.36,5.26,5.27,6.78,6.46,6.84,7.71,7.08,6.56,6.27,6.26,5.74,6.36,6.04,5.91
,,,,,,,,,,,,,,,,5.39,5.25,5.25,6.76,6.73,6.83,7.69,7.05,6.55,6.4,6.22,5.73,6.34,6.01,5.89
,,,,,,,,,,,,,,,,5.51,5.23,5.24,6.74,6.68,6.82,7.67,7.03,6.53,6.48,6.17,5.72,6.33,5.99,5.88
,,,,,,,,,,,,,,,,5.49,5.23,5.22,6.73,6.66,6.81,7.66,7,6.52,6.45,6.13,5.88,6.31,5.98,5.87
,,,,,,,,,,,,,,,,5.47,5.22,5.21,6.71,6.65,6.79,7.64,6.98,6.51,6.43,6.1,5.94,6.31,5.97,5.86
,,,,,,,,,,,,,,,,5.46,5.21,5.2,6.7,6.64,6.78,7.63,6.97,6.5,6.41,6.06,5.92,6.3,5.96,5.85
,,,,,,,,,,,,,,,,5.44,5.2,5.19,6.69,6.62,6.77,7.62,6.95,6.49,6.39,6,5.9,6.29,5.94,5.84
,,,,,,,,,,,,,,,,5.43,5.36,5.18,6.67,6.61,6.81,7.61,6.94,6.7,6.38,5.96,5.89,6.28,5.99,5.83
,,,,,,,,,,,,,,,,5.42,5.44,5.28,6.82,6.6,7.02,7.83,7.11,6.79,6.37,6.02,5.87,6.42,6.06,5.93
,,,,,,,,,,,,,,,,5.41,5.41,5.34,6.88,6.59,7,7.91,7.21,6.76,6.35,6.11,5.86,6.51,6.04,5.99
,,,,,,,,,,,,,,,,5.4,5.39,5.31,6.85,6.62,6.98,7.87,7.18,6.74,6.34,6,5.85,6.49,6.02,5.96
,,,,,,,,,,,,,,,,5.59,5.37,5.3,6.83,6.85,6.96,7.85,7.15,6.72,6.48,5.95,5.84,6.47,6,5.95
,,,,,,,,,,,,,,,,5.65,5.35,5.28,6.81,6.83,6.95,7.83,7.12,6.7,6.68,5.91,5.83,6.45,5.99,5.93
,,,,,,,,,,,,,,,,5.62,5.34,5.27,6.8,6.81,6.93,7.79,7.1,6.69,6.64,5.88,6,6.43,5.98,5.92
,,,,,,,,,,,,,,,,5.6,5.33,5.26,6.79,6.79,6.92,7.77,7.09,6.68,6.61,5.85,6.16,6.42,5.97,5.91
,,,,,,,,,,,,,,,,5.59,5.32,5.25,6.78,6.77,6.91,7.74,7.07,6.67,6.59,5.81,6.13,6.41,5.96,5.91
,,,,,,,,,,,,,,,,5.56,5.31,5.24,6.77,6.77,6.9,7.71,7.06,6.65,6.57,5.78,6.09,6.39,5.95,5.9
,,,,,,,,,,,,,,,,5.55,5.39,5.23,6.75,6.75,7.09,7.66,7.04,6.79,6.56,5.76,6.08,6.38,6.02,5.88
,,,,,,,,,,,,,,,,5.54,5.49,5.32,6.91,6.74,7.17,7.78,7.15,6.93,6.54,5.79,6.06,6.48,6.26,6.01
,,,,,,,,,,,,,,,,5.53,5.46,5.42,7.07,6.73,7.13,7.78,7.29,6.89,6.52,5.9,6.05,6.63,6.21,6.17
,,,,,,,,,,,,,,,,5.51,5.44,5.4,7.03,6.89,7.11,7.64,7.26,6.86,6.51,5.87,6.04,6.59,6.19,6.14
,,,,,,,,,,,,,,,,5.6,5.42,5.37,7,7,7.08,7.55,7.22,6.85,6.56,5.84,6.02,6.54,6.17,6.1
,,,,,,,,,,,,,,,,5.69,5.41,5.36,6.98,6.97,7.07,7.46,7.21,6.83,6.74,5.82,6.01,6.5,6.16,6.09
,,,,,,,,,,,,,,,,5.66,5.4,5.35,6.97,6.95,7.05,7.42,7.19,6.82,6.7,5.8,6.09,6.47,6.14,6.07
,,,,,,,,,,,,,,,,5.64,5.39,5.34,6.95,6.93,7.04,7.38,7.18,6.81,6.68,5.77,6.27,6.45,6.13,6.06
,,,,,,,,,,,,,,,,5.62,5.38,5.32,6.94,6.92,7.03,7.34,7.16,6.79,6.66,5.76,6.22,6.41,6.12,6.04
,,,,,,,,,,,,,,,,5.61,5.37,5.31,6.92,6.9,7.01,7.3,7.14,6.78,6.64,5.74,6.2,6.39,6.11,6.03
,,,,,,,,,,,,,,,,5.6,5.42,5.31,6.91,6.89,7.12,7.28,7.13,6.82,6.62,5.73,6.18,6.37,6.13,6.02
,,,,,,,,,,,,,,,,5.59,5.56,5.36,6.99,6.88,7.23,7.34,7.18,6.93,6.61,5.88,6.16,6.39,6.28,6.04
,,,,,,,,,,,,,,,,5.57,5.52,5.52,7.19,6.87,7.19,7.48,7.35,6.9,6.59,5.92,6.15,6.52,6.25,6.13
,,,,,,,,,,,,,,,,5.56,5.5,5.47,7.14,6.99,7.16,7.41,7.3,6.88,6.58,5.89,6.12,6.46,6.24,6.1
,,,,,,,,,,,,,,,,5.62,5.49,5.46,7.11,7.17,7.14,7.38,7.28,6.87,6.77,5.86,6.11,6.43,6.22,6.08
,,,,,,,,,,,,,,,,5.75,5.48,5.44,7.1,7.14,7.13,7.36,7.26,6.86,6.81,5.84,6.09,6.41,6.21,6.06
,,,,,,,,,,,,,,,,5.7,5.46,5.43,7.08,7.1,7.11,7.34,7.25,6.85,6.78,5.82,6.12,6.39,6.2,6.05
,,,,,,,,,,,,,,,,5.69,5.45,5.41,7.06,7.09,7.1,7.32,7.23,6.84,6.75,5.8,6.28,6.36,6.19,6.03
,,,,,,,,,,,,,,,,5.67,5.45,5.4,7.05,7.08,7.08,7.29,7.22,6.83,6.72,5.79,6.23,6.34,6.18,6.02
,,,,,,,,,,,,,,,,5.66,5.44,5.4,7.03,7.06,7.07,7.28,7.2,6.82,6.68,5.78,6.19,6.33,6.16,6.01
,,,,,,,,,,,,,,,,5.65,5.46,5.39,7.02,7.05,7.14,7.26,7.19,6.87,6.66,5.76,6.15,6.31,6.26,5.99
,,,,,,,,,,,,,,,,5.63,5.63,5.4,7.05,7.04,7.33,7.31,7.39,7.14,6.64,,6.11,6.49,6.33,6.01
,,,,,,,,,,,,,,,,5.62,5.6,5.51,7.22,7.03,7.27,7.53,7.43,7.11,6.62,,6.05,6.54,6.31,6.16
,,,,,,,,,,,,,,,,5.61,5.59,5.49,7.2,7.07,7.24,7.49,7.4,7.08,6.59,,6.01,6.51,6.29,6.12
,,,,,,,,,,,,,,,,5.65,5.57,5.48,7.17,7.24,7.22,7.46,7.37,7.06,6.72,,5.97,6.49,6.27,6.09
,,,,,,,,,,,,,,,,5.81,5.55,5.47,7.16,7.22,7.2,7.44,7.35,7.04,6.78,,5.93,6.46,6.26,6.06
,,,,,,,,,,,,,,,,5.79,5.54,5.45,7.13,7.2,7.17,7.42,7.32,7.03,6.71,,6.05,6.44,6.25,6.03
,,,,,,,,,,,,,,,,5.77,5.53,5.44,7.12,7.18,7.15,7.39,7.3,7.01,6.64,,6.07,6.42,6.24,6
,,,,,,,,,,,,,,,,5.75,5.52,5.43,7.1,7.17,7.13,7.38,7.29,7,6.54,,6.01,6.41,6.23,5.98
,,,,,,,,,,,,,,,,5.74,5.51,5.42,7.09,7.15,7.12,7.36,7.27,6.99,6.48,,5.96,6.39,6.22,5.96
,,,,,,,,,,,,,,,,5.72,5.6,5.41,7.08,7.14,7.14,7.35,7.25,7.12,6.41,,5.9,6.38,6.32,5.93
,,,,,,,,,,,,,,,,5.71,5.65,5.54,7.26,7.13,7.31,7.51,7.37,7.18,6.35,,5.87,6.48,6.5,6.02
,,,,,,,,,,,,,,,,5.7,5.63,5.62,7.35,7.12,7.27,7.57,7.43,7.15,6.26,,5.84,6.58,6.46,6.06
,,,,,,,,,,,,,,,,5.69,5.61,5.59,7.31,7.34,7.24,7.54,7.39,7.13,6.21,,5.82,6.55,6.43,6
,,,,,,,,,,,,,,,,5.78,5.6,5.57,7.28,7.4,7.21,7.51,7.35,7.1,6.23,,5.8,6.52,6.41,5.96
,,,,,,,,,,,,,,,,5.82,5.58,5.55,7.25,7.37,7.17,7.48,7.31,7.09,6.29,,5.77,6.49,6.4,5.91
,,,,,,,,,,,,,,,,5.79,5.57,5.54,7.23,7.35,7.15,7.46,7.29,7.08,6.23,,5.84,6.48,6.38,5.88
,,,,,,,,,,,,,,,,5.78,5.56,5.53,7.21,7.33,7.13,7.44,7.26,7.06,6.17,,5.92,6.47,6.36,5.85
,,,,,,,,,,,,,,,,5.75,5.55,5.52,7.19,7.3,7.11,7.43,7.24,7.05,6.13,,5.88,6.46,6.35,5.83
,,,,,,,,,,,,,,,,5.74,5.54,5.51,7.18,7.29,7.09,7.41,7.21,7.03,6.1,,5.84,6.44,6.34,5.8
,,,,,,,,,,,,,,,,5.73,5.63,5.5,7.15,7.28,7.2,7.39,7.19,7.1,6.08,,5.82,6.42,6.36,5.78
,,,,,,,,,,,,,,,,5.72,5.74,5.56,7.25,7.26,7.24,7.48,7.25,7.19,6.04,,5.8,6.47,6.44,5.8
,,,,,,,,,,,,,,,,5.71,5.71,5.67,7.36,7.25,7.2,7.57,7.35,7.16,6.02,,5.79,6.58,6.42,5.83
,,,,,,,,,,,,,,,,5.7,5.69,5.64,7.31,7.39,7.17,7.53,7.3,7.12,6,,5.77,6.54,6.4,5.8
,,,,,,,,,,,,,,,,5.81,5.67,5.61,7.27,7.5,7.13,7.5,7.25,7.11,6.04,,5.75,6.53,6.38,5.76
,,,,,,,,,,,,,,,,5.91,5.66,5.6,7.25,7.46,7.1,7.48,7.22,7.09,6.18,,5.74,6.51,6.37,5.74
,,,,,,,,,,,,,,,,5.88,5.65,5.59,7.22,7.44,7.08,7.46,7.2,7.07,6.14,,5.8,6.5,6.35,5.72
,,,,,,,,,,,,,,,,5.85,5.63,5.58,7.2,7.41,7.06,7.44,7.17,7.05,6.11,,5.96,6.49,6.34,5.71
,,,,,,,,,,,,,,,,5.84,5.62,5.56,7.17,7.39,7.04,7.43,7.15,7.04,6.09,,5.91,6.47,6.32,5.68
,,,,,,,,,,,,,,,,5.82,5.61,5.55,7.15,7.37,7.02,7.4,7.13,7.03,6.07,,5.88,6.46,6.31,5.67
,,,,,,,,,,,,,,,,5.81,5.65,5.54,7.13,7.36,7.11,7.39,7.11,7.09,6.04,,5.86,6.45,6.46,5.66
,,,,,,,,,,,,,,,,5.8,5.79,5.57,7.18,7.34,7.22,7.46,7.15,7.28,6.02,,5.85,6.48,6.49,5.69
,,,,,,,,,,,,,,,,5.78,5.75,5.66,7.32,7.33,7.17,7.63,7.28,7.2,6,,5.82,6.66,6.45,5.82
,,,,,,,,,,,,,,,,5.77,5.73,5.64,7.25,7.39,7.12,7.55,7.24,7.16,5.99,,5.81,6.63,6.41,5.79
,,,,,,,,,,,,,,,,5.82,5.72,5.63,7.21,7.53,7.09,7.51,7.22,7.14,6.11,,5.8,6.62,6.38,5.76
,,,,,,,,,,,,,,,,5.94,5.71,5.62,7.18,7.48,7.07,7.47,7.19,7.11,6.13,,5.79,6.6,6.34,5.74
,,,,,,,,,,,,,,,,5.9,5.69,5.61,7.15,7.45,7.04,7.44,7.17,7.07,6.1,,5.81,6.59,6.31,5.72
,,,,,,,,,,,,,,,,5.88,5.68,5.59,7.11,7.43,7.01,7.39,7.15,7.05,6.07,,5.96,6.57,6.29,5.7
,,,,,,,,,,,,,,,,5.87,5.67,5.58,7.09,7.41,7,7.36,7.13,7.03,6.05,,5.93,6.56,6.26,5.69
,,,,,,,,,,,,,,,,5.86,5.66,5.57,7.06,7.39,6.98,7.33,7.12,7.02,6.02,,5.91,6.54,6.23,5.67
,,,,,,,,,,,,,,,,5.84,5.76,5.56,7.04,7.37,7.02,7.31,7.1,7.02,6,,5.89,6.53,6.31,5.66
,,,,,,,,,,,,,,,,5.83,5.78,5.71,7.05,7.35,7.15,7.31,7.22,7.11,5.99,,5.87,6.63,6.35,5.74
,,,,,,,,,,,,,,,,5.81,5.76,5.74,7.2,7.34,7.09,7.41,7.25,7.08,5.97,,5.85,6.67,6.29,5.75
,,,,,,,,,,,,,,,,5.81,5.75,5.72,7.14,7.38,7.06,7.36,7.21,7.06,5.95,,5.84,6.65,6.22,5.73
,,,,,,,,,,,,,,,,5.83,5.74,5.7,7.1,7.55,7.03,7.33,7.19,7.04,6,,5.83,6.63,6.18,5.71
,,,,,,,,,,,,,,,,5.94,5.72,5.68,7.06,7.51,7.01,7.3,7.17,7.01,6.04,,5.82,6.6,6.15,5.7
,,,,,,,,,,,,,,,,5.91,5.71,5.66,7.02,7.48,6.98,7.25,7.15,6.99,6.01,,5.91,6.59,6.12,5.67
,,,,,,,,,,,,,,,,5.9,5.7,5.65,6.99,7.45,6.96,7.23,7.13,6.98,5.96,,5.96,6.58,6.09,5.66
,,,,,,,,,,,,,,,,5.88,5.69,5.64,6.96,7.42,6.95,7.21,7.12,6.97,5.94,,5.93,6.57,6.05,5.65
,,,,,,,,,,,,,,,,5.86,5.68,5.64,6.94,7.39,6.93,7.19,7.11,6.95,5.92,,5.91,6.55,6.03,5.64
,,,,,,,,,,,,,,,,5.85,5.79,5.62,6.9,7.36,6.94,7.17,7.09,7.07,5.89,,5.89,6.54,6.04,5.63
,,,,,,,,,,,,,,,,5.84,5.86,5.7,6.99,7.34,7.08,7.28,7.19,7.13,5.86,,5.88,6.63,6.07,5.68
,,,,,,,,,,,,,,,,5.83,5.83,5.76,7.02,7.32,7.04,7.32,7.27,7.1,5.82,,5.86,6.71,6.02,5.73
,,,,,,,,,,,,,,,,5.82,5.81,5.74,6.97,7.45,7.01,7.28,7.24,7.07,5.79,,5.85,6.67,5.99,5.7
,,,,,,,,,,,,,,,,5.96,5.79,5.72,6.94,7.47,6.99,7.25,7.2,7.04,5.82,,5.83,6.64,5.97,5.68
,,,,,,,,,,,,,,,,6,5.77,5.7,6.89,7.43,6.96,7.21,7.18,7.03,5.85,,5.83,6.61,5.95,5.67
,,,,,,,,,,,,,,,,5.97,5.76,5.69,6.87,7.39,6.94,7.19,7.17,7.01,5.72,,5.91,6.6,5.93,5.66
,,,,,,,,,,,,,,,,5.95,5.75,5.68,6.84,7.35,6.92,7.18,7.15,7,5.66,,6.02,6.58,5.9,5.65
,,,,,,,,,,,,,,,,5.93,5.74,5.67,6.82,7.32,6.91,7.16,7.14,6.98,5.61,,5.98,6.56,5.89,5.64
,,,,,,,,,,,,,,,,5.92,5.73,5.65,6.79,7.3,6.88,7.14,7.12,6.97,5.57,,5.95,6.53,5.87,5.62
,,,,,,,,,,,,,,,,5.9,5.78,5.65,6.77,7.28,7,7.12,7.1,7.05,5.54,,5.93,6.51,5.9,5.62
,,,,,,,,,,,,,,,,5.89,5.88,5.7,6.84,7.25,7.06,7.2,7.16,7.16,5.49,,5.91,6.56,6.03,5.68
,,,,,,,,,,,,,,,,5.88,5.84,5.79,6.95,7.23,7.02,7.3,7.27,7.12,5.47,,5.89,6.66,5.99,5.8
,,,,,,,,,,,,,,,,5.87,5.82,5.75,6.89,7.32,6.99,7.26,7.22,7.09,5.44,,5.87,6.58,5.96,5.76
,,,,,,,,,,,,,,,,5.94,5.81,5.73,,7.4,6.96,7.22,7.2,7.07,5.45,,5.86,6.53,5.94,5.74
,,,,,,,,,,,,,,,,6.01,5.8,5.72,,7.35,6.94,7.2,7.18,7.05,5.5,,5.84,6.5,5.91,5.72
,,,,,,,,,,,,,,,,5.98,5.78,5.71,,7.29,6.92,7.18,7.17,7.04,5.47,,5.87,6.46,5.9,5.71
,,,,,,,,,,,,,,,,5.96,5.77,5.7,,7.27,6.9,7.16,7.15,7.02,5.44,,5.96,6.41,5.88,5.7
,,,,,,,,,,,,,,,,5.94,5.76,5.68,,7.24,6.88,7.14,7.13,7,5.42,,5.89,6.39,5.86,5.68
,,,,,,,,,,,,,,,,5.93,5.75,5.67,,7.22,6.86,7.12,7.12,6.99,5.39,,5.85,6.36,5.85,5.67
,,,,,,,,,,,,,,,,5.92,5.78,5.67,,7.2,6.93,7.11,7.1,7.01,5.37,,5.81,6.33,5.92,5.66
,,,,,,,,,,,,,,,,5.9,5.88,5.69,,7.17,7.02,7.14,7.12,7.07,5.36,,5.77,6.33,5.94,5.67
,,,,,,,,,,,,,,,,5.89,5.86,5.81,,7.15,6.98,7.24,7.23,7.05,5.34,,5.71,6.37,5.91,5.73
,,,,,,,,,,,,,,,,5.88,5.84,5.78,,7.2,6.94,7.19,7.2,7.04,5.33,,5.67,6.32,5.89,5.71
,,,,,,,,,,,,,,,,5.92,5.82,5.77,,7.33,6.92,7.17,7.18,7.02,5.4,,5.64,6.29,5.87,5.7
,,,,,,,,,,,,,,,,6.03,5.81,5.75,,7.26,6.9,7.15,7.16,7.01,5.42,,5.6,6.25,5.85,5.69
,,,,,,,,,,,,,,,,5.99,5.8,5.74,,7.23,6.89,,7.13,6.99,,,5.66,6.21,5.84,5.68
,,,,,,,,,,,,,,,,5.97,5.79,5.72,,7.2,6.86,,7.12,6.98,,,5.63,6.18,5.83,5.66
,,,,,,,,,,,,,,,,5.96,5.78,5.71,,7.18,6.85,,7.11,6.97,,,5.58,6.16,5.82,5.65
,,,,,,,,,,,,,,,,5.94,5.77,5.7,,7.16,6.84,,7.09,6.96,,,5.54,6.13,5.8,5.65
,,,,,,,,,,,,,,,,5.93,5.88,5.69,,7.13,6.87,,7.08,7.12,,,5.51,6.11,5.84,5.64
,,,,,,,,,,,,,,,,5.91,5.91,5.78,,7.11,6.99,,7.19,7.15,,,5.47,6.19,5.89,5.75
,,,,,,,,,,,,,,,,5.9,5.89,5.8,,7.09,6.95,,7.23,7.12,,,5.45,6.21,5.86,5.78
,,,,,,,,,,,,,,,,5.9,5.87,5.78,,7.1,6.93,,7.19,7.09,,,5.43,6.16,5.84,5.76
,,,,,,,,,,,,,,,,5.91,5.85,5.76,,7.22,,,7.17,7.07,,,5.41,6.12,5.83,5.74
,,,,,,,,,,,,,,,,6.04,5.83,5.74,,7.18,,,7.14,7.05,,,5.38,6.08,5.81,5.72
,,,,,,,,,,,,,,,,6.01,5.82,5.73,,7.15,,,7.12,7.03,,,5.46,6.05,5.8,5.71
,,,,,,,,,,,,,,,,5.99,5.81,5.72,,7.13,,,7.1,7.02,,,5.49,6.02,5.79,5.7
,,,,,,,,,,,,,,,,5.98,5.8,5.71,,7.1,,,7.09,7,,,5.45,6,5.78,5.69
,,,,,,,,,,,,,,,,5.96,5.79,5.7,,7.07,,,7.07,6.98,,,5.43,5.98,5.77,5.68
,,,,,,,,,,,,,,,,5.94,5.85,5.69,,7.06,,,7.05,7.06,,,5.4,,5.82,5.67
,,,,,,,,,,,,,,,,5.93,5.91,5.76,,7.04,,,7.12,7.11,,,5.38,,5.95,5.73
,,,,,,,,,,,,,,,,5.92,5.88,5.83,,7.02,,,7.18,7.08,,,5.36,,5.9,5.8
,,,,,,,,,,,,,,,,5.91,5.85,5.8,,7.15,,,7.14,7.05,,,5.35,,5.88,5.77
,,,,,,,,,,,,,,,,5.99,5.84,5.77,,7.19,,,7.1,7.03,,,5.33,,5.87,5.74
,,,,,,,,,,,,,,,,6.02,5.83,5.76,,7.15,,,7.08,7.01,,,5.32,,5.85,5.73
,,,,,,,,,,,,,,,,5.99,5.82,5.74,,7.12,,,7.06,7,,,5.35,,5.83,5.72
,,,,,,,,,,,,,,,,5.98,5.81,5.73,,7.08,,,7.05,6.98,,,5.4,,5.82,5.71
,,,,,,,,,,,,,,,,5.95,5.79,5.72,,7.06,,,7.02,6.96,,,5.36,,5.81,5.7
,,,,,,,,,,,,,,,,5.94,5.78,5.71,,7.04,,,7.01,6.95,,,5.34,,5.8,5.68
,,,,,,,,,,,,,,,,5.93,5.83,5.7,,7.02,,,6.99,6.98,,,5.33,,5.8,5.67
,,,,,,,,,,,,,,,,5.92,5.93,5.74,,7,,,7.02,7.06,,,5.31,,5.86,5.69
,,,,,,,,,,,,,,,,5.91,5.88,5.82,,6.98,,,7.11,7.01,,,5.3,,5.84,5.73
,,,,,,,,,,,,,,,,5.89,5.87,5.79,,7.06,,,7.05,6.99,,,5.28,,5.83,5.71
,,,,,,,,,,,,,,,,5.97,5.85,5.77,,7.14,,,7.02,6.97,,,5.27,,5.82,5.69
,,,,,,,,,,,,,,,,6.05,5.84,5.75,,7.1,,,7,6.95,,,5.26,,5.8,5.68
,,,,,,,,,,,,,,,,6.02,5.83,5.74,,7.06,,,,6.94,,,5.29,,5.79,5.67
,,,,,,,,,,,,,,,,5.99,5.81,5.73,,7.04,,,,6.92,,,5.37,,5.78,5.66
,,,,,,,,,,,,,,,,5.97,5.8,5.71,,7.02,,,,6.91,,,5.35,,5.77,5.65
,,,,,,,,,,,,,,,,5.96,5.79,5.7,,7,,,,6.89,,,5.33,,5.76,5.64
,,,,,,,,,,,,,,,,5.94,5.81,5.69,,6.97,,,,6.92,,,5.31,,5.84,5.63
,,,,,,,,,,,,,,,,5.92,5.9,5.71,,6.95,,,,7.03,,,5.3,,5.88,5.65
,,,,,,,,,,,,,,,,5.91,5.88,5.78,,6.94,,,,7,,,5.28,,5.85,5.77
,,,,,,,,,,,,,,,,5.9,5.86,5.76,,6.97,,,,6.97,,,5.27,,5.84,5.74
,,,,,,,,,,,,,,,,5.94,5.84,5.75,,7.07,,,,6.94,,,5.26,,5.81,5.72
,,,,,,,,,,,,,,,,6.04,5.83,5.73,,7.02,,,,6.91,,,5.25,,5.8,5.7
,,,,,,,,,,,,,,,,5.99,5.81,5.72,,7,,,,6.89,,,5.33,,5.79,5.68
,,,,,,,,,,,,,,,,5.97,5.8,5.7,,6.98,,,,6.88,,,5.34,,5.78,5.66
,,,,,,,,,,,,,,,,5.96,5.79,5.69,,6.96,,,,6.86,,,5.32,,5.76,5.65
,,,,,,,,,,,,,,,,5.94,5.78,5.69,,6.93,,,,6.84,,,5.3,,5.76,5.64
,,,,,,,,,,,,,,,,5.92,5.86,5.68,,6.92,,,,6.91,,,5.28,,5.81,5.62
,,,,,,,,,,,,,,,,5.91,5.88,5.77,,6.9,,,,6.92,,,5.26,,5.88,5.67
,,,,,,,,,,,,,,,,5.9,5.85,5.8,,6.89,,,,6.89,,,5.25,,5.85,5.69
,,,,,,,,,,,,,,,,5.89,5.84,5.77,,6.91,,,,6.86,,,5.24,,5.82,5.66
,,,,,,,,,,,,,,,,5.9,5.82,5.75,,7.04,,,,6.83,,,5.23,,5.8,5.63
,,,,,,,,,,,,,,,,5.97,5.8,5.73,,7.01,,,,6.81,,,5.22,,5.79,5.6
,,,,,,,,,,,,,,,,5.95,5.79,5.72,,6.98,,,,6.79,,,5.26,,5.77,5.58
,,,,,,,,,,,,,,,,5.93,5.78,5.71,,6.96,,,,6.77,,,5.29,,5.76,5.57
,,,,,,,,,,,,,,,,5.92,5.77,5.69,,6.93,,,,6.75,,,5.27,,5.75,5.55
,,,,,,,,,,,,,,,,5.9,5.76,5.68,,6.92,,,,6.73,,,5.25,,5.73,5.53
,,,,,,,,,,,,,,,,5.89,5.83,5.66,,6.9,,,,6.78,,,5.23,,5.74,5.51
,,,,,,,,,,,,,,,,5.87,5.88,5.71,,6.89,,,,6.83,,,5.22,,5.78,5.53
,,,,,,,,,,,,,,,,5.86,5.85,5.88,,6.86,,,,6.79,,,5.21,,5.75,5.55
,,,,,,,,,,,,,,,,5.85,5.83,5.82,,6.96,,,,6.74,,,5.2,,5.74,5.51
,,,,,,,,,,,,,,,,5.95,5.81,5.82,,7,,,,6.72,,,5.19,,5.72,5.48
,,,,,,,,,,,,,,,,5.99,5.8,5.84,,6.97,,,,6.7,,,5.18,,5.71,5.46
,,,,,,,,,,,,,,,,5.96,5.78,5.81,,6.94,,,,6.68,,,5.22,,5.69,5.44
,,,,,,,,,,,,,,,,5.93,5.77,5.8,,6.91,,,,6.66,,,5.3,,5.68,5.42
,,,,,,,,,,,,,,,,5.91,5.76,5.78,,6.9,,,,6.63,,,5.26,,5.67,5.4
,,,,,,,,,,,,,,,,5.89,5.75,5.77,,6.88,,,,6.61,,,5.24,,5.65,5.38
,,,,,,,,,,,,,,,,5.88,5.78,5.76,,6.87,,,,6.64,,,5.22,,5.75,5.37
,,,,,,,,,,,,,,,,5.87,5.85,5.79,,6.84,,,,6.71,,,5.21,,5.75,5.39
,,,,,,,,,,,,,,,,5.85,5.82,5.86,,6.83,,,,6.64,,,5.2,,,5.47
,,,,,,,,,,,,,,,,5.84,5.8,5.83,,6.89,,,,6.61,,,5.18,,,5.41
,,,,,,,,,,,,,,,,5.88,5.78,5.82,,,,,,6.59,,,5.17,,,5.39
,,,,,,,,,,,,,,,,5.94,5.77,5.8,,,,,,,,,5.16,,,5.37
,,,,,,,,,,,,,,,,5.91,5.75,5.79,,,,,,,,,5.17,,,5.35
,,,,,,,,,,,,,,,,5.88,5.74,5.8,,,,,,,,,5.23,,,5.33
,,,,,,,,,,,,,,,,5.87,5.73,5.79,,,,,,,,,5.21,,,5.31
,,,,,,,,,,,,,,,,5.85,5.72,5.8,,,,,,,,,5.19,,,5.3
,,,,,,,,,,,,,,,,5.84,5.73,5.81,,,,,,,,,5.18,,,5.29
,,,,,,,,,,,,,,,,5.82,5.81,5.82,,,,,,,,,5.16,,,5.33
,,,,,,,,,,,,,,,,5.81,5.79,5.92,,,,,,,,,5.15,,,5.32
,,,,,,,,,,,,,,,,5.8,5.77,5.9,,,,,,,,,5.14,,,5.3
,,,,,,,,,,,,,,,,5.82,5.76,5.87,,,,,,,,,5.13,,,5.29
,,,,,,,,,,,,,,,,5.9,5.74,5.85,,,,,,,,,5.12,,,5.27
,,,,,,,,,,,,,,,,5.86,5.73,5.83,,,,,,,,,5.18,,,5.26
,,,,,,,,,,,,,,,,5.84,5.72,5.81,,,,,,,,,5.2,,,5.25
,,,,,,,,,,,,,,,,5.83,5.71,5.81,,,,,,,,,5.17,,,5.23
,,,,,,,,,,,,,,,,5.81,5.7,5.81,,,,,,,,,5.16,,,
,,,,,,,,,,,,,,,,5.79,5.77,5.74,,,,,,,,,5.13,,,
,,,,,,,,,,,,,,,,5.78,5.8,5.7,,,,,,,,,5.12,,,
,,,,,,,,,,,,,,,,5.77,5.77,5.71,,,,,,,,,5.11,,,
,,,,,,,,,,,,,,,,5.76,5.75,5.69,,,,,,,,,5.1,,,
,,,,,,,,,,,,,,,,5.77,5.73,5.69,,,,,,,,,5.09,,,
,,,,,,,,,,,,,,,,5.86,5.72,5.7,,,,,,,,,5.08,,,
,,,,,,,,,,,,,,,,5.83,5.71,5.7,,,,,,,,,5.13,,,
,,,,,,,,,,,,,,,,5.81,5.69,5.7,,,,,,,,,5.16,,,
,,,,,,,,,,,,,,,,5.79,5.68,5.7,,,,,,,,,5.14,,,
,,,,,,,,,,,,,,,,5.77,5.67,5.67,,,,,,,,,5.11,,,
,,,,,,,,,,,,,,,,5.76,5.71,5.67,,,,,,,,,5.1,,,
,,,,,,,,,,,,,,,,5.74,5.75,5.75,,,,,,,,,5.09,,,
,,,,,,,,,,,,,,,,5.73,5.73,5.81,,,,,,,,,5.07,,,
,,,,,,,,,,,,,,,,5.71,5.7,5.77,,,,,,,,,5.06,,,
,,,,,,,,,,,,,,,,5.77,5.69,5.7,,,,,,,,,5.05,,,
,,,,,,,,,,,,,,,,5.79,5.68,5.67,,,,,,,,,5.04,,,
,,,,,,,,,,,,,,,,5.77,5.67,5.67,,,,,,,,,5.05,,,
,,,,,,,,,,,,,,,,5.75,5.65,5.67,,,,,,,,,5.1,,,
,,,,,,,,,,,,,,,,5.73,5.65,5.64,,,,,,,,,5.07,,,
,,,,,,,,,,,,,,,,5.71,5.64,5.61,,,,,,,,,5.05,,,
,,,,,,,,,,,,,,,,5.7,5.67,5.58,,,,,,,,,5.04,,,
,,,,,,,,,,,,,,,,5.69,5.75,5.6,,,,,,,,,5.03,,,
,,,,,,,,,,,,,,,,5.67,5.71,5.65,,,,,,,,,5.01,,,
,,,,,,,,,,,,,,,,,5.7,5.63,,,,,,,,,5,,,
,,,,,,,,,,,,,,,,,5.68,5.62,,,,,,,,,4.99,,,
,,,,,,,,,,,,,,,,,5.67,5.6,,,,,,,,,4.98,,,
,,,,,,,,,,,,,,,,,5.65,5.59,,,,,,,,,4.99,,,
,,,,,,,,,,,,,,,,,5.64,5.57,,,,,,,,,5.05,,,
,,,,,,,,,,,,,,,,,5.63,5.56,,,,,,,,,5.03,,,
,,,,,,,,,,,,,,,,,5.62,5.55,,,,,,,,,5.01,,,
,,,,,,,,,,,,,,,,,5.71,5.54,,,,,,,,,4.99,,,
,,,,,,,,,,,,,,,,,5.71,5.6,,,,,,,,,4.98,,,
,,,,,,,,,,,,,,,,,5.69,5.61,,,,,,,,,4.96,,,
,,,,,,,,,,,,,,,,,5.67,5.59,,,,,,,,,,,,
,,,,,,,,,,,,,,,,,5.66,5.58,,,,,,,,,,,,
,,,,,,,,,,,,,,,,,5.64,5.56,,,,,,,,,,,,
,,,,,,,,,,,,,,,,,5.63,5.55,,,,,,,,,,,,
,,,,,,,,,,,,,,,,,5.62,5.54,,,,,,,,,,,,
,,,,,,,,,,,,,,,,,5.61,5.53,,,,,,,,,,,,
,,,,,,,,,,,,,,,,,5.6,5.52,,,,,,,,,,,,
,,,,,,,,,,,,,,,,,5.65,5.51,,,,,,,,,,,,
,,,,,,,,,,,,,,,,,5.67,5.57,,,,,,,,,,,,
,,,,,,,,,,,,,,,,,5.65,5.61,,,,,,,,,,,,
,,,,,,,,,,,,,,,,,5.64,5.59,,,,,,,,,,,,
,,,,,,,,,,,,,,,,,5.62,5.57,,,,,,,,,,,,
,,,,,,,,,,,,,,,,,5.61,5.55,,,,,,,,,,,,
,,,,,,,,,,,,,,,,,5.6,5.54,,,,,,,,,,,,
,,,,,,,,,,,,,,,,,5.59,5.53,,,,,,,,,,,,
,,,,,,,,,,,,,,,,,5.58,5.52,,,,,,,,,,,,
,,,,,,,,,,,,,,,,,5.57,5.51,,,,,,,,,,,,
,,,,,,,,,,,,,,,,,5.61,5.5,,,,,,,,,,,,
,,,,,,,,,,,,,,,,,5.68,5.53,,,,,,,,,,,,
,,,,,,,,,,,,,,,,,,5.59,,,,,,,,,,,,
,,,,,,,,,,,,,,,,,,5.56,,,,,,,,,,,,
,,,,,,,,,,,,,,,,,,5.54,,,,,,,,,,,,
,,,,,,,,,,,,,,,,,,5.53,,,,,,,,,,,,
,,,,,,,,,,,,,,,,,,5.52,,,,,,,,,,,,
,,,,,,,,,,,,,,,,,,5.51,,,,,,,,,,,,
,,,,,,,,,,,,,,,,,,5.5,,,,,,,,,,,,
,,,,,,,,,,,,,,,,,,5.49,,,,,,,,,,,,
,,,,,,,,,,,,,,,,,,5.48,,,,,,,,,,,,
,,,,,,,,,,,,,,,,,,5.5,,,,,,,,,,,,
,,,,,,,,,,,,,,,,,,5.56,,,,,,,,,,,,
