Weight_dn9.1,Weight_dn9.2,Weight_dn9.3,Weight_un9.1,Weight_un9.2,Weight_un9.3,Weight_dp9.1,Weight_dp9.2,Weight_dp9.3,Weight_up9.1,Weight_up9.2,Weight_up9.3
5.0,0.67,1.22,0.53,0.95,1.17,0.66,0.74,0.53,1.68,0.55,0.63
0.88,2.17,2.54,1.46,1.41,1.41,2.7,2.83,2.61,1.71,1.48,1.46
2.39,2.91,2.85,1.4,1.42,1.35,3.56,3.52,3.58,1.71,1.66,1.58
3.0,2.49,2.72,1.2,1.27,1.15,3.56,3.55,3.58,1.7,1.65,1.57
2.93,2.18,2.35,1.06,1.07,1.01,3.55,3.54,3.57,1.68,1.64,1.56
2.55,2.17,2.16,1.06,1.06,1.04,3.53,3.53,3.55,1.67,1.63,1.55
2.27,2.22,2.19,1.09,1.08,1.07,3.53,3.52,3.54,1.67,1.62,1.54
2.33,2.29,2.3,1.12,1.13,1.11,3.53,3.51,3.54,1.67,1.61,1.54
2.39,2.4,2.39,1.17,1.17,1.14,3.54,3.51,3.54,1.66,1.61,1.53
2.48,2.45,2.43,1.2,1.17,1.14,3.54,3.52,3.55,1.6,1.6,1.53
2.54,2.44,2.41,1.18,1.16,1.12,3.49,3.51,3.53,1.47,1.54,1.51
2.53,2.42,2.4,1.17,1.15,1.12,2.99,3.4,3.15,1.36,1.4,1.43
2.51,2.38,2.39,1.17,1.15,1.11,2.88,3.16,2.93,1.33,1.28,1.31
2.5,2.33,2.38,1.15,1.12,1.08,2.88,2.95,2.86,1.34,1.24,1.23
2.5,2.33,2.36,1.14,1.11,1.08,2.88,2.87,2.87,1.34,1.25,1.22
2.46,2.35,2.34,1.14,1.11,1.09,2.88,2.87,2.9,1.35,1.27,1.23
2.46,2.36,2.35,1.14,1.12,1.09,2.89,2.88,2.92,1.37,1.27,1.24
2.47,2.37,2.36,1.15,1.12,1.09,2.89,2.92,2.93,1.37,1.27,1.25
2.48,2.38,2.36,1.15,1.13,1.1,2.89,2.93,2.93,1.37,1.27,1.25
2.49,2.38,2.37,1.15,1.13,1.1,2.9,2.94,2.94,1.38,1.27,1.25
2.49,2.39,2.38,1.15,1.13,1.1,2.91,2.95,2.94,1.37,1.28,1.26
2.5,2.39,2.38,1.16,1.13,1.1,2.91,2.95,2.94,1.38,1.28,1.26
2.5,2.4,2.38,1.16,1.13,1.1,2.92,2.96,2.94,1.38,1.28,1.26
2.51,2.41,2.39,1.16,1.13,1.1,2.94,2.97,2.95,1.38,1.28,1.26
2.51,2.41,2.4,1.16,1.13,1.1,2.94,2.98,2.95,1.38,1.28,1.27
2.52,2.41,2.4,1.16,1.13,1.11,2.96,2.98,2.95,1.38,1.28,1.27
2.52,2.42,2.41,1.16,1.14,1.11,2.97,2.99,2.95,1.38,1.28,1.27
2.53,2.42,2.41,1.16,1.14,1.11,2.97,2.99,2.96,1.38,1.28,1.27
2.53,2.42,2.41,1.16,1.14,1.11,2.97,2.99,2.98,1.38,1.29,1.27
2.54,2.43,2.42,1.17,1.14,1.11,2.98,3.0,2.98,1.38,1.29,1.27
2.54,2.43,2.42,1.17,1.14,1.11,2.98,3.0,2.98,1.38,1.3,1.27
2.55,2.43,2.41,1.17,1.14,1.11,2.98,3.0,2.99,1.38,1.3,1.27
2.54,2.43,2.42,1.17,1.14,1.11,2.99,3.0,2.99,1.38,1.3,1.27
2.54,2.43,2.42,1.17,1.14,1.11,2.99,3.01,2.99,1.38,1.3,1.27
2.55,2.43,2.42,1.17,1.14,1.11,2.99,3.01,2.99,1.38,1.3,1.27
2.55,2.43,2.42,1.17,1.14,1.11,2.99,3.01,2.99,1.38,1.3,1.28
2.55,2.44,2.43,1.17,1.14,1.11,3.0,3.01,2.99,1.39,1.3,1.28
2.56,2.44,2.42,1.17,1.14,1.11,3.0,3.01,3.0,1.39,1.3,1.28
2.56,2.44,2.42,1.17,1.14,1.11,3.0,3.02,3.0,1.38,1.3,1.28
2.56,2.44,2.42,1.17,1.14,1.11,3.01,3.02,3.0,1.38,1.3,1.28
2.56,2.44,2.42,1.17,1.14,1.11,3.01,3.02,3.0,1.39,1.3,1.28
2.56,2.43,2.41,1.17,1.14,1.11,3.01,3.02,3.0,1.39,1.3,1.28
2.55,2.43,2.41,1.17,1.14,1.11,3.01,3.02,3.01,1.39,1.3,1.28
2.55,2.42,2.41,1.16,1.13,1.11,3.01,3.03,3.01,1.39,1.3,1.28
2.55,2.42,2.41,1.16,1.13,1.11,3.02,3.03,3.01,1.39,1.31,1.28
2.55,2.42,2.41,1.16,1.13,1.1,3.02,3.03,3.01,1.39,1.31,1.28
2.55,2.43,2.42,1.16,1.13,1.1,3.02,3.03,3.01,1.39,1.31,1.28
2.55,2.43,2.42,1.15,1.13,1.1,3.02,3.03,3.02,1.39,1.31,1.28
2.55,2.44,2.42,1.15,1.13,1.1,3.03,3.03,3.02,1.39,1.31,1.28
2.55,2.44,2.43,1.15,1.13,1.1,3.03,3.03,3.02,1.39,1.31,1.28
2.56,2.45,2.43,1.16,1.13,1.1,3.03,3.04,3.02,1.39,1.31,1.28
2.56,2.45,2.44,1.16,1.13,1.1,3.03,3.04,3.02,1.39,1.31,1.28
2.56,2.46,2.44,1.16,1.13,1.1,3.03,3.04,3.02,1.39,1.31,1.28
2.57,2.46,2.44,1.16,1.13,1.1,3.04,3.04,3.02,1.39,1.31,1.28
2.57,2.46,2.45,1.16,1.13,1.1,3.04,3.04,3.02,1.39,1.31,1.28
2.58,2.47,2.45,1.17,1.13,1.1,3.04,3.04,3.02,1.39,1.32,1.28
2.58,2.46,2.45,1.17,1.13,1.1,3.04,3.04,3.03,1.39,1.31,1.28
2.58,2.45,2.46,1.17,1.17,1.1,3.04,3.05,3.03,1.39,1.32,1.28
2.59,2.45,3.53,1.17,1.47,1.1,3.05,3.05,3.03,1.39,1.31,1.28
2.59,2.44,4.58,1.17,2.13,1.1,3.05,3.05,3.03,1.39,1.31,1.28
2.59,2.44,4.86,1.17,2.48,1.1,3.05,3.05,3.03,2.3,1.32,1.28
2.59,2.43,4.73,1.17,2.46,1.1,3.05,3.05,3.03,2.96,1.32,1.28
2.59,2.44,4.39,1.17,2.26,1.1,3.05,3.05,3.03,3.0,1.32,1.28
2.59,2.45,4.29,1.17,2.1,1.1,3.06,3.05,3.04,2.99,1.32,1.28
2.63,2.46,4.33,1.16,2.1,1.1,3.06,3.05,3.04,2.97,1.32,1.28
3.04,2.46,4.38,1.16,2.16,1.1,3.06,3.06,3.04,2.96,1.32,1.28
4.18,2.46,4.48,1.17,2.23,1.11,3.06,3.06,3.04,2.95,1.47,1.28
5.08,2.47,4.63,1.31,2.28,1.24,3.06,3.06,3.04,2.95,2.8,1.28
4.83,2.47,4.62,1.84,2.27,1.78,3.06,3.06,3.06,2.89,2.82,1.28
4.55,2.47,4.56,2.3,2.25,2.33,3.07,3.06,3.06,2.55,2.81,1.28
4.53,2.47,4.47,2.08,2.2,2.42,3.07,3.06,3.07,2.55,2.79,1.28
4.58,2.48,4.46,1.86,2.16,2.28,3.1,3.06,3.07,2.57,2.78,1.28
4.64,2.47,4.5,1.81,2.17,2.05,3.1,3.06,3.07,2.57,2.77,1.28
4.75,2.47,4.53,1.84,2.2,2.01,3.1,3.07,3.07,2.57,2.77,1.28
4.85,2.48,4.55,1.87,2.21,2.04,3.1,3.08,3.07,2.58,2.76,1.28
4.84,2.72,4.59,1.93,2.21,2.09,3.1,3.09,3.07,2.58,2.66,1.28
4.78,3.68,4.59,1.99,2.21,2.16,3.1,3.09,3.07,2.59,2.44,1.28
4.72,4.67,4.59,2.01,2.22,2.17,3.1,3.09,3.07,2.59,2.46,1.28
4.73,4.9,4.6,1.97,2.22,2.16,3.11,3.09,3.07,2.59,2.47,1.28
4.76,4.73,4.6,1.92,2.22,2.13,3.11,3.09,3.08,2.59,2.47,1.28
4.79,4.31,4.6,1.91,2.22,2.06,3.11,3.09,3.08,2.6,2.48,1.28
4.8,4.36,4.61,1.93,2.22,2.07,3.11,3.09,3.08,2.6,2.48,1.28
4.81,4.42,4.61,1.95,2.22,2.09,3.11,3.1,3.08,2.6,2.49,1.28
4.83,4.54,4.61,1.96,2.22,2.1,3.11,3.1,3.08,2.6,2.49,1.28
4.84,4.65,4.59,1.96,2.22,2.11,3.12,3.1,3.08,2.6,2.49,1.29
4.85,4.68,4.59,1.97,2.22,2.11,3.12,3.1,3.08,2.6,2.49,1.63
4.85,4.66,4.59,1.97,2.22,2.11,3.12,3.1,3.08,2.61,2.49,2.55
4.85,4.57,4.6,1.98,2.22,2.11,3.12,3.1,3.08,2.61,2.49,2.83
4.85,4.5,4.61,1.98,2.21,2.11,3.12,3.1,3.08,2.61,2.49,2.81
4.86,4.55,4.62,1.98,2.2,2.11,3.12,3.1,3.08,2.61,2.49,2.8
4.86,4.58,4.63,1.98,2.19,2.11,3.12,3.1,3.09,2.61,2.49,2.79
4.87,4.6,4.64,1.98,2.2,2.11,3.13,3.1,3.09,2.61,2.49,2.78
4.85,4.61,4.64,1.98,2.2,2.11,3.13,3.11,3.09,2.61,2.5,2.78
4.84,4.63,4.63,1.98,2.2,2.11,3.13,3.11,3.09,2.61,2.5,2.69
4.84,4.63,4.62,1.99,2.21,2.1,3.13,3.11,3.09,2.61,2.5,2.5
4.85,4.63,4.61,1.98,2.21,2.09,3.13,3.11,3.09,2.61,2.5,2.41
4.86,4.64,4.62,1.96,2.21,2.09,3.13,3.11,3.09,2.61,2.5,2.44
4.87,4.64,4.63,1.96,2.22,2.09,3.13,3.13,3.09,2.61,2.5,2.45
4.88,4.65,4.64,1.97,2.22,2.1,3.13,4.01,3.09,2.61,2.5,2.45
4.89,4.65,4.65,1.97,2.2,2.1,3.14,6.13,3.09,2.61,2.5,2.45
4.89,4.62,4.65,1.98,2.19,2.11,3.14,6.7,3.09,2.61,2.5,2.45
4.89,4.61,4.66,1.98,2.19,2.11,3.14,6.7,3.09,2.61,2.5,2.45
4.89,4.62,4.67,1.99,2.19,2.11,3.14,6.68,3.1,2.62,2.5,2.45
4.89,4.63,4.66,1.99,2.2,2.11,3.31,6.64,3.1,2.62,2.5,2.45
4.89,4.65,4.64,1.99,2.2,2.1,4.94,6.65,3.09,2.62,2.5,2.45
4.89,4.66,4.63,1.99,2.21,2.09,6.46,6.6,3.1,2.62,2.5,2.46
4.88,4.67,4.64,1.98,2.21,2.09,6.6,6.29,3.1,2.62,2.51,2.46
4.88,4.68,4.65,1.97,2.21,2.1,6.59,5.91,3.1,2.62,2.51,2.46
4.89,4.67,4.66,1.97,2.21,2.1,6.58,5.84,3.1,2.62,2.51,2.46
4.89,4.66,4.66,1.97,2.21,2.1,6.57,5.88,3.1,2.62,2.51,2.46
4.91,4.65,4.68,1.98,2.2,2.11,6.58,5.9,3.1,2.62,2.51,2.46
4.91,4.65,4.68,1.98,2.19,2.11,6.58,5.91,3.1,2.62,2.51,2.46
4.92,4.66,4.68,1.99,2.19,2.11,6.5,5.92,3.1,2.63,2.51,2.46
4.93,4.67,4.69,1.99,2.19,2.11,6.19,5.93,3.1,2.77,2.51,2.46
4.93,4.68,4.78,1.99,2.19,2.09,5.98,5.93,3.1,3.64,2.51,2.46
4.93,4.69,5.3,1.99,2.2,2.08,5.99,5.93,3.1,4.18,2.51,2.46
4.91,4.69,6.17,1.99,2.2,2.09,6.0,5.94,3.1,4.2,2.51,2.46
4.9,4.68,6.58,1.98,2.21,2.09,6.01,5.94,3.1,4.18,2.51,2.46
4.91,4.67,6.33,1.98,2.21,2.1,6.01,5.95,3.1,4.16,2.51,2.46
4.92,4.67,6.18,1.98,2.21,2.1,6.02,5.95,3.1,4.15,2.51,2.46
4.93,4.68,6.2,1.98,2.2,2.1,6.03,5.96,3.11,4.14,2.51,2.46
4.94,4.69,6.24,1.99,2.19,2.11,6.03,5.96,3.11,3.87,2.51,2.46
4.94,4.7,6.28,1.99,2.18,2.11,6.04,5.96,3.11,3.79,2.51,2.47
4.95,4.71,6.35,1.99,2.19,2.11,6.05,5.97,3.11,3.79,2.51,2.47
4.95,4.71,6.44,2.0,2.19,2.1,6.05,5.97,3.11,3.81,2.51,2.47
4.95,4.71,6.47,2.0,2.2,2.08,6.06,5.97,3.11,3.82,2.51,2.47
4.94,4.69,6.46,2.0,2.2,2.08,6.06,5.97,3.11,3.83,2.51,2.47
4.92,4.68,6.33,2.0,2.21,2.09,6.07,5.98,3.11,3.83,2.97,2.47
4.92,4.68,6.33,1.99,2.21,2.09,6.09,5.98,3.11,3.83,3.92,2.47
4.93,4.69,6.36,1.99,2.21,2.1,6.09,5.99,3.11,3.83,4.13,2.47
4.94,4.7,6.39,1.98,2.21,2.1,6.1,5.99,3.11,3.83,4.12,2.47
4.95,4.71,6.41,1.98,2.21,2.11,6.11,5.99,3.11,3.83,4.1,2.47
4.96,4.95,6.43,1.98,2.2,2.11,6.11,5.99,3.11,3.84,4.09,2.47
4.96,5.69,6.45,1.98,2.22,2.11,6.11,6.0,3.11,3.84,4.08,2.47
4.97,6.48,6.46,1.99,2.4,2.11,6.12,6.0,3.11,3.84,4.05,2.47
4.97,6.7,6.46,2.0,2.93,2.09,6.12,6.0,3.11,3.84,3.88,2.47
4.96,6.57,6.47,2.07,3.25,2.08,6.12,6.0,3.11,3.84,3.7,2.47
4.95,6.31,6.46,2.45,3.02,2.08,6.13,6.01,3.11,3.84,3.71,2.47
4.94,6.25,6.44,2.87,2.81,2.09,6.13,6.01,3.11,3.84,3.73,2.47
4.95,6.28,6.43,2.84,2.62,2.1,6.13,6.01,3.12,3.84,3.73,2.47
4.96,6.32,6.44,2.67,2.59,2.18,6.14,6.01,3.12,3.84,3.73,2.47
4.97,6.48,6.45,2.55,2.62,3.02,6.14,6.01,3.12,3.84,3.74,2.47
4.97,6.54,6.46,2.56,2.69,3.01,6.15,6.02,3.12,3.85,3.74,2.47
4.98,6.54,6.47,2.6,2.75,2.91,6.15,6.02,3.12,3.85,3.74,2.47
5.13,6.51,6.48,2.63,2.8,2.71,6.15,6.02,3.12,3.85,3.74,2.47
5.75,6.43,6.48,2.69,2.81,2.6,6.16,6.03,3.12,3.85,3.74,2.47
6.61,6.42,6.47,2.76,2.79,2.61,6.16,6.05,3.12,3.85,3.74,2.47
6.91,6.44,6.47,2.78,2.72,2.64,6.16,6.06,3.14,3.85,3.74,2.47
6.82,6.47,6.46,2.74,2.69,2.68,6.16,6.06,4.03,3.85,3.74,2.48
6.55,6.5,6.47,2.68,2.7,2.74,6.17,6.06,6.46,3.86,3.74,2.48
6.44,6.51,6.47,2.67,2.72,2.84,6.17,6.06,6.47,3.86,3.74,2.48
6.46,6.52,6.48,2.69,2.76,2.84,6.18,6.06,6.46,3.86,3.75,2.49
6.5,6.53,6.49,2.71,2.79,2.78,6.18,6.07,6.44,3.86,3.75,2.49
6.65,6.53,6.5,2.73,2.8,2.71,6.18,6.07,6.42,3.86,3.75,2.49
6.73,6.53,6.5,2.75,2.8,2.71,6.18,6.07,6.41,3.86,3.75,2.49
6.75,6.53,6.48,2.76,2.8,2.74,6.19,6.07,6.41,3.86,3.75,2.49
6.74,6.5,6.47,2.77,2.8,2.76,6.19,6.07,6.42,3.86,3.75,2.5
6.67,6.49,6.47,2.77,2.79,2.78,6.19,6.08,6.38,3.86,3.75,2.5
6.62,6.51,6.48,2.77,2.77,2.81,6.19,6.08,6.17,3.87,3.75,2.5
6.63,6.53,6.49,2.77,2.76,2.82,6.2,6.08,5.95,3.87,3.75,2.5
6.66,6.54,6.5,2.76,2.77,2.82,6.2,6.08,5.91,3.87,3.75,2.5
6.71,6.55,6.51,2.74,2.78,2.83,6.2,6.08,5.92,3.87,3.75,2.5
6.73,6.55,6.52,2.74,2.79,2.82,6.2,6.08,5.93,3.87,3.75,2.5
6.74,6.56,6.51,2.75,2.8,2.79,6.21,6.09,5.93,3.87,3.75,2.5
6.75,6.54,6.5,2.77,2.8,2.78,6.21,6.09,5.94,3.87,3.75,2.5
6.75,6.52,6.49,2.78,2.81,2.78,6.21,6.09,5.95,3.87,3.75,2.5
6.76,6.53,6.49,2.78,2.81,2.8,6.22,6.09,5.97,3.87,3.75,2.5
6.76,6.54,6.5,2.79,2.81,2.82,6.22,6.09,5.97,3.87,3.76,2.5
6.75,6.55,6.51,2.79,2.78,2.82,6.22,6.09,5.98,3.87,3.76,2.5
6.72,6.56,6.51,2.79,2.78,2.83,6.22,6.1,5.98,3.87,3.76,2.5
6.73,6.57,6.53,2.77,2.79,2.83,6.22,6.1,5.98,3.87,3.76,2.5
6.75,6.57,6.57,2.76,2.8,2.83,6.22,6.1,5.98,3.87,3.76,2.5
6.76,6.55,6.77,2.76,2.8,2.83,6.23,6.1,5.99,3.88,3.76,2.5
6.77,6.54,7.23,2.78,2.81,2.82,6.23,6.1,5.99,4.21,3.76,2.5
6.78,6.54,7.34,2.79,2.81,2.8,6.26,6.1,5.99,5.12,3.77,3.46
6.79,6.56,6.61,2.79,2.82,2.8,6.26,6.11,6.0,5.38,3.77,3.99
6.79,6.57,6.4,2.8,2.81,2.82,6.26,6.11,6.0,5.36,3.77,4.01
6.79,6.58,6.35,2.81,2.8,2.83,6.26,6.11,6.0,5.34,3.77,3.99
6.77,6.58,6.29,2.8,2.79,2.83,6.27,6.11,6.01,5.32,3.77,3.98
6.77,6.58,6.33,2.79,2.79,2.84,6.27,6.11,6.01,5.31,3.77,3.97
6.78,6.57,6.36,2.78,2.79,2.84,6.27,6.11,6.01,5.31,3.77,3.96
6.79,6.55,6.4,2.78,2.8,2.84,6.27,6.11,6.01,5.09,3.77,3.96
6.8,6.55,6.43,2.79,2.81,2.84,6.27,6.12,6.01,5.02,3.77,3.94
6.81,6.57,6.49,2.8,2.82,2.83,6.28,6.78,6.02,5.04,3.77,3.67
6.81,6.58,6.53,2.8,2.82,2.82,6.28,8.99,6.02,5.06,3.77,3.67
6.81,6.58,6.55,2.81,2.82,2.82,6.28,9.81,6.02,5.07,3.78,3.69
6.8,6.59,6.55,2.81,2.82,2.83,6.28,9.82,6.03,5.07,3.78,3.69
6.79,6.59,6.49,2.81,2.81,2.84,6.28,9.79,6.03,5.07,3.78,3.7
6.79,6.58,6.49,2.81,2.81,2.84,6.29,9.77,6.03,5.07,3.78,3.7
6.8,6.56,6.5,2.79,2.81,2.85,6.29,9.76,6.03,5.08,3.78,3.7
6.81,6.55,6.52,2.79,2.81,2.85,6.29,9.55,6.03,5.08,3.78,3.7
6.82,6.56,6.54,2.79,2.81,2.85,6.29,9.14,6.03,5.08,3.78,3.71
6.83,6.59,6.56,2.8,2.81,2.83,6.3,9.02,6.04,5.08,3.78,3.71
6.83,6.69,6.57,2.81,2.82,2.82,6.3,9.06,6.04,5.08,3.78,3.72
6.82,7.06,6.58,2.81,2.83,2.83,6.3,9.09,6.04,5.08,3.78,3.72
6.8,7.49,6.59,2.82,2.83,2.84,6.3,9.1,6.05,5.08,3.78,3.72
6.8,7.07,6.6,2.82,2.83,2.84,6.3,9.12,6.05,5.08,3.78,3.72
6.81,6.51,6.6,2.81,2.83,2.85,6.3,9.13,6.05,5.09,3.8,3.72
6.82,6.48,6.61,2.8,2.82,2.85,6.3,9.14,6.05,5.09,4.29,3.72
6.83,6.38,6.6,2.79,2.82,2.86,6.31,9.15,6.05,5.09,5.22,3.72
6.84,6.35,6.59,2.8,2.82,2.86,6.31,9.15,6.05,5.09,5.39,3.72
6.84,6.42,6.58,2.81,2.82,2.84,6.31,9.16,6.06,5.09,5.37,3.72
6.84,6.46,6.59,2.81,2.81,2.83,6.31,9.16,6.06,5.09,5.35,3.72
6.84,6.5,6.6,2.82,2.82,2.83,6.31,9.17,6.06,5.09,5.33,3.72
6.83,6.56,6.62,2.82,2.82,2.84,6.32,9.17,6.06,5.09,5.32,3.73
6.82,6.61,6.63,2.83,2.82,2.84,6.32,9.18,6.06,5.09,5.0,3.73
6.82,6.63,6.63,2.83,2.82,2.85,6.32,9.21,6.06,5.09,4.97,3.73
6.82,6.64,6.64,3.06,2.83,2.89,6.32,9.21,6.06,5.09,4.98,3.74
6.83,6.6,6.64,3.51,2.83,3.1,6.32,9.22,6.08,5.1,4.98,3.74
6.84,6.56,6.63,3.95,2.83,3.56,6.32,9.22,6.09,5.1,5.0,3.74
6.85,6.58,6.62,4.1,2.84,4.09,6.33,9.23,6.09,5.1,5.0,3.74
6.85,6.6,6.62,4.09,2.83,4.06,6.33,9.23,6.1,5.1,5.0,3.74
6.86,6.62,6.62,3.97,2.83,3.91,6.33,9.23,6.1,5.1,5.0,3.74
6.85,6.64,6.64,3.82,2.84,3.77,6.74,9.24,6.1,5.1,5.0,3.74
6.83,6.66,6.64,3.81,2.94,3.75,8.94,9.24,6.1,5.1,5.01,3.74
6.83,6.67,6.65,3.82,3.32,3.77,10.25,9.25,6.1,5.1,5.01,3.74
6.83,6.68,6.66,3.87,3.8,3.79,10.31,9.25,6.1,5.1,5.01,3.74
6.85,6.68,6.66,3.9,4.05,3.8,10.28,9.26,6.1,5.1,5.01,3.74
6.95,6.69,6.65,3.95,4.06,3.83,10.28,9.26,6.11,5.1,5.01,3.74
7.32,6.68,6.64,4.0,3.79,3.93,10.22,9.26,6.11,5.1,5.01,3.74
7.78,6.67,6.64,4.02,3.72,3.93,9.8,9.27,6.11,5.1,5.02,3.74
7.28,6.66,6.65,4.01,3.73,3.92,9.36,9.27,6.11,5.1,5.02,3.74
7.23,6.67,6.65,3.95,3.74,3.87,9.3,9.27,6.11,5.1,5.02,3.74
7.12,6.68,6.66,3.9,3.76,3.82,9.32,9.28,6.11,5.1,5.02,3.74
7.09,6.69,6.67,3.91,3.78,3.81,9.34,9.28,6.11,5.1,5.03,3.74
7.11,6.7,6.67,3.92,3.82,3.83,9.37,9.28,6.12,5.1,5.03,3.74
7.14,6.72,6.68,3.94,3.86,3.84,9.38,9.29,6.12,5.11,5.03,3.74
7.17,6.72,6.67,3.95,3.89,3.86,9.39,9.29,6.12,5.11,5.03,3.74
7.2,6.71,6.66,3.97,3.85,3.87,9.4,9.29,6.12,5.11,5.03,3.74
7.24,6.69,6.65,3.98,3.78,3.88,9.4,9.3,6.12,5.19,5.03,3.74
7.32,6.68,6.67,3.98,3.75,3.88,9.42,9.3,6.12,5.94,5.03,3.74
7.32,6.69,6.75,3.98,3.76,3.88,9.43,9.3,6.12,6.58,5.03,3.74
7.31,6.7,6.95,3.98,3.77,3.88,9.44,9.31,6.12,6.61,5.03,3.74
7.27,6.71,7.2,3.99,3.79,3.88,9.45,9.31,6.13,6.56,5.03,3.74
7.26,6.72,7.39,3.96,3.8,3.89,9.46,9.31,6.13,6.55,5.03,3.74
7.27,6.74,7.5,3.94,3.81,3.88,9.47,9.31,6.13,6.54,5.03,3.75
7.28,6.74,7.57,3.94,3.83,3.83,9.47,9.32,6.13,6.45,5.03,3.75
7.3,6.74,7.6,3.94,3.83,3.83,9.48,9.32,6.13,6.3,5.04,3.75
7.33,6.72,7.61,3.95,3.83,3.84,9.48,9.32,6.13,6.27,5.04,3.75
7.34,6.71,7.56,3.96,3.83,3.85,9.49,9.32,6.13,6.28,5.04,3.75
7.34,6.71,7.52,3.97,3.83,3.86,9.5,9.33,6.13,6.29,5.04,3.75
7.34,6.72,7.52,3.98,3.82,3.87,9.52,9.33,6.13,6.3,5.04,3.75
7.35,6.73,7.53,3.99,3.8,3.87,9.52,9.33,6.14,6.3,5.04,3.75
7.35,6.74,7.53,3.99,3.79,3.88,9.53,9.33,6.14,6.3,5.04,3.75
7.34,6.75,7.54,3.97,3.78,3.88,9.54,9.34,6.14,6.31,5.04,3.75
7.32,6.76,7.56,3.95,3.8,3.87,9.54,9.34,6.14,6.31,5.04,3.75
7.31,6.76,7.57,3.94,3.8,3.85,9.55,9.34,6.14,6.32,5.04,3.75
7.33,6.74,7.59,3.94,3.81,3.84,9.55,9.34,6.14,6.32,5.04,3.75
7.35,6.73,7.6,3.95,3.81,3.84,9.56,9.34,6.14,6.32,5.04,3.75
7.35,6.73,7.61,3.96,3.82,3.85,9.56,9.35,6.14,6.32,5.04,3.75
7.36,6.73,7.62,3.98,3.82,3.86,9.56,9.35,6.14,6.32,5.04,3.75
7.37,6.74,7.62,3.99,3.8,3.87,9.57,9.35,6.15,6.33,5.04,3.75
7.37,6.76,7.63,3.99,3.79,3.87,9.57,9.35,6.15,6.33,5.04,3.75
7.37,6.77,7.64,3.99,3.78,3.88,9.58,9.36,6.15,6.33,5.04,3.75
7.37,6.77,7.64,3.99,3.79,3.88,9.58,9.36,6.15,6.33,5.04,3.75
7.35,6.77,7.64,3.97,3.8,3.86,9.59,9.36,6.15,6.33,5.04,3.75
7.35,6.76,7.64,3.96,3.81,3.84,9.59,9.36,6.15,6.33,5.08,3.75
7.35,6.74,7.63,3.95,3.81,3.83,9.59,9.36,6.15,6.33,6.52,3.75
7.37,6.74,7.62,3.96,3.82,3.84,9.6,9.37,6.15,6.33,6.62,3.75
7.37,6.74,7.62,3.97,3.82,3.85,9.6,9.37,6.15,6.33,6.6,3.75
7.38,6.75,7.62,3.98,3.81,3.86,9.61,9.37,6.15,6.33,6.57,3.75
7.39,6.77,7.62,3.98,3.79,3.87,9.61,9.37,6.15,6.34,6.56,3.75
7.39,6.78,7.62,3.99,3.78,3.88,9.61,9.37,6.16,6.34,6.51,3.75
7.39,6.78,7.63,3.99,3.79,3.88,9.62,9.38,6.16,6.34,6.31,3.75
7.36,6.78,7.64,3.99,3.79,3.89,9.62,9.38,6.16,6.34,6.22,3.75
7.35,6.77,7.64,3.97,3.8,3.88,9.62,9.38,6.16,6.34,6.26,3.75
7.36,6.76,7.65,3.95,3.81,3.87,9.62,9.38,6.16,6.34,6.26,3.75
7.37,6.75,7.65,3.96,3.81,3.85,9.63,9.38,6.16,6.34,6.26,3.75
7.38,6.75,7.66,3.96,3.82,3.85,9.63,9.39,6.16,6.34,6.27,3.75
7.39,6.79,7.66,3.97,3.82,3.85,9.64,9.39,6.16,6.34,6.27,3.75
7.39,6.89,7.65,3.98,3.81,3.9,9.64,9.39,6.16,6.34,6.27,3.79
7.4,7.11,7.63,3.99,3.78,4.02,9.64,9.39,6.16,6.34,6.27,4.4
7.4,7.35,7.63,3.99,3.78,4.3,9.64,9.39,6.17,6.34,6.28,5.16
7.39,7.52,7.63,4.0,3.78,4.59,9.65,9.39,6.17,6.34,6.28,5.24
7.37,7.63,7.63,3.99,3.79,4.79,9.65,9.4,6.17,6.35,6.28,5.22
7.37,7.68,7.64,3.98,3.8,4.73,9.65,9.42,6.17,6.35,6.29,5.21
7.37,7.7,7.64,3.96,3.81,4.26,9.65,9.42,6.17,6.35,6.29,5.19
7.38,7.69,7.65,3.98,3.82,4.12,9.66,9.42,6.17,6.35,6.29,5.18
7.39,7.61,7.66,4.07,3.82,4.16,9.66,9.51,6.17,6.36,6.29,5.17
7.4,7.61,7.66,4.32,3.81,4.19,9.67,10.96,6.17,6.36,6.29,5.1
7.4,7.61,7.67,4.64,3.79,4.15,9.67,12.86,6.17,6.36,6.29,4.97
7.41,7.62,7.67,4.89,3.77,4.12,9.67,13.09,6.17,6.36,6.29,4.94
7.4,7.63,7.64,5.02,3.77,4.12,9.67,13.07,6.17,6.36,6.29,4.95
7.39,7.65,7.63,5.07,3.78,4.13,9.67,13.04,6.17,6.36,6.29,4.96
7.38,7.66,7.63,5.02,3.79,4.15,9.68,13.02,6.17,6.36,6.29,4.97
7.38,7.67,7.63,4.77,3.8,4.16,9.68,12.86,6.18,6.36,6.29,4.98
7.39,7.68,7.63,4.62,3.81,4.18,9.68,12.47,6.2,6.36,6.3,4.99
7.39,7.7,7.64,4.49,3.81,4.22,9.69,12.36,6.2,6.37,6.3,4.99
7.4,7.71,7.65,4.43,3.82,4.23,9.69,12.4,6.2,6.36,6.31,4.99
7.41,7.71,7.65,4.42,3.82,4.25,9.69,12.43,6.2,6.37,6.31,4.99
7.41,7.71,7.67,4.43,3.82,4.26,9.69,12.44,6.2,6.37,6.31,4.99
7.41,7.71,7.67,4.44,3.81,4.27,9.69,12.44,6.2,6.37,6.31,4.99
7.4,7.72,7.67,4.45,3.79,4.28,9.7,12.47,6.2,6.37,6.31,4.99
7.39,7.71,7.61,4.48,3.78,4.29,9.7,12.49,6.2,7.71,6.31,4.99
7.39,7.69,6.25,4.49,3.78,4.3,9.7,12.49,6.26,7.98,6.31,4.99
7.39,7.68,3.1,4.51,3.79,4.3,9.7,12.5,9.47,7.95,6.31,4.99
7.4,7.68,1.72,4.52,3.81,4.31,9.71,12.5,9.85,7.92,6.31,4.99
7.41,7.69,1.45,4.53,3.81,4.3,9.71,12.51,9.84,7.9,6.31,4.99
7.41,7.69,1.31,4.54,3.82,4.27,9.71,12.51,9.81,7.76,6.31,4.99
7.42,7.7,1.12,4.55,3.82,4.26,9.71,12.52,9.79,7.53,6.31,4.99
7.41,7.71,1.06,4.56,3.83,4.26,9.71,12.53,9.79,7.49,6.32,5.0
7.4,7.72,1.01,4.57,3.82,4.26,9.72,12.55,9.79,7.51,6.32,5.0
7.41,7.72,0.96,4.58,3.8,4.27,9.72,12.56,9.61,7.52,6.32,5.0
7.47,7.73,0.92,4.58,3.79,4.29,9.72,12.56,9.09,7.52,6.32,5.0
7.66,7.72,0.88,4.56,3.85,4.3,9.72,12.57,9.11,7.52,6.32,5.0
7.91,7.71,0.85,4.53,4.38,4.32,9.73,12.57,9.13,7.52,6.32,5.0
8.11,7.7,0.82,4.51,4.64,4.33,9.73,12.58,9.14,7.53,6.32,5.0
8.29,7.7,,4.52,4.49,4.34,9.73,12.58,9.15,7.53,6.32,5.0
8.32,7.7,,4.52,4.15,4.35,9.73,12.59,9.17,7.53,6.32,5.0
8.33,7.7,,4.53,4.16,4.35,9.73,12.59,9.18,7.53,6.32,5.0
8.31,7.71,,4.56,4.2,4.36,9.74,12.6,9.2,7.53,6.32,5.0
8.26,7.71,,4.57,4.22,4.36,9.74,12.6,9.22,7.54,6.32,5.0
8.22,7.73,,4.58,4.19,4.34,9.74,12.6,9.23,7.54,6.32,5.0
8.21,7.73,,4.59,4.14,4.31,9.74,12.61,9.24,7.54,6.32,5.0
8.21,7.74,,4.6,4.14,4.31,9.74,12.61,9.24,7.54,6.32,5.0
8.21,7.73,,4.6,4.15,4.31,9.75,12.61,9.25,7.54,6.32,5.0
8.22,7.72,,4.61,4.17,4.32,9.75,12.62,9.25,7.54,6.32,5.0
8.23,7.7,,4.61,4.19,4.33,9.75,12.62,9.25,7.54,6.33,5.0
8.23,7.69,,4.6,4.21,4.34,9.75,12.63,9.26,7.54,6.33,5.0
8.24,7.69,,4.56,4.23,4.35,9.75,12.63,9.26,7.55,6.33,5.0
8.24,7.7,,4.56,4.25,4.36,9.77,12.63,9.27,7.55,6.33,5.01
8.25,7.71,,4.56,4.26,4.37,10.58,12.64,9.27,7.55,6.33,5.01
8.25,7.72,,4.57,4.29,4.39,12.86,12.64,9.28,7.55,6.33,5.01
8.25,7.72,,4.57,4.3,4.39,13.57,12.64,9.28,7.56,6.33,5.01
8.25,7.73,,4.58,4.31,4.39,13.56,12.64,9.28,7.56,6.33,5.01
8.25,7.74,,4.59,4.32,4.37,13.53,12.65,9.29,7.56,6.33,5.01
8.24,7.74,,4.6,4.32,4.35,13.51,12.65,9.29,7.56,7.35,5.01
8.23,7.74,,4.62,4.33,4.35,13.51,12.65,9.29,7.56,7.84,5.01
8.22,7.73,,4.63,4.34,4.35,13.44,12.66,9.3,7.57,7.83,5.01
8.21,7.71,,4.63,4.34,4.35,12.81,12.66,9.3,7.57,7.8,5.01
8.2,5.72,,4.64,4.32,4.36,12.83,12.66,9.31,7.57,7.79,5.01
8.2,2.69,,4.63,4.28,4.37,12.88,12.67,9.31,7.57,7.78,5.01
8.2,1.69,,4.61,4.29,4.38,12.9,12.67,9.31,7.58,7.68,5.01
8.2,1.46,,4.59,4.3,4.39,12.91,12.67,9.31,7.58,7.52,5.01
8.21,1.33,,4.59,4.31,4.4,12.92,12.67,9.32,7.58,7.51,5.01
8.21,1.22,,4.59,4.32,4.41,12.94,12.68,9.32,7.59,7.52,5.01
8.21,1.15,,4.6,4.33,4.41,12.95,12.68,9.32,7.59,7.53,5.01
8.22,1.08,,4.61,4.34,4.42,12.96,12.68,9.32,7.59,7.53,5.01
8.21,0.98,,4.62,4.35,4.41,12.97,12.68,9.33,7.59,7.53,5.01
8.2,0.94,,4.63,4.37,4.37,12.98,12.69,9.33,7.59,7.53,5.02
8.19,0.9,,4.64,4.38,4.36,12.99,12.69,9.33,7.6,7.53,5.02
8.18,0.87,,4.64,4.38,4.37,12.99,12.69,9.34,7.6,7.54,5.02
8.18,,,4.65,4.38,4.37,13.0,12.69,9.34,7.6,7.54,5.02
8.18,,,4.65,4.36,4.38,13.01,12.7,9.34,7.6,7.54,5.02
8.18,,,4.64,4.34,4.39,13.01,12.7,9.34,7.6,7.54,5.02
8.19,,,4.61,4.33,4.4,13.02,12.7,9.34,7.6,7.54,5.02
8.19,,,4.6,4.33,4.41,13.03,12.7,9.35,7.6,7.54,5.02
8.2,,,4.61,4.34,4.42,13.03,12.71,9.35,7.6,7.54,5.02
8.2,,,4.61,4.36,4.43,13.04,12.71,9.35,7.6,7.55,5.02
8.2,,,4.61,4.37,4.43,13.04,12.71,9.36,7.6,7.55,5.02
8.2,,,4.01,4.38,4.44,13.05,12.71,9.36,7.6,7.55,5.02
8.18,,,1.3,4.39,4.43,13.05,12.71,9.36,7.6,7.55,5.02
8.17,,,0.62,4.4,4.4,13.06,12.72,9.36,7.6,7.55,5.02
8.16,,,0.64,4.4,4.39,13.06,12.72,9.36,7.61,7.55,5.02
8.16,,,0.64,4.41,4.39,13.06,12.72,9.36,7.61,7.55,5.02
8.17,,,0.65,4.41,4.39,13.07,12.72,9.37,7.61,7.55,5.02
8.17,,,0.66,4.37,4.4,13.08,12.73,9.37,7.61,7.55,5.02
8.17,,,0.66,4.36,4.41,13.08,12.73,9.37,7.61,7.55,5.02
8.18,,,0.67,4.36,4.42,13.09,12.73,9.38,7.61,7.55,5.02
8.19,,,0.67,4.36,4.43,13.09,12.73,9.38,7.61,7.56,5.02
8.19,,,0.68,4.37,4.38,13.09,12.73,9.38,7.91,7.56,5.02
8.2,,,0.68,4.38,3.07,13.1,12.74,9.38,8.82,7.56,5.02
8.19,,,0.68,4.39,0.65,13.1,12.74,9.38,9.07,7.56,5.02
8.19,,,0.69,4.4,0.72,13.11,13.33,9.38,9.04,7.56,5.02
8.17,,,0.69,4.41,0.75,13.11,15.46,9.39,9.02,7.56,5.02
8.17,,,0.69,4.42,0.76,13.12,16.31,9.39,8.95,7.56,5.03
8.16,,,0.69,4.43,0.77,13.12,16.28,9.39,8.76,7.56,5.03
8.17,,,0.69,4.44,,13.12,16.24,9.39,8.71,7.56,5.03
8.17,,,,4.43,,13.13,16.22,9.39,8.73,7.56,5.03
8.17,,,,4.4,,13.13,16.02,9.4,8.74,7.56,5.03
8.18,,,,4.38,,13.13,15.63,9.4,8.75,7.56,5.03
8.18,,,,4.37,,13.14,15.54,9.4,8.76,7.56,5.03
8.19,,,,4.38,,13.14,15.58,9.4,8.76,7.56,5.03
8.19,,,,4.38,,13.14,15.62,9.4,8.77,7.56,5.03
8.19,,,,4.4,,13.15,15.65,9.4,8.77,7.56,5.03
8.18,,,,4.41,,13.15,15.66,9.41,8.77,7.56,5.03
8.15,,,,4.42,,13.15,15.66,9.41,8.77,7.57,5.03
8.15,,,,4.43,,13.16,15.67,9.41,8.77,7.58,5.03
8.15,,,,4.44,,13.16,15.68,9.41,8.77,7.58,5.03
7.79,,,,4.45,,13.16,15.69,9.58,8.78,7.58,5.03
5.25,,,,4.45,,13.17,15.69,11.3,8.79,7.58,5.14
2.6,,,,4.46,,13.17,15.7,13.1,8.79,7.58,6.56
1.95,,,,4.43,,13.17,15.7,13.07,8.79,7.58,6.57
1.74,,,,4.4,,13.18,15.71,13.04,8.79,7.58,6.55
1.6,,,,4.39,,13.18,15.71,13.03,8.79,7.58,6.53
1.42,,,,4.4,,13.18,15.71,13.02,8.79,7.58,6.52
1.36,,,,4.4,,13.18,15.72,12.85,8.79,7.58,6.47
1.3,,,,4.41,,13.18,15.73,12.44,8.79,7.58,6.31
1.26,,,,4.42,,13.19,15.73,12.31,8.8,7.58,6.23
1.21,,,,4.43,,13.2,15.73,12.41,8.8,7.58,6.23
1.18,,,,4.39,,13.21,15.74,12.43,8.8,7.59,6.24
1.14,,,,0.66,,13.22,15.74,12.44,8.8,7.59,6.24
1.11,,,,0.74,,13.22,15.74,12.44,8.8,7.58,6.24
1.05,,,,0.76,,13.22,15.75,12.45,8.8,7.59,6.24
1.03,,,,0.77,,13.23,15.75,12.45,8.8,7.59,6.24
,,,,0.78,,13.23,15.76,12.46,8.8,7.59,6.24
,,,,0.79,,13.23,15.76,12.47,8.8,7.59,6.24
,,,,0.8,,13.23,15.76,12.47,8.8,7.59,6.25
,,,,0.81,,13.24,15.77,12.48,8.81,7.59,6.25
,,,,0.81,,13.24,15.77,12.5,8.81,7.65,6.25
,,,,0.81,,13.24,15.77,12.51,8.81,8.33,6.25
,,,,0.82,,13.37,15.77,12.52,8.81,9.03,6.25
,,,,0.82,,14.99,15.78,12.52,8.81,9.06,6.25
,,,,0.82,,16.83,15.78,12.53,8.81,9.02,6.25
,,,,0.82,,17.0,15.78,12.53,8.81,9.0,6.26
,,,,0.83,,16.96,15.79,12.54,8.81,8.89,6.26
,,,,0.83,,16.93,15.79,12.54,8.81,8.75,6.26
,,,,,,16.83,15.79,12.55,8.81,8.73,6.26
,,,,,,16.42,15.79,12.55,8.81,8.74,6.26
,,,,,,16.23,15.8,12.55,8.81,8.74,6.26
,,,,,,16.27,15.8,12.56,8.81,8.75,6.26
,,,,,,16.31,15.8,12.56,8.82,8.76,6.26
,,,,,,16.34,15.81,12.57,8.82,8.76,6.26
,,,,,,16.36,15.81,12.57,8.83,8.76,6.26
,,,,,,16.37,15.81,12.57,8.83,8.77,6.27
,,,,,,16.38,15.81,12.58,8.83,8.77,6.28
,,,,,,16.39,15.81,12.58,8.83,8.77,6.28
,,,,,,16.4,15.82,12.58,8.83,8.78,6.28
,,,,,,16.41,15.82,12.59,8.83,8.78,6.28
,,,,,,16.41,15.82,12.59,8.83,8.78,6.28
,,,,,,16.42,15.82,12.59,8.83,8.78,6.28
,,,,,,16.43,15.83,12.6,8.83,8.78,6.28
,,,,,,16.43,15.83,12.6,8.83,8.78,6.28
,,,,,,16.44,15.83,12.6,8.83,8.79,6.28
,,,,,,16.45,15.83,12.61,8.83,8.79,6.28
,,,,,,16.45,15.83,12.61,7.96,8.79,6.28
,,,,,,16.46,15.84,12.61,3.74,8.79,6.28
,,,,,,16.46,15.85,12.61,0.96,8.79,6.28
,,,,,,16.47,15.86,12.62,0.64,8.79,6.28
,,,,,,16.47,15.86,12.62,0.56,8.79,6.28
,,,,,,16.48,15.86,12.62,0.51,8.79,6.28
,,,,,,16.48,15.87,12.62,,8.79,6.28
,,,,,,16.49,15.87,12.63,,8.79,6.28
,,,,,,16.5,15.87,12.63,,8.8,6.28
,,,,,,16.5,15.87,12.63,,8.8,6.28
,,,,,,16.5,15.87,12.64,,8.8,6.28
,,,,,,16.51,15.87,12.64,,8.8,6.28
,,,,,,16.51,15.88,12.64,,8.8,6.28
,,,,,,16.52,15.88,12.64,,8.8,6.29
,,,,,,16.52,15.88,12.64,,8.8,6.29
,,,,,,16.53,15.88,12.65,,8.8,6.29
,,,,,,16.53,15.88,12.65,,8.8,6.29
,,,,,,16.53,15.88,12.65,,8.8,6.29
,,,,,,16.54,15.89,12.65,,8.8,6.29
,,,,,,16.54,15.89,12.66,,8.8,6.29
,,,,,,16.54,15.89,12.68,,8.8,6.29
,,,,,,16.55,15.89,12.68,,8.8,6.29
,,,,,,16.55,15.89,12.69,,8.8,6.29
,,,,,,16.55,15.9,12.69,,8.81,6.29
,,,,,,16.56,15.9,12.69,,8.81,6.29
,,,,,,16.56,15.9,12.69,,8.81,6.29
,,,,,,16.57,15.9,12.7,,8.81,6.29
,,,,,,16.57,15.9,12.7,,8.81,6.29
,,,,,,16.57,15.9,12.7,,8.81,6.29
,,,,,,16.57,15.9,12.7,,8.81,6.29
,,,,,,16.58,15.91,12.7,,8.81,6.29
,,,,,,16.58,15.91,12.7,,8.81,6.29
,,,,,,16.59,15.91,12.71,,8.81,6.29
,,,,,,16.59,15.91,12.71,,8.81,6.29
,,,,,,16.59,15.91,12.71,,8.81,6.29
,,,,,,16.59,15.91,12.72,,8.81,6.29
,,,,,,16.6,15.91,12.72,,8.81,6.29
,,,,,,16.6,15.91,12.72,,8.81,6.29
,,,,,,16.6,15.92,12.72,,8.81,6.29
,,,,,,16.6,15.92,12.72,,8.82,6.29
,,,,,,16.61,15.92,12.99,,8.83,6.29
,,,,,,16.61,15.92,14.9,,8.83,6.29
,,,,,,16.61,15.92,16.31,,8.83,6.29
,,,,,,16.61,15.92,16.27,,8.84,6.29
,,,,,,16.62,15.92,16.24,,8.84,6.29
,,,,,,16.64,15.93,16.23,,8.62,6.3
,,,,,,16.64,15.93,16.07,,,6.3
,,,,,,16.64,15.93,15.64,,,6.3
,,,,,,16.65,15.93,15.51,,,6.3
,,,,,,16.65,16.13,15.56,,,6.3
,,,,,,16.65,17.85,15.61,,,6.3
,,,,,,16.66,19.31,15.62,,,6.3
,,,,,,16.66,19.36,15.63,,,6.3
,,,,,,16.66,19.3,15.64,,,6.3
,,,,,,16.66,19.27,15.64,,,6.3
,,,,,,16.66,19.23,15.65,,,6.3
,,,,,,16.67,18.59,15.65,,,6.3
,,,,,,16.67,18.6,15.66,,,6.3
,,,,,,16.67,18.64,15.66,,,6.3
,,,,,,16.67,18.66,15.67,,,6.3
,,,,,,16.68,18.67,15.68,,,6.3
,,,,,,16.68,18.68,15.68,,,6.3
,,,,,,16.68,18.69,15.68,,,6.31
,,,,,,16.68,18.69,15.69,,,6.31
,,,,,,16.68,18.7,15.69,,,6.31
,,,,,,17.08,18.71,15.7,,,6.3
,,,,,,19.08,18.71,15.7,,,6.3
,,,,,,20.18,18.71,15.71,,,6.31
,,,,,,20.16,18.72,15.71,,,6.31
,,,,,,20.15,18.72,15.71,,,6.31
,,,,,,20.04,18.72,15.72,,,6.31
,,,,,,19.63,18.73,15.72,,,6.31
,,,,,,19.45,18.73,15.72,,,6.31
,,,,,,19.47,18.74,15.72,,,6.31
,,,,,,19.49,18.74,15.73,,,6.31
,,,,,,19.55,18.74,15.73,,,6.31
,,,,,,19.56,18.75,15.74,,,6.31
,,,,,,19.57,18.75,15.74,,,6.31
,,,,,,19.57,18.75,15.74,,,6.34
,,,,,,19.58,18.75,15.74,,,6.87
,,,,,,19.59,18.76,15.75,,,7.7
,,,,,,19.6,18.76,15.75,,,7.81
,,,,,,19.61,18.76,15.75,,,7.78
,,,,,,19.61,18.77,15.75,,,7.76
,,,,,,19.64,18.77,15.76,,,7.74
,,,,,,19.65,18.77,15.76,,,7.61
,,,,,,19.66,18.77,15.76,,,7.46
,,,,,,19.66,18.77,15.77,,,7.46
,,,,,,19.67,18.78,15.79,,,7.48
,,,,,,19.67,18.78,15.79,,,7.49
,,,,,,19.68,18.78,15.8,,,7.5
,,,,,,19.68,18.78,15.8,,,7.5
,,,,,,19.69,18.78,15.8,,,7.5
,,,,,,19.7,18.79,15.8,,,7.51
,,,,,,19.7,18.81,15.81,,,7.51
,,,,,,19.7,18.82,15.81,,,7.51
,,,,,,19.71,18.82,15.81,,,7.51
,,,,,,19.71,18.82,15.81,,,7.51
,,,,,,19.72,18.82,15.82,,,7.51
,,,,,,19.72,18.83,15.82,,,7.51
,,,,,,19.73,18.83,15.82,,,7.51
,,,,,,19.73,18.83,15.82,,,7.51
,,,,,,19.74,18.83,15.82,,,7.51
,,,,,,19.74,18.83,15.83,,,7.52
,,,,,,19.74,18.83,15.83,,,7.52
,,,,,,19.75,18.84,15.83,,,7.52
,,,,,,19.75,18.84,15.83,,,7.52
,,,,,,19.75,18.84,15.83,,,7.52
,,,,,,19.75,18.84,15.83,,,7.52
,,,,,,19.76,18.84,15.84,,,7.52
,,,,,,19.76,18.84,15.84,,,7.52
,,,,,,19.77,18.85,15.84,,,7.52
,,,,,,19.77,18.85,15.84,,,7.52
,,,,,,19.77,18.85,15.85,,,7.52
,,,,,,19.77,18.85,15.85,,,7.52
,,,,,,19.78,18.85,15.85,,,7.52
,,,,,,19.78,18.85,15.85,,,7.52
,,,,,,19.78,18.85,15.85,,,7.52
,,,,,,19.79,18.86,15.85,,,7.52
,,,,,,19.79,18.86,15.86,,,7.52
,,,,,,19.79,18.86,15.86,,,7.53
,,,,,,19.79,18.86,15.86,,,7.53
,,,,,,19.8,18.86,15.86,,,7.53
,,,,,,19.82,18.86,15.86,,,7.53
,,,,,,19.82,18.87,15.86,,,7.54
,,,,,,19.83,18.87,15.86,,,7.54
,,,,,,19.83,18.87,15.86,,,7.54
,,,,,,19.83,18.87,15.87,,,7.54
,,,,,,19.84,18.87,15.87,,,7.54
,,,,,,19.84,18.87,15.87,,,7.54
,,,,,,19.84,18.87,15.87,,,7.54
,,,,,,19.84,18.87,15.87,,,7.54
,,,,,,19.84,18.87,15.87,,,7.54
,,,,,,19.84,18.88,15.88,,,7.54
,,,,,,19.85,18.88,15.88,,,7.54
,,,,,,19.85,18.88,15.88,,,7.54
,,,,,,19.85,18.88,15.88,,,7.54
,,,,,,19.85,18.88,15.88,,,7.54
,,,,,,19.85,18.88,15.88,,,7.54
,,,,,,19.86,18.88,15.89,,,7.54
,,,,,,19.86,18.88,15.89,,,7.55
,,,,,,19.86,18.89,15.98,,,7.55
,,,,,,19.86,18.89,17.38,,,7.55
,,,,,,19.86,18.89,19.15,,,7.55
,,,,,,19.87,18.89,19.25,,,7.55
,,,,,,19.87,18.89,19.21,,,7.55
,,,,,,19.87,18.89,19.19,,,7.55
,,,,,,19.87,18.89,19.03,,,7.55
,,,,,,19.87,18.89,18.64,,,7.55
,,,,,,19.88,18.89,18.55,,,7.55
,,,,,,19.88,18.89,18.6,,,7.55
,,,,,,19.88,18.9,18.63,,,7.55
,,,,,,19.88,18.9,18.64,,,7.55
,,,,,,19.88,18.9,18.64,,,7.55
,,,,,,19.88,18.9,18.65,,,7.55
,,,,,,19.88,19.14,18.65,,,7.55
,,,,,,19.89,20.86,18.66,,,7.55
,,,,,,19.89,22.08,18.66,,,7.55
,,,,,,19.89,22.02,18.66,,,7.55
,,,,,,19.89,21.98,18.67,,,7.55
,,,,,,19.89,21.96,18.67,,,7.55
,,,,,,21.77,21.73,18.7,,,7.55
,,,,,,23.18,21.43,18.7,,,7.55
,,,,,,23.21,21.41,18.71,,,7.55
,,,,,,23.15,21.44,18.71,,,7.55
,,,,,,23.12,21.47,18.71,,,7.55
,,,,,,22.99,21.48,18.72,,,7.55
,,,,,,22.56,21.49,18.72,,,7.55
,,,,,,22.4,21.49,18.72,,,7.55
,,,,,,22.49,21.5,18.72,,,7.75
,,,,,,22.5,21.5,18.73,,,8.68
,,,,,,22.51,21.5,18.73,,,9.14
,,,,,,22.53,21.52,18.73,,,9.09
,,,,,,22.53,21.53,18.74,,,9.06
,,,,,,22.54,21.53,18.74,,,8.9
,,,,,,22.54,21.54,18.74,,,8.69
,,,,,,22.55,21.54,18.74,,,8.67
,,,,,,22.57,21.54,18.75,,,8.69
,,,,,,22.58,21.55,18.75,,,8.71
,,,,,,22.58,21.55,18.75,,,8.71
,,,,,,22.58,21.55,18.75,,,8.72
,,,,,,22.59,21.55,18.76,,,8.73
,,,,,,22.59,21.55,18.76,,,8.73
,,,,,,22.59,21.56,18.76,,,8.73
,,,,,,22.6,21.56,18.76,,,8.73
,,,,,,22.6,21.56,18.76,,,8.74
,,,,,,22.6,21.57,18.77,,,8.73
,,,,,,22.61,21.57,18.77,,,8.74
,,,,,,22.61,21.57,18.77,,,8.74
,,,,,,22.61,21.57,18.77,,,8.74
,,,,,,22.61,21.57,18.77,,,8.74
,,,,,,22.62,21.58,18.78,,,8.74
,,,,,,22.62,21.58,18.78,,,8.74
,,,,,,22.62,21.58,18.78,,,8.74
,,,,,,22.62,21.58,18.78,,,8.74
,,,,,,22.63,21.58,18.78,,,8.74
,,,,,,22.63,21.58,18.79,,,8.75
,,,,,,22.63,21.59,18.8,,,8.75
,,,,,,22.63,21.59,18.81,,,8.75
,,,,,,22.64,21.59,18.81,,,8.75
,,,,,,22.64,21.59,18.82,,,8.75
,,,,,,22.64,21.59,18.82,,,8.75
,,,,,,22.64,21.59,18.82,,,8.75
,,,,,,22.64,21.6,18.82,,,8.75
,,,,,,22.67,21.6,18.82,,,8.75
,,,,,,22.67,21.6,18.82,,,8.75
,,,,,,22.67,21.6,18.83,,,8.75
,,,,,,22.67,21.6,18.83,,,8.75
,,,,,,22.67,21.6,18.83,,,8.76
,,,,,,22.68,21.6,18.83,,,8.76
,,,,,,22.68,21.61,18.83,,,8.76
,,,,,,22.68,21.61,18.83,,,8.76
,,,,,,22.68,21.61,18.83,,,
,,,,,,22.68,21.61,18.84,,,
,,,,,,22.68,21.61,18.84,,,
,,,,,,22.69,21.61,18.84,,,
,,,,,,22.69,21.61,18.84,,,
,,,,,,22.69,21.61,18.84,,,
,,,,,,22.69,21.62,18.84,,,
,,,,,,22.69,21.62,18.84,,,
,,,,,,22.69,21.62,18.85,,,
,,,,,,22.69,21.62,18.85,,,
,,,,,,22.69,21.62,18.85,,,
,,,,,,22.69,21.62,18.85,,,
,,,,,,22.7,21.62,18.85,,,
,,,,,,22.7,21.63,18.85,,,
,,,,,,22.7,21.64,18.85,,,
,,,,,,22.7,21.64,18.85,,,
,,,,,,22.7,21.64,18.85,,,
,,,,,,22.7,21.65,18.86,,,
,,,,,,22.7,21.65,18.86,,,
,,,,,,22.71,21.65,18.86,,,
,,,,,,22.71,21.65,18.86,,,
,,,,,,22.71,21.65,18.86,,,
,,,,,,22.71,21.65,18.86,,,
,,,,,,22.71,21.65,18.86,,,
,,,,,,22.71,21.65,18.86,,,
,,,,,,22.71,21.65,18.87,,,
,,,,,,22.71,21.65,18.87,,,
,,,,,,22.71,21.65,18.87,,,
,,,,,,22.71,21.65,18.87,,,
,,,,,,22.72,21.66,18.87,,,
,,,,,,22.72,21.66,18.87,,,
,,,,,,22.72,21.66,18.87,,,
,,,,,,22.72,21.66,18.87,,,
,,,,,,22.72,21.66,18.87,,,
,,,,,,22.72,21.66,18.88,,,
,,,,,,22.72,21.66,18.88,,,
,,,,,,22.72,21.66,18.88,,,
,,,,,,22.72,21.66,18.88,,,
,,,,,,22.72,21.66,18.88,,,
,,,,,,22.72,21.66,18.88,,,
,,,,,,22.72,21.66,18.88,,,
,,,,,,21.93,13.26,18.88,,,
,,,,,,,4.44,18.88,,,
,,,,,,,2.71,18.88,,,
,,,,,,,2.39,18.88,,,
,,,,,,,2.2,18.88,,,
,,,,,,,2.06,18.89,,,
,,,,,,,1.95,18.89,,,
,,,,,,,1.86,18.89,,,
,,,,,,,,18.95,,,
,,,,,,,,20.1,,,
,,,,,,,,21.95,,,
,,,,,,,,22.12,,,
,,,,,,,,22.08,,,
,,,,,,,,22.0,,,
,,,,,,,,21.62,,,
,,,,,,,,21.37,,,
,,,,,,,,21.39,,,
,,,,,,,,21.41,,,
,,,,,,,,21.43,,,
,,,,,,,,21.45,,,
,,,,,,,,21.47,,,
,,,,,,,,21.48,,,
,,,,,,,,21.48,,,
,,,,,,,,21.49,,,
,,,,,,,,21.49,,,
,,,,,,,,21.49,,,
,,,,,,,,21.5,,,
,,,,,,,,21.5,,,
,,,,,,,,21.5,,,
,,,,,,,,21.51,,,
,,,,,,,,21.51,,,
,,,,,,,,21.51,,,
,,,,,,,,21.51,,,
,,,,,,,,21.52,,,
,,,,,,,,21.52,,,
,,,,,,,,21.53,,,
,,,,,,,,21.54,,,
,,,,,,,,21.55,,,
,,,,,,,,21.55,,,
,,,,,,,,21.55,,,
,,,,,,,,21.56,,,
,,,,,,,,21.56,,,
,,,,,,,,21.56,,,
,,,,,,,,21.56,,,
,,,,,,,,21.56,,,
,,,,,,,,21.56,,,
,,,,,,,,21.57,,,
,,,,,,,,21.57,,,
,,,,,,,,21.57,,,
,,,,,,,,21.57,,,
,,,,,,,,21.57,,,
,,,,,,,,21.58,,,
,,,,,,,,21.58,,,
,,,,,,,,21.58,,,
,,,,,,,,21.58,,,
,,,,,,,,21.58,,,
,,,,,,,,21.58,,,
,,,,,,,,21.59,,,
,,,,,,,,21.59,,,
,,,,,,,,21.59,,,
,,,,,,,,21.59,,,
,,,,,,,,21.59,,,
,,,,,,,,21.59,,,
